C:\Users\ryanz\AppData\Local\Python\pythoncore-3.14-64\Lib\site-packages\modal\_utils\async_utils.py:45: DeprecationWarning: 'asyncio.WindowsSelectorEventLoopPolicy' is deprecated and slated for removal in Python 3.16
  asyncio.set_event_loop_policy(asyncio.WindowsSelectorEventLoopPolicy())
C:\Users\ryanz\AppData\Local\Python\pythoncore-3.14-64\Lib\site-packages\modal\_utils\async_utils.py:45: DeprecationWarning: 'asyncio.set_event_loop_policy' is deprecated and slated for removal in Python 3.16
  asyncio.set_event_loop_policy(asyncio.WindowsSelectorEventLoopPolicy())
✓ Initialized. View run at 
https://modal.com/apps/ryanz090504-star/main/ap-IPfUfhWbrGTHjSrrMF70sr
✓ Created objects.
├── 🔨 Created mount 
│   C:\Users\ryanz\Documents\GitHub\benchquant\kvquant_full\RABIT-KV-upload\ben
│   chmarks\quality\continuation_ppl.py
└── 🔨 Created function run_quality.
GPU: NVIDIA H100 80GB HBM3
Model: Qwen/Qwen2.5-7B-Instruct
Dataset: WikiText-2 test
Context tokens per sample: 1024
Continuation tokens per sample: 128
Independent samples: 32
Total scored continuation tokens per method: 4096
Methods: ['bf16', 'rabit2']
Metric: teacher-forced continuation perplexity
Mode: quality-only prefix-cache quantization with latest all-bit policies
Memory: logical packed prefix-KV storage, including metadata and residuals

2026-09-30 22:12:55,894 | INFO    | modelscope_hub.download | Downloading 15 files from Qwen/Qwen2.5-7B-Instruct@master

[1ADownloading:   0%|          | 0/15 [00:00<?, ?file/s]

[1A
[1A.gitattributes: 0.00B [00:00, ?B/s][A

[1A
[1A                                   [A
[1ADownloading:   7%|▋         | 1/15 [00:00<00:13,  1.02file/s]

[1A
[1Aconfig.json:   0%|          | 0.00/663 [00:00<?, ?B/s][A

[1A
[1A                                                      [A
[1ADownloading:  13%|█▎        | 2/15 [00:01<00:06,  2.04file/s]

[1A
[1ALICENSE: 0.00B [00:00, ?B/s][A

[1A
[1A                            [A

[1A
[1AREADME.md:   0%|          | 0.00/6.24k [00:00<?, ?B/s][A

[1A
[1A                                                      [A
[1ADownloading:  27%|██▋       | 4/15 [00:01<00:02,  4.14file/s]

[1A
[1Ageneration_config.json:   0%|          | 0.00/243 [00:00<?, ?B/s][A

[1A
[1A                                                                 [A
[1ADownloading:  33%|███▎      | 5/15 [00:01<00:02,  3.90file/s]

[1A
[1Amerges.txt: 0.00B [00:00, ?B/s][A


[1A
[1Aconfiguration.json:   0%|          | 0.00/2.00 [00:00<?, ?B/s][A[A



[1A
[1Amodel-00001-of-00004.safetensors:   0%|          | 0.00/3.95G [00:00<?, ?B/s][A[A[A


[1A
[1A                                                              [A[A
[1ADownloading:  40%|████      | 6/15 [00:01<00:01,  4.51file/s]

[1A
[1Amerges.txt: 213kB [00:00, 1.72MB/s][A



[1A
[1Amodel-00001-of-00004.safetensors:   0%|          | 1.05M/3.95G [00:00<08:08, 8.08MB/s][A[A[A

[1A
[1Amerges.txt: 684kB [00:00, 3.16MB/s][A



[1A
[1Amodel-00001-of-00004.safetensors:   0%|          | 3.15M/3.95G [00:00<05:05, 12.9MB/s][A[A[A


[1Amodel-00002-of-00004.safetensors:   0%|          | 0.00/3.86G [00:00<?, ?B/s][A[A

[1Amerges.txt: 1.01MB [00:00, 3.12MB/s][A



[1Amodel-00001-of-00004.safetensors:   0%|          | 6.29M/3.95G [00:00<03:35, 18.3MB/s][A[A[A


[1A
[1Amodel-00002-of-00004.safetensors:   0%|          | 2.10M/3.86G [00:00<03:18, 19.5MB/s][A[A

[1A
[1Amerges.txt: 1.33MB [00:00, 3.07MB/s][A




[1A
[1Amodel-00003-of-00004.safetensors:   0%|          | 0.00/3.86G [00:00<?, ?B/s][A[A[A[A



[1A
[1Amodel-00001-of-00004.safetensors:   0%|          | 10.5M/3.95G [00:00<02:33, 25.6MB/s][A[A[A

[1A
[1A                                    [A


[1A
[1Amodel-00002-of-00004.safetensors:   0%|          | 9.44M/3.86G [00:00<01:21, 47.2MB/s][A[A
[1ADownloading:  47%|████▋     | 7/15 [00:02<00:02,  3.06file/s]



[1A
[1Amodel-00001-of-00004.safetensors:   0%|          | 16.8M/3.95G [00:00<01:48, 36.3MB/s][A[A[A


[1A
[1Amodel-00002-of-00004.safetensors:   0%|          | 17.8M/3.86G [00:00<01:01, 62.7MB/s][A[A



[1Amodel-00001-of-00004.safetensors:   1%|          | 25.2M/3.95G [00:00<01:18, 49.6MB/s][A[A[A


[1Amodel-00002-of-00004.safetensors:   1%|          | 25.2M/3.86G [00:00<01:02, 61.4MB/s][A[A


[1A
[1Amodel-00002-of-00004.safetensors:   1%|          | 31.5M/3.86G [00:00<01:15, 50.7MB/s][A[A




[1Amodel-00003-of-00004.safetensors:   0%|          | 1.05M/3.86G [00:00<31:04, 2.07MB/s][A[A[A[A

[1A
[1Amodel-00004-of-00004.safetensors:   0%|          | 0.00/3.56G [00:00<?, ?B/s][A


[1Amodel-00002-of-00004.safetensors:   1%|          | 37.7M/3.86G [00:00<01:23, 45.6MB/s][A[A




[1Amodel-00003-of-00004.safetensors:   0%|          | 2.10M/3.86G [00:00<18:39, 3.45MB/s][A[A[A[A

[1Amodel-00004-of-00004.safetensors:   0%|          | 2.10M/3.56G [00:00<04:54, 12.1MB/s][A




[1Amodel-00003-of-00004.safetensors:   0%|          | 3.15M/3.86G [00:00<14:59, 4.29MB/s][A[A[A[A


[1Amodel-00002-of-00004.safetensors:   1%|          | 43.0M/3.86G [00:01<01:50, 34.6MB/s][A[A

[1A
[1Amodel-00004-of-00004.safetensors:   0%|          | 4.19M/3.56G [00:00<04:55, 12.0MB/s][A




[1A
[1Amodel-00003-of-00004.safetensors:   0%|          | 4.19M/3.86G [00:00<12:08, 5.30MB/s][A[A[A[A



[1A
[1Amodel-00001-of-00004.safetensors:   1%|          | 30.4M/3.95G [00:01<03:50, 17.0MB/s][A[A[A


[1A
[1Amodel-00002-of-00004.safetensors:   1%|          | 47.2M/3.86G [00:01<02:12, 28.8MB/s][A[A




[1Amodel-00003-of-00004.safetensors:   0%|          | 5.24M/3.86G [00:01<10:33, 6.09MB/s][A[A[A[A

[1A
[1Amodel-00004-of-00004.safetensors:   0%|          | 6.29M/3.56G [00:00<04:45, 12.4MB/s][A




[1Amodel-00003-of-00004.safetensors:   0%|          | 6.29M/3.86G [00:01<09:33, 6.73MB/s][A[A[A[A

[1Amodel-00004-of-00004.safetensors:   0%|          | 8.39M/3.56G [00:00<04:35, 12.9MB/s][A



[1Amodel-00001-of-00004.safetensors:   1%|          | 34.6M/3.95G [00:01<04:03, 16.0MB/s][A[A[A


[1Amodel-00002-of-00004.safetensors:   1%|▏         | 51.4M/3.86G [00:01<02:28, 25.7MB/s][A[A




[1Amodel-00003-of-00004.safetensors:   0%|          | 7.34M/3.86G [00:01<09:04, 7.09MB/s][A[A[A[A

[1Amodel-00004-of-00004.safetensors:   0%|          | 10.5M/3.56G [00:00<04:28, 13.2MB/s][A




[1A
[1Amodel-00003-of-00004.safetensors:   0%|          | 8.39M/3.86G [00:01<09:07, 7.05MB/s][A[A[A[A


[1Amodel-00002-of-00004.safetensors:   1%|▏         | 54.5M/3.86G [00:01<02:52, 22.1MB/s][A[A



[1Amodel-00001-of-00004.safetensors:   1%|          | 37.7M/3.95G [00:02<04:24, 14.8MB/s][A[A[A

[1Amodel-00004-of-00004.safetensors:   0%|          | 12.6M/3.56G [00:00<04:18, 13.7MB/s][A




[1Amodel-00003-of-00004.safetensors:   0%|          | 9.44M/3.86G [00:01<08:53, 7.22MB/s][A[A[A[A

[1A
[1Amodel-00004-of-00004.safetensors:   0%|          | 14.7M/3.56G [00:01<04:08, 14.3MB/s][A


[1A
[1Amodel-00002-of-00004.safetensors:   1%|▏         | 57.7M/3.86G [00:01<03:10, 20.0MB/s][A[A




[1Amodel-00003-of-00004.safetensors:   0%|          | 10.5M/3.86G [00:01<08:35, 7.47MB/s][A[A[A[A



[1A
[1Amodel-00001-of-00004.safetensors:   1%|          | 40.9M/3.95G [00:02<04:38, 14.0MB/s][A[A[A

[1A
[1Amodel-00004-of-00004.safetensors:   0%|          | 16.8M/3.56G [00:01<04:00, 14.7MB/s][A




[1A
[1Amodel-00003-of-00004.safetensors:   0%|          | 11.5M/3.86G [00:01<08:12, 7.82MB/s][A[A[A[A


[1Amodel-00002-of-00004.safetensors:   2%|▏         | 60.8M/3.86G [00:02<03:19, 19.1MB/s][A[A

[1A
[1Amodel-00004-of-00004.safetensors:   1%|          | 18.9M/3.56G [00:01<03:51, 15.3MB/s][A



[1A
[1Amodel-00001-of-00004.safetensors:   1%|          | 43.0M/3.95G [00:02<04:42, 13.8MB/s][A[A[A




[1Amodel-00003-of-00004.safetensors:   0%|          | 12.6M/3.86G [00:02<07:52, 8.16MB/s][A[A[A[A


[1Amodel-00002-of-00004.safetensors:   2%|▏         | 62.9M/3.86G [00:02<03:25, 18.5MB/s][A[A

[1A
[1Amodel-00004-of-00004.safetensors:   1%|          | 21.0M/3.56G [00:01<03:45, 15.7MB/s][A




[1A
[1Amodel-00003-of-00004.safetensors:   0%|          | 13.6M/3.86G [00:02<07:24, 8.66MB/s][A[A[A[A



[1A
[1Amodel-00001-of-00004.safetensors:   1%|          | 45.1M/3.95G [00:02<04:45, 13.7MB/s][A[A[A


[1A
[1Amodel-00002-of-00004.safetensors:   2%|▏         | 65.0M/3.86G [00:02<03:28, 18.2MB/s][A[A

[1A
[1Amodel-00004-of-00004.safetensors:   1%|          | 23.1M/3.56G [00:01<03:38, 16.2MB/s][A




[1A
[1Amodel-00003-of-00004.safetensors:   0%|          | 14.7M/3.86G [00:02<07:06, 9.02MB/s][A[A[A[A


[1Amodel-00002-of-00004.safetensors:   2%|▏         | 67.1M/3.86G [00:02<03:27, 18.3MB/s][A[A



[1A
[1Amodel-00001-of-00004.safetensors:   1%|          | 47.2M/3.95G [00:02<04:43, 13.8MB/s][A[A[A




[1A
[1Amodel-00003-of-00004.safetensors:   0%|          | 15.7M/3.86G [00:02<06:52, 9.33MB/s][A[A[A[A

[1Amodel-00004-of-00004.safetensors:   1%|          | 25.2M/3.56G [00:01<03:30, 16.8MB/s][A


[1A
[1Amodel-00002-of-00004.safetensors:   2%|▏         | 69.2M/3.86G [00:02<03:26, 18.3MB/s][A[A



[1A
[1Amodel-00001-of-00004.safetensors:   1%|          | 49.3M/3.95G [00:02<04:39, 13.9MB/s][A[A[A

[1A
[1Amodel-00004-of-00004.safetensors:   1%|          | 27.3M/3.56G [00:01<03:25, 17.2MB/s][A




[1A
[1Amodel-00003-of-00004.safetensors:   0%|          | 17.8M/3.86G [00:02<06:17, 10.2MB/s][A[A[A[A


[1A
[1Amodel-00002-of-00004.safetensors:   2%|▏         | 71.3M/3.86G [00:02<03:27, 18.3MB/s][A[A

[1Amodel-00004-of-00004.safetensors:   1%|          | 29.4M/3.56G [00:01<03:20, 17.6MB/s][A



[1A
[1Amodel-00001-of-00004.safetensors:   1%|▏         | 51.4M/3.95G [00:03<04:33, 14.2MB/s][A[A[A


[1Amodel-00002-of-00004.safetensors:   2%|▏         | 73.4M/3.86G [00:02<03:23, 18.7MB/s][A[A

[1A
[1Amodel-00004-of-00004.safetensors:   1%|          | 31.5M/3.56G [00:02<03:14, 18.1MB/s][A




[1Amodel-00003-of-00004.safetensors:   1%|          | 19.9M/3.86G [00:02<05:53, 10.9MB/s][A[A[A[A



[1A
[1Amodel-00001-of-00004.safetensors:   1%|▏         | 53.5M/3.95G [00:03<04:25, 14.6MB/s][A[A[A


[1A
[1Amodel-00002-of-00004.safetensors:   2%|▏         | 75.5M/3.86G [00:02<03:18, 19.0MB/s][A[A

[1Amodel-00004-of-00004.safetensors:   1%|          | 33.6M/3.56G [00:02<03:08, 18.7MB/s][A


[1Amodel-00002-of-00004.safetensors:   2%|▏         | 77.6M/3.86G [00:02<03:15, 19.4MB/s][A[A



[1A
[1Amodel-00001-of-00004.safetensors:   1%|▏         | 55.6M/3.95G [00:03<04:17, 15.1MB/s][A[A[A




[1A
[1Amodel-00003-of-00004.safetensors:   1%|          | 22.0M/3.86G [00:02<05:33, 11.5MB/s][A[A[A[A

[1A
[1Amodel-00004-of-00004.safetensors:   1%|          | 35.7M/3.56G [00:02<03:04, 19.1MB/s][A


[1A
[1Amodel-00002-of-00004.safetensors:   2%|▏         | 79.7M/3.86G [00:03<03:12, 19.7MB/s][A[A



[1A
[1Amodel-00001-of-00004.safetensors:   1%|▏         | 57.7M/3.95G [00:03<04:10, 15.5MB/s][A[A[A

[1A
[1Amodel-00004-of-00004.safetensors:   1%|          | 37.7M/3.56G [00:02<03:00, 19.5MB/s][A




[1Amodel-00003-of-00004.safetensors:   1%|          | 24.1M/3.86G [00:03<05:25, 11.8MB/s][A[A[A[A


[1A
[1Amodel-00002-of-00004.safetensors:   2%|▏         | 81.8M/3.86G [00:03<03:10, 19.8MB/s][A[A

[1A
[1Amodel-00004-of-00004.safetensors:   1%|          | 39.8M/3.56G [00:02<02:57, 19.8MB/s][A



[1Amodel-00001-of-00004.safetensors:   2%|▏         | 59.8M/3.95G [00:03<04:24, 14.7MB/s][A[A[A


[1A
[1Amodel-00002-of-00004.safetensors:   2%|▏         | 83.9M/3.86G [00:03<03:29, 18.1MB/s][A[A

[1Amodel-00004-of-00004.safetensors:   1%|          | 43.0M/3.56G [00:02<02:51, 20.5MB/s][A




[1Amodel-00003-of-00004.safetensors:   1%|          | 26.2M/3.86G [00:03<06:25, 9.95MB/s][A[A[A[A



[1A
[1Amodel-00001-of-00004.safetensors:   2%|▏         | 61.9M/3.95G [00:03<04:36, 14.1MB/s][A[A[A


[1Amodel-00002-of-00004.safetensors:   2%|▏         | 86.0M/3.86G [00:03<03:39, 17.2MB/s][A[A

[1Amodel-00004-of-00004.safetensors:   1%|▏         | 46.1M/3.56G [00:02<02:46, 21.1MB/s][A




[1A
[1Amodel-00003-of-00004.safetensors:   1%|          | 27.3M/3.86G [00:03<06:45, 9.45MB/s][A[A[A[A


[1A
[1Amodel-00002-of-00004.safetensors:   2%|▏         | 88.1M/3.86G [00:03<03:40, 17.1MB/s][A[A



[1A
[1Amodel-00001-of-00004.safetensors:   2%|▏         | 64.0M/3.95G [00:03<04:42, 13.8MB/s][A[A[A

[1A
[1Amodel-00004-of-00004.safetensors:   1%|▏         | 49.3M/3.56G [00:02<02:42, 21.6MB/s][A




[1A
[1Amodel-00003-of-00004.safetensors:   1%|          | 28.3M/3.86G [00:03<06:54, 9.25MB/s][A[A[A[A


[1A
[1Amodel-00002-of-00004.safetensors:   2%|▏         | 90.2M/3.86G [00:03<03:43, 16.9MB/s][A[A



[1A
[1Amodel-00001-of-00004.safetensors:   2%|▏         | 66.1M/3.95G [00:04<04:42, 13.7MB/s][A[A[A

[1A
[1Amodel-00004-of-00004.safetensors:   1%|▏         | 52.4M/3.56G [00:03<02:38, 22.1MB/s][A




[1A
[1Amodel-00003-of-00004.safetensors:   1%|          | 29.4M/3.86G [00:03<06:56, 9.20MB/s][A[A[A[A


[1A
[1Amodel-00002-of-00004.safetensors:   2%|▏         | 92.3M/3.86G [00:03<03:48, 16.5MB/s][A[A



[1Amodel-00001-of-00004.safetensors:   2%|▏         | 68.2M/3.95G [00:04<04:37, 14.0MB/s][A[A[A

[1A
[1Amodel-00004-of-00004.safetensors:   2%|▏         | 55.6M/3.56G [00:03<02:34, 22.6MB/s][A




[1A
[1Amodel-00003-of-00004.safetensors:   1%|          | 30.4M/3.86G [00:03<06:52, 9.29MB/s][A[A[A[A


[1A
[1Amodel-00002-of-00004.safetensors:   2%|▏         | 94.4M/3.86G [00:04<04:12, 15.0MB/s][A[A




[1Amodel-00003-of-00004.safetensors:   1%|          | 31.5M/3.86G [00:03<06:45, 9.45MB/s][A[A[A[A



[1A
[1Amodel-00001-of-00004.safetensors:   2%|▏         | 70.3M/3.95G [00:04<04:34, 14.1MB/s][A[A[A

[1A
[1Amodel-00004-of-00004.safetensors:   2%|▏         | 58.7M/3.56G [00:03<02:30, 23.2MB/s][A


[1A
[1Amodel-00002-of-00004.safetensors:   2%|▏         | 96.5M/3.86G [00:04<04:21, 14.4MB/s][A[A

[1A
[1Amodel-00004-of-00004.safetensors:   2%|▏         | 61.9M/3.56G [00:03<02:26, 23.8MB/s][A



[1A
[1Amodel-00001-of-00004.safetensors:   2%|▏         | 72.4M/3.95G [00:04<04:27, 14.5MB/s][A[A[A




[1A
[1Amodel-00003-of-00004.safetensors:   1%|          | 33.6M/3.86G [00:04<06:27, 9.89MB/s][A[A[A[A

[1Amodel-00004-of-00004.safetensors:   2%|▏         | 65.0M/3.56G [00:03<02:24, 24.2MB/s][A



[1A
[1Amodel-00001-of-00004.safetensors:   2%|▏         | 74.4M/3.95G [00:04<04:20, 14.8MB/s][A[A[A


[1A
[1Amodel-00002-of-00004.safetensors:   3%|▎         | 98.6M/3.86G [00:04<04:27, 14.1MB/s][A[A




[1A
[1Amodel-00003-of-00004.safetensors:   1%|          | 35.7M/3.86G [00:04<06:09, 10.4MB/s][A[A[A[A

[1Amodel-00004-of-00004.safetensors:   2%|▏         | 68.2M/3.56G [00:03<02:21, 24.6MB/s][A



[1A
[1Amodel-00001-of-00004.safetensors:   2%|▏         | 76.5M/3.95G [00:04<04:11, 15.4MB/s][A[A[A


[1A
[1Amodel-00002-of-00004.safetensors:   3%|▎         | 101M/3.86G [00:04<04:27, 14.1MB/s] [A[A

[1A
[1Amodel-00004-of-00004.safetensors:   2%|▏         | 71.3M/3.56G [00:03<02:18, 25.1MB/s][A



[1A
[1Amodel-00001-of-00004.safetensors:   2%|▏         | 78.6M/3.95G [00:04<04:04, 15.8MB/s][A[A[A




[1A
[1Amodel-00003-of-00004.safetensors:   1%|          | 37.7M/3.86G [00:04<05:48, 11.0MB/s][A[A[A[A


[1Amodel-00002-of-00004.safetensors:   3%|▎         | 103M/3.86G [00:04<04:19, 14.5MB/s][A[A

[1Amodel-00004-of-00004.safetensors:   2%|▏         | 74.4M/3.56G [00:03<02:14, 25.9MB/s][A



[1Amodel-00001-of-00004.safetensors:   2%|▏         | 80.7M/3.95G [00:05<03:57, 16.3MB/s][A[A[A




[1A
[1Amodel-00003-of-00004.safetensors:   1%|          | 39.8M/3.86G [00:04<05:30, 11.6MB/s][A[A[A[A


[1A
[1Amodel-00002-of-00004.safetensors:   3%|▎         | 105M/3.86G [00:04<04:16, 14.7MB/s][A[A

[1A
[1Amodel-00004-of-00004.safetensors:   2%|▏         | 77.6M/3.56G [00:04<02:12, 26.4MB/s][A



[1Amodel-00001-of-00004.safetensors:   2%|▏         | 82.8M/3.95G [00:05<03:51, 16.7MB/s][A[A[A


[1A
[1Amodel-00002-of-00004.safetensors:   3%|▎         | 107M/3.86G [00:04<04:10, 15.0MB/s][A[A

[1A
[1Amodel-00004-of-00004.safetensors:   2%|▏         | 80.7M/3.56G [00:04<02:10, 26.6MB/s][A




[1Amodel-00003-of-00004.safetensors:   1%|          | 41.9M/3.86G [00:04<05:14, 12.2MB/s][A[A[A[A



[1Amodel-00001-of-00004.safetensors:   2%|▏         | 84.9M/3.95G [00:05<03:44, 17.2MB/s][A[A[A

[1A
[1Amodel-00004-of-00004.safetensors:   2%|▏         | 83.9M/3.56G [00:04<02:07, 27.3MB/s][A


[1A
[1Amodel-00002-of-00004.safetensors:   3%|▎         | 109M/3.86G [00:05<04:03, 15.5MB/s][A[A



[1A
[1Amodel-00001-of-00004.safetensors:   2%|▏         | 87.0M/3.95G [00:05<03:39, 17.6MB/s][A[A[A




[1A
[1Amodel-00003-of-00004.safetensors:   1%|          | 44.0M/3.86G [00:04<04:59, 12.7MB/s][A[A[A[A

[1Amodel-00004-of-00004.safetensors:   2%|▏         | 87.0M/3.56G [00:04<02:05, 27.6MB/s][A


[1A
[1Amodel-00002-of-00004.safetensors:   3%|▎         | 111M/3.86G [00:05<03:54, 16.0MB/s][A[A



[1A
[1Amodel-00001-of-00004.safetensors:   2%|▏         | 89.1M/3.95G [00:05<03:41, 17.4MB/s][A[A[A

[1A
[1Amodel-00004-of-00004.safetensors:   3%|▎         | 90.2M/3.56G [00:04<02:02, 28.3MB/s][A




[1Amodel-00003-of-00004.safetensors:   1%|          | 46.1M/3.86G [00:05<04:58, 12.8MB/s][A[A[A[A



[1A
[1Amodel-00001-of-00004.safetensors:   2%|▏         | 91.2M/3.95G [00:05<03:52, 16.6MB/s][A[A[A


[1A
[1Amodel-00002-of-00004.safetensors:   3%|▎         | 113M/3.86G [00:05<04:15, 14.7MB/s][A[A

[1Amodel-00004-of-00004.safetensors:   3%|▎         | 93.3M/3.56G [00:04<02:00, 28.7MB/s][A




[1Amodel-00003-of-00004.safetensors:   1%|          | 48.2M/3.86G [00:05<05:12, 12.2MB/s][A[A[A[A

[1Amodel-00004-of-00004.safetensors:   3%|▎         | 96.5M/3.56G [00:04<01:58, 29.1MB/s][A



[1A
[1Amodel-00001-of-00004.safetensors:   2%|▏         | 93.3M/3.95G [00:05<04:03, 15.8MB/s][A[A[A


[1A
[1Amodel-00002-of-00004.safetensors:   3%|▎         | 115M/3.86G [00:05<04:23, 14.2MB/s][A[A

[1A
[1Amodel-00004-of-00004.safetensors:   3%|▎         | 99.6M/3.56G [00:04<01:57, 29.4MB/s][A




[1A
[1Amodel-00003-of-00004.safetensors:   1%|▏         | 50.3M/3.86G [00:05<05:15, 12.1MB/s][A[A[A[A



[1A
[1Amodel-00001-of-00004.safetensors:   2%|▏         | 95.4M/3.95G [00:05<04:08, 15.5MB/s][A[A[A


[1Amodel-00002-of-00004.safetensors:   3%|▎         | 117M/3.86G [00:05<04:27, 14.0MB/s][A[A

[1Amodel-00004-of-00004.safetensors:   3%|▎         | 103M/3.56G [00:04<01:56, 29.7MB/s] [A



[1Amodel-00001-of-00004.safetensors:   2%|▏         | 97.5M/3.95G [00:06<04:10, 15.4MB/s][A[A[A

[1Amodel-00004-of-00004.safetensors:   3%|▎         | 106M/3.56G [00:04<01:55, 30.0MB/s][A




[1A
[1Amodel-00003-of-00004.safetensors:   1%|▏         | 52.4M/3.86G [00:05<05:11, 12.3MB/s][A[A[A[A


[1A
[1Amodel-00002-of-00004.safetensors:   3%|▎         | 120M/3.86G [00:05<04:27, 14.0MB/s][A[A



[1A
[1Amodel-00001-of-00004.safetensors:   3%|▎         | 99.6M/3.95G [00:06<04:07, 15.5MB/s][A[A[A

[1A
[1Amodel-00004-of-00004.safetensors:   3%|▎         | 110M/3.56G [00:05<01:52, 30.7MB/s][A


[1A
[1Amodel-00002-of-00004.safetensors:   3%|▎         | 122M/3.86G [00:05<04:21, 14.3MB/s][A[A




[1Amodel-00003-of-00004.safetensors:   1%|▏         | 54.5M/3.86G [00:05<05:03, 12.6MB/s][A[A[A[A



[1Amodel-00001-of-00004.safetensors:   3%|▎         | 102M/3.95G [00:06<04:04, 15.7MB/s] [A[A[A

[1A
[1Amodel-00004-of-00004.safetensors:   3%|▎         | 114M/3.56G [00:05<01:49, 31.3MB/s][A


[1A
[1Amodel-00002-of-00004.safetensors:   3%|▎         | 124M/3.86G [00:06<04:16, 14.6MB/s][A[A




[1A
[1Amodel-00003-of-00004.safetensors:   1%|▏         | 56.6M/3.86G [00:05<04:53, 13.0MB/s][A[A[A[A

[1A
[1Amodel-00004-of-00004.safetensors:   3%|▎         | 118M/3.56G [00:05<01:47, 31.9MB/s][A



[1A
[1Amodel-00001-of-00004.safetensors:   3%|▎         | 104M/3.95G [00:06<04:07, 15.5MB/s][A[A[A




[1A
[1Amodel-00003-of-00004.safetensors:   2%|▏         | 58.7M/3.86G [00:06<05:47, 11.0MB/s][A[A[A[A



[1Amodel-00001-of-00004.safetensors:   3%|▎         | 106M/3.95G [00:06<05:11, 12.3MB/s][A[A[A

[1Amodel-00004-of-00004.safetensors:   3%|▎         | 123M/3.56G [00:05<02:23, 24.0MB/s][A


[1A
[1Amodel-00002-of-00004.safetensors:   3%|▎         | 126M/3.86G [00:06<06:09, 10.1MB/s][A[A




[1A
[1Amodel-00003-of-00004.safetensors:   2%|▏         | 60.8M/3.86G [00:06<05:27, 11.6MB/s][A[A[A[A

[1Amodel-00004-of-00004.safetensors:   4%|▎         | 126M/3.56G [00:05<02:15, 25.4MB/s][A


[1A
[1Amodel-00002-of-00004.safetensors:   3%|▎         | 129M/3.86G [00:06<04:46, 13.0MB/s][A[A



[1Amodel-00001-of-00004.safetensors:   3%|▎         | 108M/3.95G [00:06<05:13, 12.2MB/s][A[A[A

[1A
[1Amodel-00004-of-00004.safetensors:   4%|▎         | 130M/3.56G [00:05<02:05, 27.4MB/s][A




[1A
[1Amodel-00003-of-00004.safetensors:   2%|▏         | 62.9M/3.86G [00:06<05:28, 11.6MB/s][A[A[A[A


[1A
[1Amodel-00002-of-00004.safetensors:   3%|▎         | 131M/3.86G [00:06<04:45, 13.1MB/s][A[A



[1A
[1Amodel-00001-of-00004.safetensors:   3%|▎         | 110M/3.95G [00:07<05:02, 12.7MB/s][A[A[A

[1A
[1Amodel-00004-of-00004.safetensors:   4%|▍         | 134M/3.56G [00:05<01:56, 29.4MB/s][A




[1A
[1Amodel-00003-of-00004.safetensors:   2%|▏         | 65.0M/3.86G [00:06<05:19, 11.9MB/s][A[A[A[A


[1A
[1Amodel-00002-of-00004.safetensors:   3%|▎         | 133M/3.86G [00:06<04:43, 13.2MB/s][A[A



[1A
[1Amodel-00001-of-00004.safetensors:   3%|▎         | 112M/3.95G [00:07<04:53, 13.1MB/s][A[A[A

[1A
[1Amodel-00004-of-00004.safetensors:   4%|▍         | 138M/3.56G [00:06<01:50, 31.0MB/s][A

[1Amodel-00004-of-00004.safetensors:   4%|▍         | 143M/3.56G [00:06<01:45, 32.3MB/s][A




[1A
[1Amodel-00003-of-00004.safetensors:   2%|▏         | 67.1M/3.86G [00:06<05:09, 12.3MB/s][A[A[A[A


[1A
[1Amodel-00002-of-00004.safetensors:   4%|▎         | 135M/3.86G [00:06<04:36, 13.5MB/s][A[A



[1A
[1Amodel-00001-of-00004.safetensors:   3%|▎         | 114M/3.95G [00:07<04:44, 13.4MB/s][A[A[A

[1Amodel-00004-of-00004.safetensors:   4%|▍         | 147M/3.56G [00:06<01:42, 33.3MB/s][A




[1A
[1Amodel-00003-of-00004.safetensors:   2%|▏         | 69.2M/3.86G [00:06<04:58, 12.7MB/s][A[A[A[A


[1A
[1Amodel-00002-of-00004.safetensors:   4%|▎         | 137M/3.86G [00:07<04:28, 13.9MB/s][A[A



[1A
[1Amodel-00001-of-00004.safetensors:   3%|▎         | 116M/3.95G [00:07<04:34, 13.9MB/s][A[A[A

[1A
[1Amodel-00004-of-00004.safetensors:   4%|▍         | 151M/3.56G [00:06<01:39, 34.3MB/s][A



[1Amodel-00001-of-00004.safetensors:   3%|▎         | 118M/3.95G [00:07<04:25, 14.4MB/s][A[A[A




[1A
[1Amodel-00003-of-00004.safetensors:   2%|▏         | 71.3M/3.86G [00:07<04:46, 13.2MB/s][A[A[A[A


[1Amodel-00002-of-00004.safetensors:   4%|▎         | 139M/3.86G [00:07<04:22, 14.2MB/s][A[A

[1A
[1Amodel-00004-of-00004.safetensors:   4%|▍         | 155M/3.56G [00:06<01:37, 35.0MB/s][A



[1A
[1Amodel-00001-of-00004.safetensors:   3%|▎         | 121M/3.95G [00:07<04:17, 14.9MB/s][A[A[A


[1A
[1Amodel-00002-of-00004.safetensors:   4%|▎         | 142M/3.86G [00:07<04:13, 14.7MB/s][A[A




[1A
[1Amodel-00003-of-00004.safetensors:   2%|▏         | 73.4M/3.86G [00:07<04:35, 13.8MB/s][A[A[A[A

[1A
[1Amodel-00004-of-00004.safetensors:   4%|▍         | 159M/3.56G [00:06<01:34, 35.8MB/s][A



[1Amodel-00001-of-00004.safetensors:   3%|▎         | 123M/3.95G [00:07<04:09, 15.3MB/s][A[A[A


[1Amodel-00002-of-00004.safetensors:   4%|▎         | 144M/3.86G [00:07<04:05, 15.2MB/s][A[A

[1A
[1Amodel-00004-of-00004.safetensors:   5%|▍         | 164M/3.56G [00:06<01:32, 36.5MB/s][A




[1A
[1Amodel-00003-of-00004.safetensors:   2%|▏         | 75.5M/3.86G [00:07<04:25, 14.3MB/s][A[A[A[A

[1A
[1Amodel-00004-of-00004.safetensors:   5%|▍         | 168M/3.56G [00:06<01:30, 37.3MB/s][A



[1Amodel-00001-of-00004.safetensors:   3%|▎         | 125M/3.95G [00:07<04:01, 15.8MB/s][A[A[A


[1A
[1Amodel-00002-of-00004.safetensors:   4%|▍         | 146M/3.86G [00:07<03:56, 15.7MB/s][A[A




[1Amodel-00003-of-00004.safetensors:   2%|▏         | 77.6M/3.86G [00:07<04:13, 14.9MB/s][A[A[A[A

[1A
[1Amodel-00004-of-00004.safetensors:   5%|▍         | 172M/3.56G [00:06<01:29, 38.0MB/s][A



[1Amodel-00001-of-00004.safetensors:   3%|▎         | 127M/3.95G [00:08<03:53, 16.4MB/s][A[A[A


[1A
[1Amodel-00002-of-00004.safetensors:   4%|▍         | 148M/3.86G [00:07<03:49, 16.2MB/s][A[A




[1A
[1Amodel-00003-of-00004.safetensors:   2%|▏         | 79.7M/3.86G [00:07<04:04, 15.5MB/s][A[A[A[A

[1A
[1Amodel-00004-of-00004.safetensors:   5%|▍         | 176M/3.56G [00:07<01:28, 38.4MB/s][A



[1A
[1Amodel-00001-of-00004.safetensors:   3%|▎         | 129M/3.95G [00:08<04:04, 15.6MB/s][A[A[A


[1A
[1Amodel-00002-of-00004.safetensors:   4%|▍         | 150M/3.86G [00:07<03:58, 15.6MB/s][A[A




[1A
[1Amodel-00003-of-00004.safetensors:   2%|▏         | 81.8M/3.86G [00:07<04:20, 14.5MB/s][A[A[A[A

[1Amodel-00004-of-00004.safetensors:   5%|▌         | 180M/3.56G [00:07<01:26, 38.9MB/s][A

[1A
[1Amodel-00004-of-00004.safetensors:   5%|▌         | 185M/3.56G [00:07<01:25, 39.4MB/s][A



[1A
[1Amodel-00001-of-00004.safetensors:   3%|▎         | 131M/3.95G [00:08<04:17, 14.8MB/s][A[A[A


[1Amodel-00002-of-00004.safetensors:   4%|▍         | 152M/3.86G [00:08<04:12, 14.7MB/s][A[A




[1A
[1Amodel-00003-of-00004.safetensors:   2%|▏         | 83.9M/3.86G [00:07<04:31, 13.9MB/s][A[A[A[A

[1A
[1Amodel-00004-of-00004.safetensors:   5%|▌         | 189M/3.56G [00:07<01:24, 39.8MB/s][A



[1Amodel-00001-of-00004.safetensors:   3%|▎         | 133M/3.95G [00:08<04:24, 14.4MB/s][A[A[A


[1A
[1Amodel-00002-of-00004.safetensors:   4%|▍         | 154M/3.86G [00:08<04:17, 14.4MB/s][A[A

[1Amodel-00004-of-00004.safetensors:   5%|▌         | 193M/3.56G [00:07<01:23, 40.0MB/s][A




[1A
[1Amodel-00003-of-00004.safetensors:   2%|▏         | 86.0M/3.86G [00:08<04:34, 13.8MB/s][A[A[A[A

[1A
[1Amodel-00004-of-00004.safetensors:   6%|▌         | 197M/3.56G [00:07<01:23, 40.3MB/s][A



[1Amodel-00001-of-00004.safetensors:   3%|▎         | 135M/3.95G [00:08<04:25, 14.3MB/s][A[A[A


[1A
[1Amodel-00002-of-00004.safetensors:   4%|▍         | 156M/3.86G [00:08<04:20, 14.2MB/s][A[A




[1A
[1Amodel-00003-of-00004.safetensors:   2%|▏         | 88.1M/3.86G [00:08<04:32, 13.8MB/s][A[A[A[A

[1A
[1Amodel-00004-of-00004.safetensors:   6%|▌         | 201M/3.56G [00:07<01:22, 40.5MB/s][A


[1A
[1Amodel-00002-of-00004.safetensors:   4%|▍         | 158M/3.86G [00:08<04:14, 14.6MB/s][A[A



[1A
[1Amodel-00001-of-00004.safetensors:   3%|▎         | 137M/3.95G [00:08<04:23, 14.4MB/s][A[A[A




[1A
[1Amodel-00003-of-00004.safetensors:   2%|▏         | 90.2M/3.86G [00:08<04:29, 14.0MB/s][A[A[A[A

[1A
[1Amodel-00004-of-00004.safetensors:   6%|▌         | 206M/3.56G [00:07<01:22, 40.6MB/s][A



[1A
[1Amodel-00001-of-00004.safetensors:   4%|▎         | 139M/3.95G [00:08<04:22, 14.5MB/s][A[A[A


[1A
[1Amodel-00002-of-00004.safetensors:   4%|▍         | 160M/3.86G [00:08<04:20, 14.2MB/s][A[A

[1A
[1Amodel-00004-of-00004.safetensors:   6%|▌         | 211M/3.56G [00:07<01:21, 41.3MB/s][A




[1A
[1Amodel-00003-of-00004.safetensors:   2%|▏         | 92.3M/3.86G [00:08<04:37, 13.6MB/s][A[A[A[A

[1Amodel-00004-of-00004.safetensors:   6%|▌         | 216M/3.56G [00:08<01:21, 41.0MB/s][A



[1A
[1Amodel-00001-of-00004.safetensors:   4%|▎         | 142M/3.95G [00:09<04:50, 13.1MB/s][A[A[A




[1A
[1Amodel-00003-of-00004.safetensors:   2%|▏         | 94.4M/3.86G [00:08<04:59, 12.6MB/s][A[A[A[A


[1A
[1Amodel-00002-of-00004.safetensors:   4%|▍         | 163M/3.86G [00:08<05:19, 11.6MB/s][A[A

[1A
[1Amodel-00004-of-00004.safetensors:   6%|▌         | 221M/3.56G [00:08<01:19, 41.9MB/s][A



[1Amodel-00001-of-00004.safetensors:   4%|▎         | 144M/3.95G [00:09<04:59, 12.7MB/s][A[A[A

[1Amodel-00004-of-00004.safetensors:   6%|▋         | 226M/3.56G [00:08<01:18, 42.7MB/s][A


[1Amodel-00002-of-00004.safetensors:   4%|▍         | 165M/3.86G [00:09<05:13, 11.8MB/s][A[A




[1Amodel-00003-of-00004.safetensors:   2%|▏         | 96.5M/3.86G [00:08<05:03, 12.4MB/s][A[A[A[A

[1A
[1Amodel-00004-of-00004.safetensors:   7%|▋         | 232M/3.56G [00:08<01:16, 43.3MB/s][A



[1A
[1Amodel-00001-of-00004.safetensors:   4%|▎         | 146M/3.95G [00:09<05:02, 12.6MB/s][A[A[A




[1A
[1Amodel-00003-of-00004.safetensors:   3%|▎         | 98.6M/3.86G [00:09<04:59, 12.6MB/s][A[A[A[A


[1A
[1Amodel-00002-of-00004.safetensors:   4%|▍         | 167M/3.86G [00:09<05:07, 12.0MB/s][A[A

[1A
[1Amodel-00004-of-00004.safetensors:   7%|▋         | 237M/3.56G [00:08<01:16, 43.7MB/s][A



[1A
[1Amodel-00001-of-00004.safetensors:   4%|▎         | 148M/3.95G [00:09<04:58, 12.7MB/s][A[A[A

[1A
[1Amodel-00004-of-00004.safetensors:   7%|▋         | 242M/3.56G [00:08<01:14, 44.3MB/s][A


[1Amodel-00002-of-00004.safetensors:   4%|▍         | 169M/3.86G [00:09<04:56, 12.5MB/s][A[A




[1Amodel-00003-of-00004.safetensors:   3%|▎         | 101M/3.86G [00:09<04:53, 12.8MB/s] [A[A[A[A



[1A
[1Amodel-00001-of-00004.safetensors:   4%|▍         | 150M/3.95G [00:09<04:52, 13.0MB/s][A[A[A

[1Amodel-00004-of-00004.safetensors:   7%|▋         | 247M/3.56G [00:08<01:14, 44.6MB/s][A


[1A
[1Amodel-00002-of-00004.safetensors:   4%|▍         | 171M/3.86G [00:09<04:45, 12.9MB/s][A[A




[1A
[1Amodel-00003-of-00004.safetensors:   3%|▎         | 103M/3.86G [00:09<04:45, 13.2MB/s][A[A[A[A

[1Amodel-00004-of-00004.safetensors:   7%|▋         | 253M/3.56G [00:08<01:13, 45.1MB/s][A



[1Amodel-00001-of-00004.safetensors:   4%|▍         | 152M/3.95G [00:09<04:45, 13.3MB/s][A[A[A


[1Amodel-00002-of-00004.safetensors:   4%|▍         | 173M/3.86G [00:09<04:35, 13.4MB/s][A[A




[1A
[1Amodel-00003-of-00004.safetensors:   3%|▎         | 105M/3.86G [00:09<04:35, 13.6MB/s][A[A[A[A

[1Amodel-00004-of-00004.safetensors:   7%|▋         | 258M/3.56G [00:08<01:12, 45.7MB/s][A



[1A
[1Amodel-00001-of-00004.safetensors:   4%|▍         | 154M/3.95G [00:10<04:35, 13.7MB/s][A[A[A




[1A
[1Amodel-00003-of-00004.safetensors:   3%|▎         | 107M/3.86G [00:09<04:26, 14.1MB/s][A[A[A[A


[1A
[1Amodel-00002-of-00004.safetensors:   5%|▍         | 175M/3.86G [00:09<04:26, 13.8MB/s][A[A

[1Amodel-00004-of-00004.safetensors:   7%|▋         | 263M/3.56G [00:09<01:11, 45.9MB/s][A



[1A
[1Amodel-00001-of-00004.safetensors:   4%|▍         | 156M/3.95G [00:10<04:27, 14.1MB/s][A[A[A

[1A
[1Amodel-00004-of-00004.safetensors:   8%|▊         | 268M/3.56G [00:09<01:10, 46.9MB/s][A




[1Amodel-00003-of-00004.safetensors:   3%|▎         | 109M/3.86G [00:09<04:16, 14.6MB/s][A[A[A[A


[1A
[1Amodel-00002-of-00004.safetensors:   5%|▍         | 177M/3.86G [00:09<04:16, 14.4MB/s][A[A



[1A
[1Amodel-00001-of-00004.safetensors:   4%|▍         | 158M/3.95G [00:10<04:20, 14.6MB/s][A[A[A

[1Amodel-00004-of-00004.safetensors:   8%|▊         | 274M/3.56G [00:09<01:08, 47.6MB/s][A




[1A
[1Amodel-00003-of-00004.safetensors:   3%|▎         | 111M/3.86G [00:09<04:06, 15.2MB/s][A[A[A[A


[1A
[1Amodel-00002-of-00004.safetensors:   5%|▍         | 179M/3.86G [00:10<04:07, 14.9MB/s][A[A

[1A
[1Amodel-00004-of-00004.safetensors:   8%|▊         | 279M/3.56G [00:09<01:08, 48.2MB/s][A



[1A
[1Amodel-00001-of-00004.safetensors:   4%|▍         | 160M/3.95G [00:10<04:09, 15.1MB/s][A[A[A




[1A
[1Amodel-00003-of-00004.safetensors:   3%|▎         | 113M/3.86G [00:10<03:59, 15.6MB/s][A[A[A[A


[1A
[1Amodel-00002-of-00004.safetensors:   5%|▍         | 181M/3.86G [00:10<03:58, 15.5MB/s][A[A

[1A
[1Amodel-00004-of-00004.safetensors:   8%|▊         | 284M/3.56G [00:09<01:07, 48.6MB/s][A



[1A
[1Amodel-00001-of-00004.safetensors:   4%|▍         | 163M/3.95G [00:10<04:03, 15.5MB/s][A[A[A




[1A
[1Amodel-00003-of-00004.safetensors:   3%|▎         | 115M/3.86G [00:10<03:58, 15.8MB/s][A[A[A[A


[1A
[1Amodel-00002-of-00004.safetensors:   5%|▍         | 184M/3.86G [00:10<03:55, 15.6MB/s][A[A

[1A
[1Amodel-00004-of-00004.safetensors:   8%|▊         | 289M/3.56G [00:09<01:06, 49.0MB/s][A



[1Amodel-00001-of-00004.safetensors:   4%|▍         | 165M/3.95G [00:10<04:19, 14.6MB/s][A[A[A

[1A
[1Amodel-00004-of-00004.safetensors:   8%|▊         | 295M/3.56G [00:09<01:05, 49.5MB/s][A




[1A
[1Amodel-00003-of-00004.safetensors:   3%|▎         | 117M/3.86G [00:10<04:11, 14.9MB/s][A[A[A[A


[1A
[1Amodel-00002-of-00004.safetensors:   5%|▍         | 186M/3.86G [00:10<04:48, 12.8MB/s][A[A

[1Amodel-00004-of-00004.safetensors:   8%|▊         | 300M/3.56G [00:09<01:05, 49.8MB/s][A



[1A
[1Amodel-00001-of-00004.safetensors:   4%|▍         | 167M/3.95G [00:10<04:29, 14.0MB/s][A[A[A




[1A
[1Amodel-00003-of-00004.safetensors:   3%|▎         | 120M/3.86G [00:10<04:19, 14.4MB/s][A[A[A[A

[1Amodel-00004-of-00004.safetensors:   9%|▊         | 305M/3.56G [00:09<01:04, 50.2MB/s][A

[1A
[1Amodel-00004-of-00004.safetensors:   9%|▊         | 310M/3.56G [00:10<01:04, 50.4MB/s][A



[1A
[1Amodel-00001-of-00004.safetensors:   4%|▍         | 169M/3.95G [00:11<04:33, 13.8MB/s][A[A[A


[1A
[1Amodel-00002-of-00004.safetensors:   5%|▍         | 188M/3.86G [00:10<05:14, 11.7MB/s][A[A




[1A
[1Amodel-00003-of-00004.safetensors:   3%|▎         | 122M/3.86G [00:10<04:21, 14.3MB/s][A[A[A[A

[1A
[1Amodel-00004-of-00004.safetensors:   9%|▉         | 316M/3.56G [00:10<01:03, 50.7MB/s][A



[1Amodel-00001-of-00004.safetensors:   4%|▍         | 171M/3.95G [00:11<04:32, 13.9MB/s][A[A[A




[1A
[1Amodel-00003-of-00004.safetensors:   3%|▎         | 124M/3.86G [00:10<04:20, 14.4MB/s][A[A[A[A

[1Amodel-00004-of-00004.safetensors:   9%|▉         | 321M/3.56G [00:10<01:03, 51.1MB/s][A


[1A
[1Amodel-00002-of-00004.safetensors:   5%|▍         | 190M/3.86G [00:11<05:24, 11.3MB/s][A[A




[1Amodel-00003-of-00004.safetensors:   3%|▎         | 126M/3.86G [00:10<04:15, 14.7MB/s][A[A[A[A



[1Amodel-00001-of-00004.safetensors:   4%|▍         | 173M/3.95G [00:11<04:29, 14.0MB/s][A[A[A

[1Amodel-00004-of-00004.safetensors:   9%|▉         | 327M/3.56G [00:10<01:02, 52.0MB/s][A


[1A
[1Amodel-00002-of-00004.safetensors:   5%|▍         | 192M/3.86G [00:11<05:22, 11.4MB/s][A[A




[1A
[1Amodel-00003-of-00004.safetensors:   3%|▎         | 128M/3.86G [00:11<04:09, 15.0MB/s][A[A[A[A

[1A
[1Amodel-00004-of-00004.safetensors:   9%|▉         | 333M/3.56G [00:10<01:01, 52.7MB/s][A



[1A
[1Amodel-00001-of-00004.safetensors:   4%|▍         | 175M/3.95G [00:11<04:24, 14.3MB/s][A[A[A

[1A
[1Amodel-00004-of-00004.safetensors:  10%|▉         | 340M/3.56G [00:10<01:00, 53.2MB/s][A




[1A
[1Amodel-00003-of-00004.safetensors:   3%|▎         | 130M/3.86G [00:11<04:03, 15.3MB/s][A[A[A[A


[1Amodel-00002-of-00004.safetensors:   5%|▌         | 194M/3.86G [00:11<05:16, 11.6MB/s][A[A



[1A
[1Amodel-00001-of-00004.safetensors:   4%|▍         | 177M/3.95G [00:11<04:17, 14.7MB/s][A[A[A

[1A
[1Amodel-00004-of-00004.safetensors:  10%|▉         | 346M/3.56G [00:10<00:59, 53.8MB/s][A




[1A
[1Amodel-00003-of-00004.safetensors:   3%|▎         | 132M/3.86G [00:11<03:54, 15.9MB/s][A[A[A[A



[1A
[1Amodel-00001-of-00004.safetensors:   5%|▍         | 179M/3.95G [00:11<04:11, 15.0MB/s][A[A[A


[1A
[1Amodel-00002-of-00004.safetensors:   5%|▌         | 196M/3.86G [00:11<05:07, 11.9MB/s][A[A

[1Amodel-00004-of-00004.safetensors:  10%|▉         | 352M/3.56G [00:10<00:59, 54.0MB/s][A




[1A
[1Amodel-00003-of-00004.safetensors:   3%|▎         | 134M/3.86G [00:11<03:49, 16.3MB/s][A[A[A[A



[1A
[1Amodel-00001-of-00004.safetensors:   5%|▍         | 181M/3.95G [00:11<04:04, 15.4MB/s][A[A[A


[1A
[1Amodel-00002-of-00004.safetensors:   5%|▌         | 198M/3.86G [00:11<04:56, 12.4MB/s][A[A

[1A
[1Amodel-00004-of-00004.safetensors:  10%|█         | 359M/3.56G [00:10<00:58, 54.2MB/s][A




[1Amodel-00003-of-00004.safetensors:   4%|▎         | 136M/3.86G [00:11<03:41, 16.8MB/s][A[A[A[A



[1A
[1Amodel-00001-of-00004.safetensors:   5%|▍         | 184M/3.95G [00:12<03:57, 15.9MB/s][A[A[A

[1A
[1Amodel-00004-of-00004.safetensors:  10%|█         | 365M/3.56G [00:11<00:58, 54.6MB/s][A




[1A
[1Amodel-00003-of-00004.safetensors:   4%|▎         | 138M/3.86G [00:11<03:41, 16.9MB/s][A[A[A[A


[1A
[1Amodel-00002-of-00004.safetensors:   5%|▌         | 200M/3.86G [00:11<04:58, 12.3MB/s][A[A



[1A
[1Amodel-00001-of-00004.safetensors:   5%|▍         | 186M/3.95G [00:12<04:06, 15.3MB/s][A[A[A

[1A
[1Amodel-00004-of-00004.safetensors:  10%|█         | 371M/3.56G [00:11<01:07, 47.0MB/s][A




[1A
[1Amodel-00003-of-00004.safetensors:   4%|▎         | 141M/3.86G [00:11<03:57, 15.7MB/s][A[A[A[A


[1A
[1Amodel-00002-of-00004.safetensors:   5%|▌         | 202M/3.86G [00:12<05:16, 11.6MB/s][A[A



[1A
[1Amodel-00001-of-00004.safetensors:   5%|▍         | 188M/3.95G [00:12<04:20, 14.4MB/s][A[A[A




[1A
[1Amodel-00003-of-00004.safetensors:   4%|▎         | 143M/3.86G [00:11<04:05, 15.2MB/s][A[A[A[A

[1A
[1Amodel-00004-of-00004.safetensors:  11%|█         | 376M/3.56G [00:11<01:19, 40.0MB/s][A



[1A
[1Amodel-00001-of-00004.safetensors:   5%|▍         | 190M/3.95G [00:12<04:26, 14.1MB/s][A[A[A


[1A
[1Amodel-00002-of-00004.safetensors:   5%|▌         | 204M/3.86G [00:12<05:19, 11.4MB/s][A[A




[1Amodel-00003-of-00004.safetensors:   4%|▎         | 145M/3.86G [00:12<04:09, 14.9MB/s][A[A[A[A

[1A
[1Amodel-00004-of-00004.safetensors:  11%|█         | 382M/3.56G [00:11<01:27, 36.2MB/s][A



[1A
[1Amodel-00001-of-00004.safetensors:   5%|▍         | 192M/3.95G [00:12<04:28, 14.0MB/s][A[A[A


[1A
[1Amodel-00002-of-00004.safetensors:   5%|▌         | 207M/3.86G [00:12<05:17, 11.5MB/s][A[A




[1A
[1Amodel-00003-of-00004.safetensors:   4%|▍         | 147M/3.86G [00:12<04:07, 15.0MB/s][A[A[A[A

[1A
[1Amodel-00004-of-00004.safetensors:  11%|█         | 386M/3.56G [00:11<01:32, 34.5MB/s][A



[1A
[1Amodel-00001-of-00004.safetensors:   5%|▍         | 194M/3.95G [00:12<04:25, 14.2MB/s][A[A[A




[1A
[1Amodel-00003-of-00004.safetensors:   4%|▍         | 149M/3.86G [00:12<04:04, 15.2MB/s][A[A[A[A


[1A
[1Amodel-00002-of-00004.safetensors:   5%|▌         | 209M/3.86G [00:12<05:09, 11.8MB/s][A[A

[1Amodel-00004-of-00004.safetensors:  11%|█         | 390M/3.56G [00:11<01:35, 33.3MB/s][A



[1A
[1Amodel-00001-of-00004.safetensors:   5%|▍         | 196M/3.95G [00:13<04:22, 14.3MB/s][A[A[A




[1Amodel-00003-of-00004.safetensors:   4%|▍         | 151M/3.86G [00:12<04:01, 15.4MB/s][A[A[A[A


[1Amodel-00002-of-00004.safetensors:   5%|▌         | 211M/3.86G [00:12<04:58, 12.2MB/s][A[A

[1A
[1Amodel-00004-of-00004.safetensors:  11%|█         | 394M/3.56G [00:12<01:37, 32.4MB/s][A



[1A
[1Amodel-00001-of-00004.safetensors:   5%|▌         | 198M/3.95G [00:13<04:15, 14.7MB/s][A[A[A




[1Amodel-00003-of-00004.safetensors:   4%|▍         | 153M/3.86G [00:12<03:51, 16.0MB/s][A[A[A[A


[1A
[1Amodel-00002-of-00004.safetensors:   6%|▌         | 213M/3.86G [00:12<04:48, 12.6MB/s][A[A

[1A
[1Amodel-00004-of-00004.safetensors:  11%|█         | 398M/3.56G [00:12<01:38, 32.1MB/s][A



[1A
[1Amodel-00001-of-00004.safetensors:   5%|▌         | 200M/3.95G [00:13<04:07, 15.1MB/s][A[A[A




[1A
[1Amodel-00003-of-00004.safetensors:   4%|▍         | 155M/3.86G [00:12<03:48, 16.3MB/s][A[A[A[A

[1Amodel-00004-of-00004.safetensors:  11%|█▏        | 403M/3.56G [00:12<01:38, 32.1MB/s][A


[1Amodel-00002-of-00004.safetensors:   6%|▌         | 215M/3.86G [00:13<04:36, 13.2MB/s][A[A



[1Amodel-00001-of-00004.safetensors:   5%|▌         | 202M/3.95G [00:13<04:54, 12.7MB/s][A[A[A




[1A
[1Amodel-00003-of-00004.safetensors:   4%|▍         | 157M/3.86G [00:13<04:37, 13.4MB/s][A[A[A[A

[1A
[1Amodel-00004-of-00004.safetensors:  11%|█▏        | 407M/3.56G [00:12<01:38, 32.1MB/s][A


[1Amodel-00002-of-00004.safetensors:   6%|▌         | 217M/3.86G [00:13<04:26, 13.7MB/s][A[A

[1Amodel-00004-of-00004.safetensors:  12%|█▏        | 411M/3.56G [00:12<01:36, 32.5MB/s][A


[1A
[1Amodel-00002-of-00004.safetensors:   6%|▌         | 219M/3.86G [00:13<04:16, 14.2MB/s][A[A




[1A
[1Amodel-00003-of-00004.safetensors:   4%|▍         | 159M/3.86G [00:13<05:08, 12.0MB/s][A[A[A[A



[1A
[1Amodel-00001-of-00004.safetensors:   5%|▌         | 204M/3.95G [00:13<05:30, 11.3MB/s][A[A[A

[1A
[1Amodel-00004-of-00004.safetensors:  12%|█▏        | 415M/3.56G [00:12<01:35, 32.7MB/s][A


[1A
[1Amodel-00002-of-00004.safetensors:   6%|▌         | 221M/3.86G [00:13<04:06, 14.8MB/s][A[A

[1Amodel-00004-of-00004.safetensors:  12%|█▏        | 419M/3.56G [00:12<01:34, 33.1MB/s][A


[1Amodel-00002-of-00004.safetensors:   6%|▌         | 223M/3.86G [00:13<03:56, 15.4MB/s][A[A




[1Amodel-00003-of-00004.safetensors:   4%|▍         | 161M/3.86G [00:13<05:22, 11.5MB/s][A[A[A[A



[1A
[1Amodel-00001-of-00004.safetensors:   5%|▌         | 207M/3.95G [00:13<05:45, 10.8MB/s][A[A[A

[1A
[1Amodel-00004-of-00004.safetensors:  12%|█▏        | 424M/3.56G [00:12<01:33, 33.6MB/s][A


[1Amodel-00002-of-00004.safetensors:   6%|▌         | 225M/3.86G [00:13<03:49, 15.8MB/s][A[A




[1Amodel-00003-of-00004.safetensors:   4%|▍         | 164M/3.86G [00:13<05:23, 11.5MB/s][A[A[A[A

[1A
[1Amodel-00004-of-00004.safetensors:  12%|█▏        | 428M/3.56G [00:13<01:31, 34.0MB/s][A



[1A
[1Amodel-00001-of-00004.safetensors:   5%|▌         | 209M/3.95G [00:14<05:45, 10.8MB/s][A[A[A


[1Amodel-00002-of-00004.safetensors:   6%|▌         | 228M/3.86G [00:13<03:41, 16.4MB/s][A[A

[1A
[1Amodel-00004-of-00004.safetensors:  12%|█▏        | 432M/3.56G [00:13<01:30, 34.4MB/s][A


[1A
[1Amodel-00002-of-00004.safetensors:   6%|▌         | 230M/3.86G [00:13<03:34, 16.9MB/s][A[A




[1Amodel-00003-of-00004.safetensors:   4%|▍         | 166M/3.86G [00:13<05:15, 11.7MB/s][A[A[A[A



[1Amodel-00001-of-00004.safetensors:   5%|▌         | 211M/3.95G [00:14<05:40, 11.0MB/s][A[A[A

[1A
[1Amodel-00004-of-00004.safetensors:  12%|█▏        | 436M/3.56G [00:13<01:29, 34.8MB/s][A


[1A
[1Amodel-00002-of-00004.safetensors:   6%|▌         | 232M/3.86G [00:14<03:28, 17.4MB/s][A[A




[1A
[1Amodel-00003-of-00004.safetensors:   4%|▍         | 168M/3.86G [00:13<05:06, 12.0MB/s][A[A[A[A

[1A
[1Amodel-00004-of-00004.safetensors:  12%|█▏        | 440M/3.56G [00:13<01:28, 35.4MB/s][A


[1A
[1Amodel-00002-of-00004.safetensors:   6%|▌         | 234M/3.86G [00:14<03:23, 17.8MB/s][A[A



[1A
[1Amodel-00001-of-00004.safetensors:   5%|▌         | 213M/3.95G [00:14<05:31, 11.3MB/s][A[A[A

[1A
[1Amodel-00004-of-00004.safetensors:  13%|█▎        | 445M/3.56G [00:13<01:27, 35.7MB/s][A




[1A
[1Amodel-00003-of-00004.safetensors:   4%|▍         | 170M/3.86G [00:14<04:58, 12.4MB/s][A[A[A[A


[1A
[1Amodel-00002-of-00004.safetensors:   6%|▌         | 236M/3.86G [00:14<03:17, 18.4MB/s][A[A



[1A
[1Amodel-00001-of-00004.safetensors:   5%|▌         | 215M/3.95G [00:14<05:20, 11.6MB/s][A[A[A

[1Amodel-00004-of-00004.safetensors:  13%|█▎        | 449M/3.56G [00:13<01:26, 36.1MB/s][A


[1A
[1Amodel-00002-of-00004.safetensors:   6%|▌         | 238M/3.86G [00:14<03:12, 18.8MB/s][A[A




[1A
[1Amodel-00003-of-00004.safetensors:   4%|▍         | 172M/3.86G [00:14<04:44, 13.0MB/s][A[A[A[A


[1A
[1Amodel-00002-of-00004.safetensors:   6%|▌         | 240M/3.86G [00:14<03:08, 19.2MB/s][A[A

[1A
[1Amodel-00004-of-00004.safetensors:  13%|█▎        | 453M/3.56G [00:13<01:24, 36.6MB/s][A



[1A
[1Amodel-00001-of-00004.safetensors:   6%|▌         | 217M/3.95G [00:14<05:05, 12.2MB/s][A[A[A




[1Amodel-00003-of-00004.safetensors:   5%|▍         | 174M/3.86G [00:14<04:32, 13.5MB/s][A[A[A[A


[1Amodel-00002-of-00004.safetensors:   6%|▋         | 242M/3.86G [00:14<03:04, 19.7MB/s][A[A

[1A
[1Amodel-00004-of-00004.safetensors:  13%|█▎        | 457M/3.56G [00:13<01:23, 37.3MB/s][A



[1Amodel-00001-of-00004.safetensors:   6%|▌         | 219M/3.95G [00:14<04:56, 12.6MB/s][A[A[A




[1A
[1Amodel-00003-of-00004.safetensors:   5%|▍         | 176M/3.86G [00:14<04:23, 14.0MB/s][A[A[A[A

[1A
[1Amodel-00004-of-00004.safetensors:  13%|█▎        | 461M/3.56G [00:13<01:21, 37.8MB/s][A


[1A
[1Amodel-00002-of-00004.safetensors:   6%|▋         | 245M/3.86G [00:14<03:01, 19.9MB/s][A[A

[1Amodel-00004-of-00004.safetensors:  13%|█▎        | 466M/3.56G [00:14<01:20, 38.4MB/s][A



[1A
[1Amodel-00001-of-00004.safetensors:   6%|▌         | 221M/3.95G [00:15<05:01, 12.3MB/s][A[A[A




[1A
[1Amodel-00003-of-00004.safetensors:   5%|▍         | 178M/3.86G [00:14<04:36, 13.3MB/s][A[A[A[A


[1A
[1Amodel-00002-of-00004.safetensors:   6%|▋         | 247M/3.86G [00:14<03:16, 18.4MB/s][A[A

[1A
[1Amodel-00004-of-00004.safetensors:  13%|█▎        | 470M/3.56G [00:14<01:19, 38.8MB/s][A


[1Amodel-00002-of-00004.safetensors:   6%|▋         | 250M/3.86G [00:14<03:24, 17.6MB/s][A[A



[1Amodel-00001-of-00004.safetensors:   6%|▌         | 223M/3.95G [00:15<05:12, 11.9MB/s][A[A[A

[1A
[1Amodel-00004-of-00004.safetensors:  13%|█▎        | 474M/3.56G [00:14<01:19, 39.0MB/s][A




[1A
[1Amodel-00003-of-00004.safetensors:   5%|▍         | 180M/3.86G [00:14<04:47, 12.8MB/s][A[A[A[A

[1Amodel-00004-of-00004.safetensors:  13%|█▎        | 478M/3.56G [00:14<01:18, 39.3MB/s][A


[1A
[1Amodel-00002-of-00004.safetensors:   7%|▋         | 252M/3.86G [00:15<03:28, 17.3MB/s][A[A



[1A
[1Amodel-00001-of-00004.safetensors:   6%|▌         | 225M/3.95G [00:15<05:17, 11.7MB/s][A[A[A




[1A
[1Amodel-00003-of-00004.safetensors:   5%|▍         | 182M/3.86G [00:15<04:48, 12.7MB/s][A[A[A[A

[1A
[1Amodel-00004-of-00004.safetensors:  14%|█▎        | 482M/3.56G [00:14<01:17, 39.9MB/s][A


[1A
[1Amodel-00002-of-00004.safetensors:   7%|▋         | 254M/3.86G [00:15<03:30, 17.1MB/s][A[A

[1A
[1Amodel-00004-of-00004.safetensors:  14%|█▎        | 487M/3.56G [00:14<01:16, 40.1MB/s][A




[1A
[1Amodel-00003-of-00004.safetensors:   5%|▍         | 185M/3.86G [00:15<04:44, 12.9MB/s][A[A[A[A



[1Amodel-00001-of-00004.safetensors:   6%|▌         | 228M/3.95G [00:15<05:14, 11.8MB/s][A[A[A


[1Amodel-00002-of-00004.safetensors:   7%|▋         | 256M/3.86G [00:15<03:29, 17.2MB/s][A[A

[1A
[1Amodel-00004-of-00004.safetensors:  14%|█▍        | 492M/3.56G [00:14<01:15, 40.7MB/s][A


[1A
[1Amodel-00002-of-00004.safetensors:   7%|▋         | 258M/3.86G [00:15<03:26, 17.5MB/s][A[A




[1A
[1Amodel-00003-of-00004.safetensors:   5%|▍         | 187M/3.86G [00:15<04:37, 13.3MB/s][A[A[A[A



[1A
[1Amodel-00001-of-00004.safetensors:   6%|▌         | 230M/3.95G [00:15<05:06, 12.1MB/s][A[A[A

[1Amodel-00004-of-00004.safetensors:  14%|█▍        | 496M/3.56G [00:14<01:14, 41.0MB/s][A


[1A
[1Amodel-00002-of-00004.safetensors:   7%|▋         | 260M/3.86G [00:15<03:24, 17.7MB/s][A[A




[1Amodel-00003-of-00004.safetensors:   5%|▍         | 189M/3.86G [00:15<04:38, 13.2MB/s][A[A[A[A

[1Amodel-00004-of-00004.safetensors:  14%|█▍        | 501M/3.56G [00:14<01:13, 41.8MB/s][A



[1Amodel-00001-of-00004.safetensors:   6%|▌         | 232M/3.95G [00:16<05:02, 12.3MB/s][A[A[A


[1A
[1Amodel-00002-of-00004.safetensors:   7%|▋         | 262M/3.86G [00:15<03:33, 16.9MB/s][A[A

[1A
[1Amodel-00004-of-00004.safetensors:  14%|█▍        | 506M/3.56G [00:15<01:12, 42.0MB/s][A




[1A
[1Amodel-00003-of-00004.safetensors:   5%|▍         | 191M/3.86G [00:15<04:49, 12.7MB/s][A[A[A[A


[1Amodel-00002-of-00004.safetensors:   7%|▋         | 264M/3.86G [00:15<03:45, 16.0MB/s][A[A

[1Amodel-00004-of-00004.safetensors:  14%|█▍        | 512M/3.56G [00:15<01:11, 42.8MB/s][A



[1A
[1Amodel-00001-of-00004.safetensors:   6%|▌         | 234M/3.95G [00:16<05:24, 11.4MB/s][A[A[A

[1A
[1Amodel-00004-of-00004.safetensors:  15%|█▍        | 517M/3.56G [00:15<01:10, 43.3MB/s][A




[1A
[1Amodel-00003-of-00004.safetensors:   5%|▍         | 193M/3.86G [00:15<04:59, 12.2MB/s][A[A[A[A


[1A
[1Amodel-00002-of-00004.safetensors:   7%|▋         | 266M/3.86G [00:16<03:56, 15.2MB/s][A[A



[1A
[1Amodel-00001-of-00004.safetensors:   6%|▌         | 236M/3.95G [00:16<05:31, 11.2MB/s][A[A[A

[1Amodel-00004-of-00004.safetensors:  15%|█▍        | 522M/3.56G [00:15<01:09, 43.8MB/s][A


[1A
[1Amodel-00002-of-00004.safetensors:   7%|▋         | 268M/3.86G [00:16<03:56, 15.2MB/s][A[A




[1A
[1Amodel-00003-of-00004.safetensors:   5%|▌         | 195M/3.86G [00:16<04:57, 12.3MB/s][A[A[A[A

[1A
[1Amodel-00004-of-00004.safetensors:  15%|█▍        | 527M/3.56G [00:15<01:08, 44.4MB/s][A



[1Amodel-00001-of-00004.safetensors:   6%|▌         | 238M/3.95G [00:16<05:29, 11.3MB/s][A[A[A


[1Amodel-00002-of-00004.safetensors:   7%|▋         | 271M/3.86G [00:16<03:54, 15.3MB/s][A[A




[1A
[1Amodel-00003-of-00004.safetensors:   5%|▌         | 197M/3.86G [00:16<04:54, 12.5MB/s][A[A[A[A

[1A
[1Amodel-00004-of-00004.safetensors:  15%|█▍        | 533M/3.56G [00:15<01:08, 44.4MB/s][A


[1A
[1Amodel-00002-of-00004.safetensors:   7%|▋         | 273M/3.86G [00:16<03:53, 15.4MB/s][A[A



[1Amodel-00001-of-00004.safetensors:   6%|▌         | 240M/3.95G [00:16<05:22, 11.5MB/s][A[A[A

[1A
[1Amodel-00004-of-00004.safetensors:  15%|█▌        | 538M/3.56G [00:15<01:07, 45.0MB/s][A




[1Amodel-00003-of-00004.safetensors:   5%|▌         | 199M/3.86G [00:16<04:47, 12.8MB/s][A[A[A[A


[1A
[1Amodel-00002-of-00004.safetensors:   7%|▋         | 275M/3.86G [00:16<03:46, 15.8MB/s][A[A

[1A
[1Amodel-00004-of-00004.safetensors:  15%|█▌        | 543M/3.56G [00:15<01:06, 45.1MB/s][A



[1A
[1Amodel-00001-of-00004.safetensors:   6%|▌         | 242M/3.95G [00:16<05:12, 11.9MB/s][A[A[A




[1Amodel-00003-of-00004.safetensors:   5%|▌         | 201M/3.86G [00:16<04:37, 13.2MB/s][A[A[A[A


[1A
[1Amodel-00002-of-00004.safetensors:   7%|▋         | 277M/3.86G [00:16<03:44, 16.0MB/s][A[A

[1A
[1Amodel-00004-of-00004.safetensors:  15%|█▌        | 548M/3.56G [00:15<01:06, 45.6MB/s][A



[1A
[1Amodel-00001-of-00004.safetensors:   6%|▌         | 244M/3.95G [00:17<05:01, 12.3MB/s][A[A[A




[1A
[1Amodel-00003-of-00004.safetensors:   5%|▌         | 203M/3.86G [00:16<04:27, 13.7MB/s][A[A[A[A


[1Amodel-00002-of-00004.safetensors:   7%|▋         | 279M/3.86G [00:16<03:37, 16.5MB/s][A[A

[1Amodel-00004-of-00004.safetensors:  16%|█▌        | 554M/3.56G [00:16<01:05, 46.2MB/s][A

[1A
[1Amodel-00004-of-00004.safetensors:  16%|█▌        | 559M/3.56G [00:16<01:03, 47.0MB/s][A


[1A
[1Amodel-00002-of-00004.safetensors:   7%|▋         | 281M/3.86G [00:16<03:31, 16.9MB/s][A[A



[1A
[1Amodel-00001-of-00004.safetensors:   6%|▌         | 246M/3.95G [00:17<04:50, 12.7MB/s][A[A[A




[1Amodel-00003-of-00004.safetensors:   5%|▌         | 206M/3.86G [00:16<04:18, 14.2MB/s][A[A[A[A

[1A
[1Amodel-00004-of-00004.safetensors:  16%|█▌        | 564M/3.56G [00:16<01:02, 47.5MB/s][A


[1A
[1Amodel-00002-of-00004.safetensors:   7%|▋         | 283M/3.86G [00:17<03:27, 17.3MB/s][A[A




[1A
[1Amodel-00003-of-00004.safetensors:   5%|▌         | 208M/3.86G [00:16<04:09, 14.7MB/s][A[A[A[A



[1A
[1Amodel-00001-of-00004.safetensors:   6%|▋         | 249M/3.95G [00:17<04:39, 13.2MB/s][A[A[A

[1A
[1Amodel-00004-of-00004.safetensors:  16%|█▌        | 569M/3.56G [00:16<01:02, 48.1MB/s][A


[1A
[1Amodel-00002-of-00004.safetensors:   7%|▋         | 285M/3.86G [00:17<03:35, 16.6MB/s][A[A




[1Amodel-00003-of-00004.safetensors:   5%|▌         | 210M/3.86G [00:17<04:18, 14.1MB/s][A[A[A[A

[1A
[1Amodel-00004-of-00004.safetensors:  16%|█▌        | 575M/3.56G [00:16<01:01, 48.6MB/s][A



[1Amodel-00001-of-00004.safetensors:   6%|▋         | 251M/3.95G [00:17<04:53, 12.6MB/s][A[A[A


[1A
[1Amodel-00002-of-00004.safetensors:   7%|▋         | 287M/3.86G [00:17<03:48, 15.6MB/s][A[A

[1Amodel-00004-of-00004.safetensors:  16%|█▋        | 580M/3.56G [00:16<01:00, 48.8MB/s][A




[1A
[1Amodel-00003-of-00004.safetensors:   5%|▌         | 212M/3.86G [00:17<04:30, 13.5MB/s][A[A[A[A



[1A
[1Amodel-00001-of-00004.safetensors:   6%|▋         | 253M/3.95G [00:17<05:03, 12.2MB/s][A[A[A

[1A
[1Amodel-00004-of-00004.safetensors:  16%|█▋        | 585M/3.56G [00:16<01:00, 49.1MB/s][A


[1A
[1Amodel-00002-of-00004.safetensors:   7%|▋         | 289M/3.86G [00:17<03:56, 15.1MB/s][A[A




[1A
[1Amodel-00003-of-00004.safetensors:   6%|▌         | 214M/3.86G [00:17<04:33, 13.4MB/s][A[A[A[A

[1Amodel-00004-of-00004.safetensors:  17%|█▋        | 590M/3.56G [00:16<00:59, 49.6MB/s][A



[1A
[1Amodel-00001-of-00004.safetensors:   6%|▋         | 255M/3.95G [00:17<05:04, 12.1MB/s][A[A[A


[1A
[1Amodel-00002-of-00004.safetensors:   8%|▊         | 292M/3.86G [00:17<03:56, 15.1MB/s][A[A

[1A
[1Amodel-00004-of-00004.safetensors:  17%|█▋        | 596M/3.56G [00:16<00:59, 50.0MB/s][A




[1Amodel-00003-of-00004.safetensors:   6%|▌         | 216M/3.86G [00:17<04:32, 13.4MB/s][A[A[A[A


[1A
[1Amodel-00002-of-00004.safetensors:   8%|▊         | 294M/3.86G [00:17<03:55, 15.2MB/s][A[A

[1A
[1Amodel-00004-of-00004.safetensors:  17%|█▋        | 601M/3.56G [00:17<00:59, 50.0MB/s][A



[1A
[1Amodel-00001-of-00004.safetensors:   7%|▋         | 257M/3.95G [00:18<05:01, 12.3MB/s][A[A[A




[1Amodel-00003-of-00004.safetensors:   6%|▌         | 218M/3.86G [00:17<04:27, 13.6MB/s][A[A[A[A

[1A
[1Amodel-00004-of-00004.safetensors:  17%|█▋        | 606M/3.56G [00:17<00:58, 50.0MB/s][A


[1A
[1Amodel-00002-of-00004.safetensors:   8%|▊         | 296M/3.86G [00:17<03:51, 15.4MB/s][A[A



[1Amodel-00001-of-00004.safetensors:   7%|▋         | 259M/3.95G [00:18<04:55, 12.5MB/s][A[A[A

[1Amodel-00004-of-00004.safetensors:  17%|█▋        | 612M/3.56G [00:17<00:58, 50.6MB/s][A




[1A
[1Amodel-00003-of-00004.safetensors:   6%|▌         | 220M/3.86G [00:17<04:20, 14.0MB/s][A[A[A[A


[1Amodel-00002-of-00004.safetensors:   8%|▊         | 298M/3.86G [00:18<03:46, 15.7MB/s][A[A



[1A
[1Amodel-00001-of-00004.safetensors:   7%|▋         | 261M/3.95G [00:18<04:48, 12.7MB/s][A[A[A

[1A
[1Amodel-00004-of-00004.safetensors:  17%|█▋        | 619M/3.56G [00:17<00:57, 51.4MB/s][A


[1A
[1Amodel-00002-of-00004.safetensors:   8%|▊         | 300M/3.86G [00:18<03:40, 16.2MB/s][A[A




[1A
[1Amodel-00003-of-00004.safetensors:   6%|▌         | 222M/3.86G [00:17<04:13, 14.4MB/s][A[A[A[A

[1Amodel-00004-of-00004.safetensors:  18%|█▊        | 625M/3.56G [00:17<00:55, 52.4MB/s][A



[1A
[1Amodel-00001-of-00004.safetensors:   7%|▋         | 263M/3.95G [00:18<04:46, 12.8MB/s][A[A[A


[1A
[1Amodel-00002-of-00004.safetensors:   8%|▊         | 302M/3.86G [00:18<03:42, 16.0MB/s][A[A




[1Amodel-00003-of-00004.safetensors:   6%|▌         | 224M/3.86G [00:18<04:19, 14.0MB/s][A[A[A[A

[1Amodel-00004-of-00004.safetensors:  18%|█▊        | 631M/3.56G [00:17<00:55, 52.9MB/s][A


[1A
[1Amodel-00002-of-00004.safetensors:   8%|▊         | 304M/3.86G [00:18<03:57, 15.0MB/s][A[A



[1A
[1Amodel-00001-of-00004.safetensors:   7%|▋         | 265M/3.95G [00:18<04:59, 12.3MB/s][A[A[A

[1Amodel-00004-of-00004.safetensors:  18%|█▊        | 638M/3.56G [00:17<00:54, 53.6MB/s][A




[1A
[1Amodel-00003-of-00004.safetensors:   6%|▌         | 226M/3.86G [00:18<04:33, 13.3MB/s][A[A[A[A


[1Amodel-00002-of-00004.safetensors:   8%|▊         | 306M/3.86G [00:18<04:08, 14.3MB/s][A[A

[1A
[1Amodel-00004-of-00004.safetensors:  18%|█▊        | 644M/3.56G [00:17<00:59, 48.9MB/s][A



[1A
[1Amodel-00001-of-00004.safetensors:   7%|▋         | 267M/3.95G [00:18<05:09, 11.9MB/s][A[A[A




[1Amodel-00003-of-00004.safetensors:   6%|▌         | 229M/3.86G [00:18<04:40, 13.0MB/s][A[A[A[A


[1A
[1Amodel-00002-of-00004.safetensors:   8%|▊         | 308M/3.86G [00:18<04:08, 14.3MB/s][A[A

[1Amodel-00004-of-00004.safetensors:  18%|█▊        | 649M/3.56G [00:17<01:03, 46.1MB/s][A




[1A
[1Amodel-00003-of-00004.safetensors:   6%|▌         | 231M/3.86G [00:18<04:38, 13.1MB/s][A[A[A[A



[1A
[1Amodel-00001-of-00004.safetensors:   7%|▋         | 269M/3.95G [00:19<05:08, 11.9MB/s][A[A[A

[1Amodel-00004-of-00004.safetensors:  18%|█▊        | 654M/3.56G [00:18<01:05, 44.4MB/s][A


[1A
[1Amodel-00002-of-00004.safetensors:   8%|▊         | 310M/3.86G [00:18<04:07, 14.3MB/s][A[A




[1A
[1Amodel-00003-of-00004.safetensors:   6%|▌         | 233M/3.86G [00:18<04:32, 13.3MB/s][A[A[A[A



[1A
[1Amodel-00001-of-00004.safetensors:   7%|▋         | 272M/3.95G [00:19<05:03, 12.1MB/s][A[A[A

[1A
[1Amodel-00004-of-00004.safetensors:  19%|█▊        | 660M/3.56G [00:18<01:06, 43.4MB/s][A


[1A
[1Amodel-00002-of-00004.safetensors:   8%|▊         | 312M/3.86G [00:19<04:03, 14.6MB/s][A[A




[1Amodel-00003-of-00004.safetensors:   6%|▌         | 235M/3.86G [00:18<04:26, 13.6MB/s][A[A[A[A

[1Amodel-00004-of-00004.safetensors:  19%|█▊        | 665M/3.56G [00:18<01:07, 42.5MB/s][A



[1A
[1Amodel-00001-of-00004.safetensors:   7%|▋         | 274M/3.95G [00:19<04:54, 12.5MB/s][A[A[A


[1A
[1Amodel-00002-of-00004.safetensors:   8%|▊         | 315M/3.86G [00:19<03:57, 14.9MB/s][A[A




[1A
[1Amodel-00003-of-00004.safetensors:   6%|▌         | 237M/3.86G [00:19<04:18, 14.0MB/s][A[A[A[A

[1A
[1Amodel-00004-of-00004.safetensors:  19%|█▉        | 670M/3.56G [00:18<01:07, 42.6MB/s][A


[1Amodel-00002-of-00004.safetensors:   8%|▊         | 317M/3.86G [00:19<03:51, 15.3MB/s][A[A



[1A
[1Amodel-00001-of-00004.safetensors:   7%|▋         | 276M/3.95G [00:19<04:47, 12.8MB/s][A[A[A




[1Amodel-00003-of-00004.safetensors:   6%|▌         | 239M/3.86G [00:19<04:11, 14.4MB/s][A[A[A[A

[1A
[1Amodel-00004-of-00004.safetensors:  19%|█▉        | 675M/3.56G [00:18<01:07, 42.8MB/s][A


[1A
[1Amodel-00002-of-00004.safetensors:   8%|▊         | 319M/3.86G [00:19<03:45, 15.8MB/s][A[A



[1A
[1Amodel-00001-of-00004.safetensors:   7%|▋         | 278M/3.95G [00:19<04:37, 13.2MB/s][A[A[A




[1A
[1Amodel-00003-of-00004.safetensors:   6%|▌         | 241M/3.86G [00:19<04:03, 14.9MB/s][A[A[A[A

[1Amodel-00004-of-00004.safetensors:  19%|█▉        | 681M/3.56G [00:18<01:11, 40.5MB/s][A


[1A
[1Amodel-00002-of-00004.safetensors:   8%|▊         | 321M/3.86G [00:19<03:38, 16.2MB/s][A[A



[1A
[1Amodel-00001-of-00004.safetensors:   7%|▋         | 280M/3.95G [00:19<04:33, 13.4MB/s][A[A[A


[1A
[1Amodel-00002-of-00004.safetensors:   8%|▊         | 323M/3.86G [00:19<03:31, 16.7MB/s][A[A




[1A
[1Amodel-00003-of-00004.safetensors:   6%|▋         | 243M/3.86G [00:19<04:07, 14.7MB/s][A[A[A[A

[1A
[1Amodel-00004-of-00004.safetensors:  19%|█▉        | 685M/3.56G [00:18<01:16, 37.5MB/s][A


[1A
[1Amodel-00002-of-00004.safetensors:   8%|▊         | 325M/3.86G [00:19<03:26, 17.1MB/s][A[A



[1A
[1Amodel-00001-of-00004.safetensors:   7%|▋         | 282M/3.95G [00:20<04:47, 12.8MB/s][A[A[A

[1Amodel-00004-of-00004.safetensors:  19%|█▉        | 689M/3.56G [00:19<01:20, 35.8MB/s][A




[1A
[1Amodel-00003-of-00004.safetensors:   6%|▋         | 245M/3.86G [00:19<04:21, 13.9MB/s][A[A[A[A


[1A
[1Amodel-00002-of-00004.safetensors:   8%|▊         | 327M/3.86G [00:19<03:27, 17.0MB/s][A[A

[1Amodel-00004-of-00004.safetensors:  19%|█▉        | 693M/3.56G [00:19<01:22, 34.8MB/s][A



[1A
[1Amodel-00001-of-00004.safetensors:   7%|▋         | 284M/3.95G [00:20<05:18, 11.5MB/s][A[A[A


[1A
[1Amodel-00002-of-00004.safetensors:   9%|▊         | 329M/3.86G [00:20<03:42, 15.9MB/s][A[A




[1Amodel-00003-of-00004.safetensors:   6%|▋         | 247M/3.86G [00:19<04:55, 12.2MB/s][A[A[A[A

[1Amodel-00004-of-00004.safetensors:  20%|█▉        | 697M/3.56G [00:19<01:23, 34.0MB/s][A

[1A
[1Amodel-00004-of-00004.safetensors:  20%|█▉        | 701M/3.56G [00:19<01:24, 33.8MB/s][A


[1A
[1Amodel-00002-of-00004.safetensors:   9%|▊         | 331M/3.86G [00:20<03:51, 15.2MB/s][A[A



[1A
[1Amodel-00001-of-00004.safetensors:   7%|▋         | 286M/3.95G [00:20<05:48, 10.5MB/s][A[A[A




[1A
[1Amodel-00003-of-00004.safetensors:   6%|▋         | 250M/3.86G [00:20<05:16, 11.4MB/s][A[A[A[A

[1A
[1Amodel-00004-of-00004.safetensors:  20%|█▉        | 706M/3.56G [00:19<01:24, 33.8MB/s][A


[1A
[1Amodel-00002-of-00004.safetensors:   9%|▊         | 333M/3.86G [00:20<03:53, 15.1MB/s][A[A

[1A
[1Amodel-00004-of-00004.safetensors:  20%|█▉        | 710M/3.56G [00:19<01:23, 34.1MB/s][A




[1A
[1Amodel-00003-of-00004.safetensors:   7%|▋         | 252M/3.86G [00:20<05:21, 11.2MB/s][A[A[A[A



[1A
[1Amodel-00001-of-00004.safetensors:   7%|▋         | 288M/3.95G [00:20<05:55, 10.3MB/s][A[A[A


[1Amodel-00002-of-00004.safetensors:   9%|▊         | 336M/3.86G [00:20<03:53, 15.1MB/s][A[A

[1Amodel-00004-of-00004.safetensors:  20%|██        | 714M/3.56G [00:19<01:22, 34.2MB/s][A


[1Amodel-00002-of-00004.safetensors:   9%|▊         | 338M/3.86G [00:20<03:48, 15.4MB/s][A[A




[1A
[1Amodel-00003-of-00004.safetensors:   7%|▋         | 254M/3.86G [00:20<05:17, 11.4MB/s][A[A[A[A



[1A
[1Amodel-00001-of-00004.safetensors:   7%|▋         | 290M/3.95G [00:20<05:52, 10.4MB/s][A[A[A

[1A
[1Amodel-00004-of-00004.safetensors:  20%|██        | 718M/3.56G [00:19<01:22, 34.5MB/s][A


[1A
[1Amodel-00002-of-00004.safetensors:   9%|▉         | 340M/3.86G [00:20<03:44, 15.7MB/s][A[A

[1A
[1Amodel-00004-of-00004.safetensors:  20%|██        | 722M/3.56G [00:20<01:21, 34.8MB/s][A




[1A
[1Amodel-00003-of-00004.safetensors:   7%|▋         | 256M/3.86G [00:20<05:08, 11.7MB/s][A[A[A[A



[1A
[1Amodel-00001-of-00004.safetensors:   7%|▋         | 293M/3.95G [00:21<05:45, 10.6MB/s][A[A[A


[1A
[1Amodel-00002-of-00004.safetensors:   9%|▉         | 342M/3.86G [00:20<03:38, 16.1MB/s][A[A

[1A
[1Amodel-00004-of-00004.safetensors:  20%|██        | 727M/3.56G [00:20<01:20, 35.2MB/s][A




[1Amodel-00003-of-00004.safetensors:   7%|▋         | 258M/3.86G [00:20<04:58, 12.1MB/s][A[A[A[A


[1A
[1Amodel-00002-of-00004.safetensors:   9%|▉         | 344M/3.86G [00:20<03:34, 16.4MB/s][A[A

[1A
[1Amodel-00004-of-00004.safetensors:  21%|██        | 731M/3.56G [00:20<01:19, 35.6MB/s][A



[1A
[1Amodel-00001-of-00004.safetensors:   7%|▋         | 295M/3.95G [00:21<05:32, 11.0MB/s][A[A[A


[1A
[1Amodel-00002-of-00004.safetensors:   9%|▉         | 346M/3.86G [00:21<03:28, 16.9MB/s][A[A




[1A
[1Amodel-00003-of-00004.safetensors:   7%|▋         | 260M/3.86G [00:20<04:46, 12.6MB/s][A[A[A[A

[1Amodel-00004-of-00004.safetensors:  21%|██        | 735M/3.56G [00:20<01:18, 36.1MB/s][A



[1A
[1Amodel-00001-of-00004.safetensors:   8%|▊         | 297M/3.95G [00:21<05:19, 11.4MB/s][A[A[A


[1A
[1Amodel-00002-of-00004.safetensors:   9%|▉         | 348M/3.86G [00:21<03:21, 17.4MB/s][A[A

[1A
[1Amodel-00004-of-00004.safetensors:  21%|██        | 739M/3.56G [00:20<01:17, 36.5MB/s][A




[1A
[1Amodel-00003-of-00004.safetensors:   7%|▋         | 262M/3.86G [00:21<04:37, 13.0MB/s][A[A[A[A


[1A
[1Amodel-00002-of-00004.safetensors:   9%|▉         | 350M/3.86G [00:21<03:17, 17.8MB/s][A[A



[1A
[1Amodel-00001-of-00004.safetensors:   8%|▊         | 299M/3.95G [00:21<05:05, 12.0MB/s][A[A[A

[1A
[1Amodel-00004-of-00004.safetensors:  21%|██        | 743M/3.56G [00:20<01:16, 36.9MB/s][A




[1A
[1Amodel-00003-of-00004.safetensors:   7%|▋         | 264M/3.86G [00:21<04:24, 13.6MB/s][A[A[A[A


[1Amodel-00002-of-00004.safetensors:   9%|▉         | 352M/3.86G [00:21<03:12, 18.2MB/s][A[A

[1Amodel-00004-of-00004.safetensors:  21%|██        | 748M/3.56G [00:20<01:15, 37.4MB/s][A



[1A
[1Amodel-00001-of-00004.safetensors:   8%|▊         | 301M/3.95G [00:21<04:52, 12.5MB/s][A[A[A




[1A
[1Amodel-00003-of-00004.safetensors:   7%|▋         | 266M/3.86G [00:21<04:12, 14.2MB/s][A[A[A[A


[1Amodel-00002-of-00004.safetensors:   9%|▉         | 354M/3.86G [00:21<03:07, 18.8MB/s][A[A

[1Amodel-00004-of-00004.safetensors:  21%|██        | 752M/3.56G [00:20<01:13, 38.1MB/s][A


[1Amodel-00002-of-00004.safetensors:   9%|▉         | 357M/3.86G [00:21<03:03, 19.1MB/s][A[A



[1Amodel-00001-of-00004.safetensors:   8%|▊         | 303M/3.95G [00:21<04:40, 13.0MB/s][A[A[A




[1Amodel-00003-of-00004.safetensors:   7%|▋         | 268M/3.86G [00:21<04:04, 14.7MB/s][A[A[A[A

[1A
[1Amodel-00004-of-00004.safetensors:  21%|██▏       | 756M/3.56G [00:20<01:12, 38.6MB/s][A


[1Amodel-00002-of-00004.safetensors:   9%|▉         | 359M/3.86G [00:21<02:58, 19.6MB/s][A[A

[1A
[1Amodel-00004-of-00004.safetensors:  21%|██▏       | 760M/3.56G [00:21<01:11, 39.0MB/s][A



[1Amodel-00001-of-00004.safetensors:   8%|▊         | 305M/3.95G [00:22<04:36, 13.2MB/s][A[A[A




[1A
[1Amodel-00003-of-00004.safetensors:   7%|▋         | 271M/3.86G [00:21<03:59, 15.0MB/s][A[A[A[A

[1A
[1Amodel-00004-of-00004.safetensors:  21%|██▏       | 764M/3.56G [00:21<01:11, 39.3MB/s][A


[1Amodel-00002-of-00004.safetensors:   9%|▉         | 361M/3.86G [00:21<03:22, 17.3MB/s][A[A




[1A
[1Amodel-00003-of-00004.safetensors:   7%|▋         | 273M/3.86G [00:21<04:10, 14.4MB/s][A[A[A[A

[1Amodel-00004-of-00004.safetensors:  22%|██▏       | 769M/3.56G [00:21<01:10, 39.6MB/s][A



[1Amodel-00001-of-00004.safetensors:   8%|▊         | 307M/3.95G [00:22<05:25, 11.2MB/s][A[A[A


[1Amodel-00002-of-00004.safetensors:   9%|▉         | 363M/3.86G [00:22<03:56, 14.8MB/s][A[A

[1A
[1Amodel-00004-of-00004.safetensors:  22%|██▏       | 773M/3.56G [00:21<01:09, 40.1MB/s][A




[1Amodel-00003-of-00004.safetensors:   7%|▋         | 275M/3.86G [00:21<04:19, 13.8MB/s][A[A[A[A

[1A
[1Amodel-00004-of-00004.safetensors:  22%|██▏       | 777M/3.56G [00:21<01:09, 40.1MB/s][A


[1A
[1Amodel-00002-of-00004.safetensors:   9%|▉         | 365M/3.86G [00:22<04:16, 13.6MB/s][A[A




[1A
[1Amodel-00003-of-00004.safetensors:   7%|▋         | 277M/3.86G [00:22<04:20, 13.8MB/s][A[A[A[A



[1Amodel-00001-of-00004.safetensors:   8%|▊         | 309M/3.95G [00:22<05:53, 10.3MB/s][A[A[A

[1Amodel-00004-of-00004.safetensors:  22%|██▏       | 781M/3.56G [00:21<01:08, 40.6MB/s][A

[1Amodel-00004-of-00004.safetensors:  22%|██▏       | 785M/3.56G [00:21<01:07, 40.8MB/s][A




[1A
[1Amodel-00003-of-00004.safetensors:   7%|▋         | 279M/3.86G [00:22<04:18, 13.9MB/s][A[A[A[A


[1A
[1Amodel-00002-of-00004.safetensors:   9%|▉         | 367M/3.86G [00:22<04:23, 13.3MB/s][A[A



[1Amodel-00001-of-00004.safetensors:   8%|▊         | 311M/3.95G [00:22<06:03, 10.0MB/s][A[A[A

[1Amodel-00004-of-00004.safetensors:  22%|██▏       | 791M/3.56G [00:21<01:06, 41.6MB/s][A




[1Amodel-00003-of-00004.safetensors:   7%|▋         | 281M/3.86G [00:22<04:12, 14.2MB/s][A[A[A[A


[1Amodel-00002-of-00004.safetensors:  10%|▉         | 369M/3.86G [00:22<04:24, 13.2MB/s][A[A



[1A
[1Amodel-00001-of-00004.safetensors:   8%|▊         | 312M/3.95G [00:22<06:04, 9.98MB/s][A[A[A

[1Amodel-00004-of-00004.safetensors:  22%|██▏       | 796M/3.56G [00:21<01:05, 42.1MB/s][A




[1Amodel-00003-of-00004.safetensors:   7%|▋         | 283M/3.86G [00:22<04:07, 14.5MB/s][A[A[A[A


[1Amodel-00002-of-00004.safetensors:  10%|▉         | 371M/3.86G [00:22<04:20, 13.4MB/s][A[A

[1A
[1Amodel-00004-of-00004.safetensors:  23%|██▎       | 801M/3.56G [00:21<01:04, 42.7MB/s][A



[1A
[1Amodel-00001-of-00004.safetensors:   8%|▊         | 315M/3.95G [00:23<05:54, 10.2MB/s][A[A[A




[1A
[1Amodel-00003-of-00004.safetensors:   7%|▋         | 285M/3.86G [00:22<04:00, 14.9MB/s][A[A[A[A

[1A
[1Amodel-00004-of-00004.safetensors:  23%|██▎       | 806M/3.56G [00:22<01:03, 43.3MB/s][A


[1A
[1Amodel-00002-of-00004.safetensors:  10%|▉         | 373M/3.86G [00:22<04:16, 13.6MB/s][A[A




[1A
[1Amodel-00003-of-00004.safetensors:   7%|▋         | 287M/3.86G [00:22<03:52, 15.4MB/s][A[A[A[A

[1Amodel-00004-of-00004.safetensors:  23%|██▎       | 812M/3.56G [00:22<01:02, 43.9MB/s][A



[1Amodel-00001-of-00004.safetensors:   8%|▊         | 317M/3.95G [00:23<05:41, 10.6MB/s][A[A[A


[1A
[1Amodel-00002-of-00004.safetensors:  10%|▉         | 375M/3.86G [00:23<04:06, 14.1MB/s][A[A




[1A
[1Amodel-00003-of-00004.safetensors:   7%|▋         | 289M/3.86G [00:22<03:45, 15.9MB/s][A[A[A[A

[1A
[1Amodel-00004-of-00004.safetensors:  23%|██▎       | 817M/3.56G [00:22<01:01, 44.4MB/s][A


[1Amodel-00002-of-00004.safetensors:  10%|▉         | 377M/3.86G [00:23<04:02, 14.4MB/s][A[A



[1A
[1Amodel-00001-of-00004.safetensors:   8%|▊         | 319M/3.95G [00:23<05:28, 11.0MB/s][A[A[A




[1A
[1Amodel-00003-of-00004.safetensors:   8%|▊         | 292M/3.86G [00:23<03:39, 16.3MB/s][A[A[A[A

[1A
[1Amodel-00004-of-00004.safetensors:  23%|██▎       | 822M/3.56G [00:22<01:01, 44.6MB/s][A


[1A
[1Amodel-00002-of-00004.safetensors:  10%|▉         | 380M/3.86G [00:23<03:53, 14.9MB/s][A[A




[1A
[1Amodel-00003-of-00004.safetensors:   8%|▊         | 294M/3.86G [00:23<03:32, 16.8MB/s][A[A[A[A



[1A
[1Amodel-00001-of-00004.safetensors:   8%|▊         | 321M/3.95G [00:23<05:13, 11.6MB/s][A[A[A

[1Amodel-00004-of-00004.safetensors:  23%|██▎       | 827M/3.56G [00:22<01:00, 45.0MB/s][A


[1A
[1Amodel-00002-of-00004.safetensors:  10%|▉         | 382M/3.86G [00:23<03:47, 15.3MB/s][A[A




[1A
[1Amodel-00003-of-00004.safetensors:   8%|▊         | 296M/3.86G [00:23<03:25, 17.3MB/s][A[A[A[A

[1Amodel-00004-of-00004.safetensors:  23%|██▎       | 833M/3.56G [00:22<00:59, 45.6MB/s][A



[1A
[1Amodel-00001-of-00004.safetensors:   8%|▊         | 323M/3.95G [00:23<05:00, 12.0MB/s][A[A[A




[1Amodel-00003-of-00004.safetensors:   8%|▊         | 298M/3.86G [00:23<03:20, 17.8MB/s][A[A[A[A


[1A
[1Amodel-00002-of-00004.safetensors:  10%|▉         | 384M/3.86G [00:23<03:38, 15.9MB/s][A[A

[1A
[1Amodel-00004-of-00004.safetensors:  24%|██▎       | 838M/3.56G [00:22<00:59, 45.7MB/s][A



[1A
[1Amodel-00001-of-00004.safetensors:   8%|▊         | 325M/3.95G [00:23<04:46, 12.6MB/s][A[A[A




[1A
[1Amodel-00003-of-00004.safetensors:   8%|▊         | 300M/3.86G [00:23<03:14, 18.3MB/s][A[A[A[A


[1Amodel-00002-of-00004.safetensors:  10%|▉         | 386M/3.86G [00:23<03:31, 16.4MB/s][A[A

[1A
[1Amodel-00004-of-00004.safetensors:  24%|██▎       | 843M/3.56G [00:22<00:58, 46.5MB/s][A




[1A
[1Amodel-00003-of-00004.safetensors:   8%|▊         | 302M/3.86G [00:23<03:09, 18.8MB/s][A[A[A[A


[1A
[1Amodel-00002-of-00004.safetensors:  10%|█         | 388M/3.86G [00:23<03:25, 16.9MB/s][A[A

[1A
[1Amodel-00004-of-00004.safetensors:  24%|██▍       | 848M/3.56G [00:23<00:57, 47.0MB/s][A



[1A
[1Amodel-00001-of-00004.safetensors:   8%|▊         | 327M/3.95G [00:24<04:43, 12.8MB/s][A[A[A




[1Amodel-00003-of-00004.safetensors:   8%|▊         | 304M/3.86G [00:23<03:19, 17.8MB/s][A[A[A[A

[1A
[1Amodel-00004-of-00004.safetensors:  24%|██▍       | 854M/3.56G [00:23<00:56, 47.8MB/s][A


[1A
[1Amodel-00002-of-00004.safetensors:  10%|█         | 390M/3.86G [00:23<03:42, 15.6MB/s][A[A



[1A
[1Amodel-00001-of-00004.safetensors:   8%|▊         | 329M/3.95G [00:24<04:55, 12.2MB/s][A[A[A

[1Amodel-00004-of-00004.safetensors:  24%|██▍       | 859M/3.56G [00:23<00:56, 48.2MB/s][A




[1A
[1Amodel-00003-of-00004.safetensors:   8%|▊         | 306M/3.86G [00:23<03:31, 16.9MB/s][A[A[A[A


[1A
[1Amodel-00002-of-00004.safetensors:  10%|█         | 392M/3.86G [00:24<03:52, 14.9MB/s][A[A

[1A
[1Amodel-00004-of-00004.safetensors:  24%|██▍       | 864M/3.56G [00:23<00:55, 48.9MB/s][A




[1A
[1Amodel-00003-of-00004.safetensors:   8%|▊         | 308M/3.86G [00:24<03:37, 16.4MB/s][A[A[A[A



[1Amodel-00001-of-00004.safetensors:   8%|▊         | 331M/3.95G [00:24<05:03, 11.9MB/s][A[A[A

[1A
[1Amodel-00004-of-00004.safetensors:  24%|██▍       | 869M/3.56G [00:23<00:54, 49.1MB/s][A


[1Amodel-00002-of-00004.safetensors:  10%|█         | 394M/3.86G [00:24<03:58, 14.6MB/s][A[A




[1Amodel-00003-of-00004.safetensors:   8%|▊         | 310M/3.86G [00:24<03:38, 16.3MB/s][A[A[A[A

[1A
[1Amodel-00004-of-00004.safetensors:  25%|██▍       | 875M/3.56G [00:23<00:54, 49.3MB/s][A



[1A
[1Amodel-00001-of-00004.safetensors:   8%|▊         | 333M/3.95G [00:24<05:02, 11.9MB/s][A[A[A


[1A
[1Amodel-00002-of-00004.safetensors:  10%|█         | 396M/3.86G [00:24<03:56, 14.6MB/s][A[A

[1A
[1Amodel-00004-of-00004.safetensors:  25%|██▍       | 880M/3.56G [00:23<00:54, 49.5MB/s][A




[1Amodel-00003-of-00004.safetensors:   8%|▊         | 312M/3.86G [00:24<03:36, 16.4MB/s][A[A[A[A

[1Amodel-00004-of-00004.safetensors:  25%|██▍       | 885M/3.56G [00:23<00:53, 49.9MB/s][A



[1Amodel-00001-of-00004.safetensors:   9%|▊         | 336M/3.95G [00:24<04:57, 12.1MB/s][A[A[A


[1A
[1Amodel-00002-of-00004.safetensors:  10%|█         | 398M/3.86G [00:24<03:52, 14.9MB/s][A[A




[1Amodel-00003-of-00004.safetensors:   8%|▊         | 315M/3.86G [00:24<03:34, 16.5MB/s][A[A[A[A

[1Amodel-00004-of-00004.safetensors:  25%|██▌       | 890M/3.56G [00:23<00:55, 47.8MB/s][A




[1Amodel-00003-of-00004.safetensors:   8%|▊         | 317M/3.86G [00:24<03:29, 17.0MB/s][A[A[A[A



[1Amodel-00001-of-00004.safetensors:   9%|▊         | 338M/3.95G [00:25<05:20, 11.3MB/s][A[A[A


[1A
[1Amodel-00002-of-00004.safetensors:  10%|█         | 401M/3.86G [00:24<04:44, 12.2MB/s][A[A




[1A
[1Amodel-00003-of-00004.safetensors:   8%|▊         | 319M/3.86G [00:24<03:24, 17.3MB/s][A[A[A[A

[1Amodel-00004-of-00004.safetensors:  25%|██▌       | 895M/3.56G [00:24<01:00, 43.7MB/s][A




[1A
[1Amodel-00003-of-00004.safetensors:   8%|▊         | 321M/3.86G [00:24<03:21, 17.6MB/s][A[A[A[A

[1A
[1Amodel-00004-of-00004.safetensors:  25%|██▌       | 901M/3.56G [00:24<01:06, 40.1MB/s][A



[1A
[1Amodel-00001-of-00004.safetensors:   9%|▊         | 340M/3.95G [00:25<05:41, 10.6MB/s][A[A[A




[1A
[1Amodel-00003-of-00004.safetensors:   8%|▊         | 323M/3.86G [00:24<03:37, 16.3MB/s][A[A[A[A


[1A
[1Amodel-00002-of-00004.safetensors:  10%|█         | 403M/3.86G [00:25<05:37, 10.3MB/s][A[A

[1A
[1Amodel-00004-of-00004.safetensors:  25%|██▌       | 905M/3.56G [00:24<01:16, 34.9MB/s][A




[1A
[1Amodel-00003-of-00004.safetensors:   8%|▊         | 325M/3.86G [00:25<03:56, 15.0MB/s][A[A[A[A



[1A
[1Amodel-00001-of-00004.safetensors:   9%|▊         | 342M/3.95G [00:25<06:27, 9.30MB/s][A[A[A

[1Amodel-00004-of-00004.safetensors:  26%|██▌       | 909M/3.56G [00:24<01:21, 32.5MB/s][A




[1Amodel-00003-of-00004.safetensors:   8%|▊         | 328M/3.86G [00:25<03:26, 17.1MB/s][A[A[A[A

[1Amodel-00004-of-00004.safetensors:  26%|██▌       | 913M/3.56G [00:24<01:17, 34.3MB/s][A


[1A
[1Amodel-00002-of-00004.safetensors:  10%|█         | 405M/3.86G [00:25<06:34, 8.78MB/s][A[A



[1A
[1Amodel-00001-of-00004.safetensors:   9%|▊         | 344M/3.95G [00:25<06:03, 9.90MB/s][A[A[A




[1A
[1Amodel-00003-of-00004.safetensors:   9%|▊         | 330M/3.86G [00:25<03:17, 17.9MB/s][A[A[A[A

[1Amodel-00004-of-00004.safetensors:  26%|██▌       | 918M/3.56G [00:24<01:15, 35.0MB/s][A


[1A
[1Amodel-00002-of-00004.safetensors:  11%|█         | 406M/3.86G [00:25<06:29, 8.87MB/s][A[A




[1A
[1Amodel-00003-of-00004.safetensors:   9%|▊         | 332M/3.86G [00:25<03:10, 18.5MB/s][A[A[A[A

[1A
[1Amodel-00004-of-00004.safetensors:  26%|██▌       | 922M/3.56G [00:24<01:13, 35.8MB/s][A


[1A
[1Amodel-00002-of-00004.safetensors:  11%|█         | 407M/3.86G [00:25<06:28, 8.91MB/s][A[A



[1A
[1Amodel-00001-of-00004.safetensors:   9%|▉         | 346M/3.95G [00:25<06:06, 9.83MB/s][A[A[A




[1A
[1Amodel-00003-of-00004.safetensors:   9%|▊         | 334M/3.86G [00:25<03:20, 17.6MB/s][A[A[A[A


[1A
[1Amodel-00002-of-00004.safetensors:  11%|█         | 408M/3.86G [00:25<06:22, 9.03MB/s][A[A

[1Amodel-00004-of-00004.safetensors:  26%|██▌       | 926M/3.56G [00:24<01:17, 34.0MB/s][A



[1A
[1Amodel-00001-of-00004.safetensors:   9%|▉         | 347M/3.95G [00:26<06:25, 9.34MB/s][A[A[A



model-00003-of-00004.safetensors:   9%|▊         | 337M/3.86G [00:25<04:00, 14.7MB/s][A[A[A[A

model-00002-of-00004.safetensors:  11%|█         | 409M/3.86G [00:25<07:20, 7.84MB/s][A[A
model-00004-of-00004.safetensors:  26%|██▌       | 930M/3.56G [00:25<01:29, 29.2MB/s][A



[1Amodel-00001-of-00004.safetensors:   9%|▉         | 348M/3.95G [00:26<06:39, 9.00MB/s][A[A[A




[1Amodel-00003-of-00004.safetensors:   9%|▉         | 340M/3.86G [00:25<03:28, 16.9MB/s][A[A[A[A

[1Amodel-00004-of-00004.safetensors:  26%|██▋       | 935M/3.56G [00:25<01:19, 33.1MB/s][A


[1Amodel-00002-of-00004.safetensors:  11%|█         | 411M/3.86G [00:26<06:16, 9.18MB/s][A[A



[1A
[1Amodel-00001-of-00004.safetensors:   9%|▉         | 350M/3.95G [00:26<05:55, 10.1MB/s][A[A[A

[1A
[1Amodel-00004-of-00004.safetensors:  26%|██▋       | 940M/3.56G [00:25<01:24, 31.0MB/s][A


[1A
[1Amodel-00002-of-00004.safetensors:  11%|█         | 412M/3.86G [00:26<06:24, 8.98MB/s][A[A




[1A
[1Amodel-00003-of-00004.safetensors:   9%|▉         | 343M/3.86G [00:26<03:17, 17.8MB/s][A[A[A[A



[1A
[1Amodel-00001-of-00004.safetensors:   9%|▉         | 351M/3.95G [00:26<05:58, 10.0MB/s][A[A[A

[1Amodel-00004-of-00004.safetensors:  27%|██▋       | 944M/3.56G [00:25<01:20, 32.3MB/s][A




[1A
[1Amodel-00003-of-00004.safetensors:   9%|▉         | 346M/3.86G [00:26<03:30, 16.7MB/s][A[A[A[A


[1A
[1Amodel-00002-of-00004.safetensors:  11%|█         | 414M/3.86G [00:26<06:10, 9.32MB/s][A[A



[1A
[1Amodel-00001-of-00004.safetensors:   9%|▉         | 353M/3.95G [00:26<05:59, 9.98MB/s][A[A[A


[1Amodel-00002-of-00004.safetensors:  11%|█         | 415M/3.86G [00:26<06:14, 9.20MB/s][A[A



[1A
[1Amodel-00001-of-00004.safetensors:   9%|▉         | 354M/3.95G [00:26<07:32, 7.93MB/s][A[A[A


[1A
[1Amodel-00002-of-00004.safetensors:  11%|█         | 416M/3.86G [00:26<06:16, 9.16MB/s][A[A

[1Amodel-00004-of-00004.safetensors:  27%|██▋       | 948M/3.56G [00:25<02:07, 20.5MB/s][A



[1Amodel-00001-of-00004.safetensors:   9%|▉         | 357M/3.95G [00:27<05:48, 10.3MB/s][A[A[A

[1A
[1Amodel-00004-of-00004.safetensors:  27%|██▋       | 953M/3.56G [00:26<01:41, 25.5MB/s][A



[1Amodel-00001-of-00004.safetensors:   9%|▉         | 359M/3.95G [00:27<05:18, 11.3MB/s][A[A[A




[1Amodel-00003-of-00004.safetensors:   9%|▉         | 348M/3.86G [00:26<06:06, 9.60MB/s][A[A[A[A

[1A
[1Amodel-00004-of-00004.safetensors:  27%|██▋       | 958M/3.56G [00:26<01:26, 29.9MB/s][A


[1A
[1Amodel-00002-of-00004.safetensors:  11%|█         | 417M/3.86G [00:26<08:37, 6.66MB/s][A[A



[1A
[1Amodel-00001-of-00004.safetensors:   9%|▉         | 361M/3.95G [00:27<05:41, 10.5MB/s][A[A[A


[1A
[1Amodel-00002-of-00004.safetensors:  11%|█         | 419M/3.86G [00:27<07:17, 7.88MB/s][A[A

[1A
[1Amodel-00004-of-00004.safetensors:  27%|██▋       | 964M/3.56G [00:26<01:31, 28.4MB/s][A




[1A
[1Amodel-00003-of-00004.safetensors:   9%|▉         | 350M/3.86G [00:27<06:41, 8.75MB/s][A[A[A[A


[1A
[1Amodel-00002-of-00004.safetensors:  11%|█         | 422M/3.86G [00:27<05:43, 10.0MB/s][A[A



[1A
[1Amodel-00001-of-00004.safetensors:   9%|▉         | 364M/3.95G [00:27<04:23, 13.6MB/s][A[A[A

[1A
[1Amodel-00004-of-00004.safetensors:  27%|██▋       | 968M/3.56G [00:26<01:37, 26.6MB/s][A




[1A
[1Amodel-00003-of-00004.safetensors:   9%|▉         | 353M/3.86G [00:27<05:08, 11.4MB/s][A[A[A[A


[1Amodel-00002-of-00004.safetensors:  11%|█         | 424M/3.86G [00:27<04:58, 11.5MB/s][A[A



[1A
[1Amodel-00001-of-00004.safetensors:   9%|▉         | 366M/3.95G [00:27<04:01, 14.8MB/s][A[A[A

[1A
[1Amodel-00004-of-00004.safetensors:  27%|██▋       | 971M/3.56G [00:26<01:34, 27.5MB/s][A




[1A
[1Amodel-00003-of-00004.safetensors:   9%|▉         | 357M/3.86G [00:27<04:10, 14.0MB/s][A[A[A[A


[1Amodel-00002-of-00004.safetensors:  11%|█         | 426M/3.86G [00:27<04:26, 12.9MB/s][A[A



[1A
[1Amodel-00001-of-00004.safetensors:   9%|▉         | 368M/3.95G [00:27<03:54, 15.3MB/s][A[A[A

[1A
[1Amodel-00004-of-00004.safetensors:  27%|██▋       | 977M/3.56G [00:26<01:16, 33.6MB/s][A




[1A
[1Amodel-00003-of-00004.safetensors:   9%|▉         | 359M/3.86G [00:27<04:05, 14.3MB/s][A[A[A[A


[1Amodel-00002-of-00004.safetensors:  11%|█         | 428M/3.86G [00:27<04:39, 12.3MB/s][A[A




[1Amodel-00003-of-00004.safetensors:   9%|▉         | 362M/3.86G [00:27<03:32, 16.5MB/s][A[A[A[A



[1Amodel-00001-of-00004.safetensors:   9%|▉         | 370M/3.95G [00:28<05:03, 11.8MB/s][A[A[A

[1Amodel-00004-of-00004.safetensors:  28%|██▊       | 981M/3.56G [00:27<01:36, 26.6MB/s][A


[1Amodel-00002-of-00004.safetensors:  11%|█         | 430M/3.86G [00:27<04:23, 13.0MB/s][A[A




[1Amodel-00003-of-00004.safetensors:   9%|▉         | 365M/3.86G [00:27<03:10, 18.4MB/s][A[A[A[A

[1Amodel-00004-of-00004.safetensors:  28%|██▊       | 986M/3.56G [00:27<01:28, 29.1MB/s][A



[1Amodel-00001-of-00004.safetensors:   9%|▉         | 372M/3.95G [00:28<04:35, 13.0MB/s][A[A[A

[1Amodel-00004-of-00004.safetensors:  28%|██▊       | 990M/3.56G [00:27<01:23, 30.8MB/s][A




[1Amodel-00003-of-00004.safetensors:  10%|▉         | 368M/3.86G [00:27<02:59, 19.4MB/s][A[A[A[A



[1A
[1Amodel-00001-of-00004.safetensors:   9%|▉         | 374M/3.95G [00:28<04:22, 13.6MB/s][A[A[A


[1Amodel-00002-of-00004.safetensors:  11%|█         | 432M/3.86G [00:28<05:09, 11.1MB/s][A[A




[1A
[1Amodel-00003-of-00004.safetensors:  10%|▉         | 371M/3.86G [00:27<02:43, 21.4MB/s][A[A[A[A

[1A
[1Amodel-00004-of-00004.safetensors:  28%|██▊       | 994M/3.56G [00:27<01:20, 31.9MB/s][A



[1A
[1Amodel-00001-of-00004.safetensors:  10%|▉         | 376M/3.95G [00:28<04:42, 12.6MB/s][A[A[A


[1Amodel-00002-of-00004.safetensors:  11%|█         | 434M/3.86G [00:28<04:52, 11.7MB/s][A[A




[1A
[1Amodel-00003-of-00004.safetensors:  10%|▉         | 374M/3.86G [00:28<02:46, 20.9MB/s][A[A[A[A

[1Amodel-00004-of-00004.safetensors:  28%|██▊       | 998M/3.56G [00:27<01:26, 29.6MB/s][A



[1A
[1Amodel-00001-of-00004.safetensors:  10%|▉         | 381M/3.95G [00:28<03:57, 15.0MB/s][A[A[A




[1A
[1Amodel-00003-of-00004.safetensors:  10%|▉         | 377M/3.86G [00:28<02:50, 20.4MB/s][A[A[A[A

[1A
[1Amodel-00004-of-00004.safetensors:  28%|██▊       | 1.00G/3.56G [00:27<01:32, 27.7MB/s][A


[1Amodel-00002-of-00004.safetensors:  11%|█▏        | 437M/3.86G [00:28<04:48, 11.9MB/s][A[A



[1A
[1Amodel-00001-of-00004.safetensors:  10%|▉         | 383M/3.95G [00:28<03:51, 15.4MB/s][A[A[A

[1A
[1Amodel-00004-of-00004.safetensors:  28%|██▊       | 1.01G/3.56G [00:27<01:33, 27.3MB/s][A


[1A
[1Amodel-00002-of-00004.safetensors:  11%|█▏        | 439M/3.86G [00:28<05:19, 10.7MB/s][A[A



[1A
[1Amodel-00001-of-00004.safetensors:  10%|▉         | 385M/3.95G [00:29<04:04, 14.6MB/s][A[A[A

[1A
[1Amodel-00004-of-00004.safetensors:  28%|██▊       | 1.01G/3.56G [00:27<01:36, 26.3MB/s][A




[1A
[1Amodel-00003-of-00004.safetensors:  10%|▉         | 381M/3.86G [00:28<03:55, 14.8MB/s][A[A[A[A


[1A
[1Amodel-00002-of-00004.safetensors:  11%|█▏        | 444M/3.86G [00:28<03:48, 15.0MB/s][A[A

[1A
[1Amodel-00004-of-00004.safetensors:  29%|██▊       | 1.02G/3.56G [00:28<01:17, 32.7MB/s][A



[1A
[1Amodel-00001-of-00004.safetensors:  10%|▉         | 388M/3.95G [00:29<04:15, 13.9MB/s][A[A[A


[1A
[1Amodel-00002-of-00004.safetensors:  12%|█▏        | 446M/3.86G [00:29<03:57, 14.4MB/s][A[A

[1Amodel-00004-of-00004.safetensors:  29%|██▊       | 1.02G/3.56G [00:28<01:23, 30.3MB/s][A




[1A
[1Amodel-00003-of-00004.safetensors:  10%|▉         | 383M/3.86G [00:28<04:37, 12.5MB/s][A[A[A[A



[1A
[1Amodel-00001-of-00004.safetensors:  10%|▉         | 390M/3.95G [00:29<04:31, 13.1MB/s][A[A[A


[1A
[1Amodel-00002-of-00004.safetensors:  12%|█▏        | 448M/3.86G [00:29<03:51, 14.8MB/s][A[A

[1A
[1Amodel-00004-of-00004.safetensors:  29%|██▉       | 1.02G/3.56G [00:28<01:25, 29.5MB/s][A




[1A
[1Amodel-00003-of-00004.safetensors:  10%|▉         | 385M/3.86G [00:29<05:00, 11.6MB/s][A[A[A[A



[1A
[1Amodel-00001-of-00004.safetensors:  10%|▉         | 392M/3.95G [00:29<05:27, 10.9MB/s][A[A[A


[1A
[1Amodel-00002-of-00004.safetensors:  12%|█▏        | 450M/3.86G [00:29<04:53, 11.6MB/s][A[A

[1A
[1Amodel-00004-of-00004.safetensors:  29%|██▉       | 1.03G/3.56G [00:28<01:58, 21.3MB/s][A




[1A
[1Amodel-00003-of-00004.safetensors:  10%|█         | 387M/3.86G [00:29<05:13, 11.1MB/s][A[A[A[A




[1A
[1Amodel-00003-of-00004.safetensors:  10%|█         | 389M/3.86G [00:29<05:16, 11.0MB/s][A[A[A[A



[1A
[1Amodel-00001-of-00004.safetensors:  10%|█         | 395M/3.95G [00:29<05:01, 11.8MB/s][A[A[A

[1Amodel-00004-of-00004.safetensors:  29%|██▉       | 1.03G/3.56G [00:28<02:27, 17.1MB/s][A


model-00001-of-00004.safetensors:  10%|█         | 397M/3.95G [00:30<04:36, 12.8MB/s][A[A[A



model-00003-of-00004.safetensors:  10%|█         | 391M/3.86G [00:29<04:44, 12.2MB/s][A[A[A[A


[1Amodel-00002-of-00004.safetensors:  12%|█▏        | 452M/3.86G [00:29<06:11, 9.18MB/s][A[A



[1A
[1Amodel-00001-of-00004.safetensors:  10%|█         | 402M/3.95G [00:30<03:27, 17.1MB/s][A[A[A




[1A
[1Amodel-00003-of-00004.safetensors:  10%|█         | 395M/3.86G [00:29<03:28, 16.6MB/s][A[A[A[A


[1A
[1Amodel-00002-of-00004.safetensors:  12%|█▏        | 454M/3.86G [00:29<05:44, 9.91MB/s][A[A

[1A
[1Amodel-00004-of-00004.safetensors:  29%|██▉       | 1.04G/3.56G [00:29<02:01, 20.7MB/s][A



[1A
[1Amodel-00001-of-00004.safetensors:  10%|█         | 404M/3.95G [00:30<03:32, 16.6MB/s][A[A[A




[1A
[1Amodel-00003-of-00004.safetensors:  10%|█         | 398M/3.86G [00:30<03:52, 14.9MB/s][A[A[A[A

[1Amodel-00004-of-00004.safetensors:  29%|██▉       | 1.04G/3.56G [00:29<02:12, 19.0MB/s][A


[1A
[1Amodel-00002-of-00004.safetensors:  12%|█▏        | 456M/3.86G [00:30<05:49, 9.75MB/s][A[A



[1Amodel-00001-of-00004.safetensors:  10%|█         | 406M/3.95G [00:30<03:58, 14.8MB/s][A[A[A

[1A
[1Amodel-00004-of-00004.safetensors:  29%|██▉       | 1.05G/3.56G [00:29<01:45, 23.8MB/s][A


[1A
[1Amodel-00002-of-00004.safetensors:  12%|█▏        | 458M/3.86G [00:30<05:28, 10.4MB/s][A[A




[1A
[1Amodel-00003-of-00004.safetensors:  10%|█         | 401M/3.86G [00:30<04:19, 13.4MB/s][A[A[A[A

[1A
[1Amodel-00004-of-00004.safetensors:  29%|██▉       | 1.05G/3.56G [00:29<01:40, 25.0MB/s][A



[1Amodel-00001-of-00004.safetensors:  10%|█         | 408M/3.95G [00:30<04:21, 13.5MB/s][A[A[A

[1A
[1Amodel-00004-of-00004.safetensors:  30%|██▉       | 1.05G/3.56G [00:29<01:17, 32.3MB/s][A




[1A
[1Amodel-00003-of-00004.safetensors:  10%|█         | 404M/3.86G [00:30<03:46, 15.3MB/s][A[A[A[A



[1Amodel-00001-of-00004.safetensors:  10%|█         | 411M/3.95G [00:30<03:38, 16.2MB/s][A[A[A


[1A
[1Amodel-00002-of-00004.safetensors:  12%|█▏        | 460M/3.86G [00:30<05:33, 10.2MB/s][A[A

[1Amodel-00004-of-00004.safetensors:  30%|██▉       | 1.06G/3.56G [00:29<01:08, 36.2MB/s][A




[1Amodel-00003-of-00004.safetensors:  11%|█         | 407M/3.86G [00:30<03:19, 17.3MB/s][A[A[A[A



[1Amodel-00001-of-00004.safetensors:  10%|█         | 414M/3.95G [00:31<03:13, 18.3MB/s][A[A[A

[1Amodel-00004-of-00004.safetensors:  30%|██▉       | 1.07G/3.56G [00:29<01:04, 38.8MB/s][A




[1A
[1Amodel-00003-of-00004.safetensors:  11%|█         | 410M/3.86G [00:30<03:00, 19.2MB/s][A[A[A[A



[1A
[1Amodel-00001-of-00004.safetensors:  11%|█         | 417M/3.95G [00:31<02:57, 19.9MB/s][A[A[A

[1Amodel-00004-of-00004.safetensors:  30%|███       | 1.07G/3.56G [00:30<01:00, 41.4MB/s][A




[1A
[1Amodel-00003-of-00004.safetensors:  11%|█         | 413M/3.86G [00:30<02:51, 20.1MB/s][A[A[A[A



[1A
[1Amodel-00001-of-00004.safetensors:  11%|█         | 420M/3.95G [00:31<03:01, 19.4MB/s][A[A[A


[1A
[1Amodel-00002-of-00004.safetensors:  12%|█▏        | 462M/3.86G [00:31<07:35, 7.47MB/s][A[A

[1A
[1Amodel-00004-of-00004.safetensors:  30%|███       | 1.08G/3.56G [00:30<01:11, 34.9MB/s][A




[1A
[1Amodel-00003-of-00004.safetensors:  11%|█         | 416M/3.86G [00:30<02:44, 21.0MB/s][A[A[A[A



[1A
[1Amodel-00001-of-00004.safetensors:  11%|█         | 425M/3.95G [00:31<02:35, 22.6MB/s][A[A[A

[1A
[1Amodel-00004-of-00004.safetensors:  30%|███       | 1.08G/3.56G [00:30<01:08, 36.4MB/s][A




[1A
[1Amodel-00003-of-00004.safetensors:  11%|█         | 419M/3.86G [00:31<02:55, 19.7MB/s][A[A[A[A


[1A
[1Amodel-00002-of-00004.safetensors:  12%|█▏        | 463M/3.86G [00:31<09:19, 6.08MB/s][A[A

[1A
[1Amodel-00004-of-00004.safetensors:  31%|███       | 1.09G/3.56G [00:30<01:19, 31.1MB/s][A




[1Amodel-00003-of-00004.safetensors:  11%|█         | 422M/3.86G [00:31<03:09, 18.2MB/s][A[A[A[A



[1A
[1Amodel-00001-of-00004.safetensors:  11%|█         | 428M/3.95G [00:31<03:38, 16.1MB/s][A[A[A

[1A
[1Amodel-00004-of-00004.safetensors:  31%|███       | 1.09G/3.56G [00:30<01:32, 26.6MB/s][A




[1A
[1Amodel-00003-of-00004.safetensors:  11%|█         | 424M/3.86G [00:31<04:38, 12.4MB/s][A[A[A[A


[1A
[1Amodel-00002-of-00004.safetensors:  12%|█▏        | 465M/3.86G [00:31<12:35, 4.50MB/s][A[A



[1A
[1Amodel-00001-of-00004.safetensors:  11%|█         | 430M/3.95G [00:32<05:03, 11.6MB/s][A[A[A

[1Amodel-00004-of-00004.safetensors:  31%|███       | 1.09G/3.56G [00:31<02:10, 18.8MB/s][A




[1A
[1Amodel-00003-of-00004.safetensors:  11%|█         | 426M/3.86G [00:31<04:48, 11.9MB/s][A[A[A[A



[1A
[1Amodel-00001-of-00004.safetensors:  11%|█         | 432M/3.95G [00:32<04:47, 12.2MB/s][A[A[A


[1A
[1Amodel-00002-of-00004.safetensors:  12%|█▏        | 467M/3.86G [00:31<09:24, 6.02MB/s][A[A




[1Amodel-00003-of-00004.safetensors:  11%|█         | 429M/3.86G [00:31<03:48, 15.1MB/s][A[A[A[A

[1A
[1Amodel-00004-of-00004.safetensors:  31%|███       | 1.10G/3.56G [00:31<01:52, 21.8MB/s][A



[1A
[1Amodel-00001-of-00004.safetensors:  11%|█         | 435M/3.95G [00:32<03:52, 15.1MB/s][A[A[A


[1A
[1Amodel-00002-of-00004.safetensors:  12%|█▏        | 471M/3.86G [00:32<05:39, 10.0MB/s][A[A




[1Amodel-00003-of-00004.safetensors:  11%|█         | 433M/3.86G [00:31<02:49, 20.2MB/s][A[A[A[A



[1A
[1Amodel-00001-of-00004.safetensors:  11%|█         | 438M/3.95G [00:32<03:26, 17.0MB/s][A[A[A




[1A
[1Amodel-00003-of-00004.safetensors:  11%|█▏        | 436M/3.86G [00:32<02:32, 22.5MB/s][A[A[A[A


[1A
[1Amodel-00002-of-00004.safetensors:  12%|█▏        | 474M/3.86G [00:32<04:28, 12.6MB/s][A[A

[1Amodel-00004-of-00004.safetensors:  31%|███       | 1.10G/3.56G [00:31<02:08, 19.1MB/s][A




[1A
[1Amodel-00003-of-00004.safetensors:  11%|█▏        | 439M/3.86G [00:32<02:20, 24.4MB/s][A[A[A[A


[1A
[1Amodel-00002-of-00004.safetensors:  12%|█▏        | 476M/3.86G [00:32<04:02, 14.0MB/s][A[A



[1Amodel-00001-of-00004.safetensors:  11%|█         | 441M/3.95G [00:32<04:09, 14.1MB/s][A[A[A

[1A
[1Amodel-00004-of-00004.safetensors:  31%|███       | 1.10G/3.56G [00:31<02:27, 16.6MB/s][A

model-00002-of-00004.safetensors:  12%|█▏        | 478M/3.86G [00:32<04:27, 12.6MB/s][A[A



model-00003-of-00004.safetensors:  11%|█▏        | 442M/3.86G [00:32<02:58, 19.2MB/s][A[A[A[A

[1Amodel-00004-of-00004.safetensors:  31%|███       | 1.11G/3.56G [00:31<01:53, 21.6MB/s][A



[1A
[1Amodel-00001-of-00004.safetensors:  11%|█▏        | 446M/3.95G [00:32<03:18, 17.6MB/s][A[A[A




[1A
[1Amodel-00003-of-00004.safetensors:  12%|█▏        | 446M/3.86G [00:32<03:01, 18.8MB/s][A[A[A[A

model-00002-of-00004.safetensors:  12%|█▏        | 480M/3.86G [00:32<04:43, 11.9MB/s][A[A

[1Amodel-00004-of-00004.safetensors:  31%|███▏      | 1.11G/3.56G [00:32<01:52, 21.8MB/s][A



[1A
[1Amodel-00001-of-00004.safetensors:  11%|█▏        | 449M/3.95G [00:33<03:48, 15.3MB/s][A[A[A


[1Amodel-00002-of-00004.safetensors:  13%|█▎        | 483M/3.86G [00:33<05:18, 10.6MB/s][A[A

[1A
[1Amodel-00004-of-00004.safetensors:  31%|███▏      | 1.11G/3.56G [00:32<02:26, 16.6MB/s][A




[1Amodel-00003-of-00004.safetensors:  12%|█▏        | 449M/3.86G [00:32<04:08, 13.8MB/s][A[A[A[A

[1A
[1Amodel-00004-of-00004.safetensors:  31%|███▏      | 1.12G/3.56G [00:32<03:18, 12.3MB/s][A



[1A
[1Amodel-00001-of-00004.safetensors:  11%|█▏        | 451M/3.95G [00:33<06:12, 9.38MB/s][A[A[A




[1Amodel-00003-of-00004.safetensors:  12%|█▏        | 451M/3.86G [00:33<05:22, 10.6MB/s][A[A[A[A


[1Amodel-00002-of-00004.safetensors:  13%|█▎        | 485M/3.86G [00:33<06:51, 8.21MB/s][A[A


model-00001-of-00004.safetensors:  11%|█▏        | 453M/3.95G [00:33<05:26, 10.7MB/s][A[A[A
model-00004-of-00004.safetensors:  32%|███▏      | 1.12G/3.56G [00:32<02:31, 16.1MB/s][A




[1Amodel-00003-of-00004.safetensors:  12%|█▏        | 454M/3.86G [00:33<04:19, 13.1MB/s][A[A[A[A

[1A
[1Amodel-00004-of-00004.safetensors:  32%|███▏      | 1.12G/3.56G [00:33<02:49, 14.4MB/s][A



[1A
[1Amodel-00001-of-00004.safetensors:  12%|█▏        | 455M/3.95G [00:34<06:03, 9.60MB/s][A[A[A


[1A
[1Amodel-00002-of-00004.safetensors:  13%|█▎        | 487M/3.86G [00:33<08:35, 6.55MB/s][A[A




[1A
[1Amodel-00003-of-00004.safetensors:  12%|█▏        | 456M/3.86G [00:33<04:58, 11.4MB/s][A[A[A[A

[1A
[1Amodel-00004-of-00004.safetensors:  32%|███▏      | 1.13G/3.56G [00:33<02:00, 20.2MB/s][A



[1A
[1Amodel-00001-of-00004.safetensors:  12%|█▏        | 458M/3.95G [00:34<04:45, 12.2MB/s][A[A[A




[1A
[1Amodel-00003-of-00004.safetensors:  12%|█▏        | 460M/3.86G [00:33<03:40, 15.5MB/s][A[A[A[A


[1A
[1Amodel-00002-of-00004.safetensors:  13%|█▎        | 490M/3.86G [00:34<06:07, 9.19MB/s][A[A

[1A
[1Amodel-00004-of-00004.safetensors:  32%|███▏      | 1.13G/3.56G [00:33<01:35, 25.3MB/s][A



[1A
[1Amodel-00001-of-00004.safetensors:  12%|█▏        | 461M/3.95G [00:34<03:55, 14.8MB/s][A[A[A




[1A
[1Amodel-00003-of-00004.safetensors:  12%|█▏        | 465M/3.86G [00:33<02:56, 19.3MB/s][A[A[A[A


[1A
[1Amodel-00002-of-00004.safetensors:  13%|█▎        | 493M/3.86G [00:34<04:44, 11.9MB/s][A[A

[1A
[1Amodel-00004-of-00004.safetensors:  32%|███▏      | 1.14G/3.56G [00:33<01:20, 29.9MB/s][A



[1A
[1Amodel-00001-of-00004.safetensors:  12%|█▏        | 465M/3.95G [00:34<03:22, 17.2MB/s][A[A[A




[1Amodel-00003-of-00004.safetensors:  12%|█▏        | 469M/3.86G [00:34<02:29, 22.6MB/s][A[A[A[A


[1A
[1Amodel-00002-of-00004.safetensors:  13%|█▎        | 496M/3.86G [00:34<03:53, 14.4MB/s][A[A

[1A
[1Amodel-00004-of-00004.safetensors:  32%|███▏      | 1.15G/3.56G [00:33<01:10, 34.0MB/s][A



[1A
[1Amodel-00001-of-00004.safetensors:  12%|█▏        | 468M/3.95G [00:34<02:58, 19.5MB/s][A[A[A




[1A
[1Amodel-00003-of-00004.safetensors:  12%|█▏        | 473M/3.86G [00:34<02:13, 25.3MB/s][A[A[A[A


[1A
[1Amodel-00002-of-00004.safetensors:  13%|█▎        | 499M/3.86G [00:34<03:20, 16.8MB/s][A[A

[1A
[1Amodel-00004-of-00004.safetensors:  32%|███▏      | 1.15G/3.56G [00:33<01:04, 37.3MB/s][A



[1A
[1Amodel-00001-of-00004.safetensors:  12%|█▏        | 471M/3.95G [00:34<02:43, 21.2MB/s][A[A[A




[1A
[1Amodel-00003-of-00004.safetensors:  12%|█▏        | 477M/3.86G [00:34<02:01, 28.0MB/s][A[A[A[A


[1A
[1Amodel-00002-of-00004.safetensors:  13%|█▎        | 502M/3.86G [00:34<02:59, 18.7MB/s][A[A

[1A
[1Amodel-00004-of-00004.safetensors:  32%|███▏      | 1.16G/3.56G [00:33<00:59, 40.4MB/s][A




[1Amodel-00003-of-00004.safetensors:  12%|█▏        | 480M/3.86G [00:34<02:11, 25.7MB/s][A[A[A[A

[1Amodel-00004-of-00004.safetensors:  33%|███▎      | 1.16G/3.56G [00:33<00:58, 40.6MB/s][A



[1A
[1Amodel-00001-of-00004.safetensors:  12%|█▏        | 474M/3.95G [00:35<02:59, 19.3MB/s][A[A[A

[1A
[1Amodel-00004-of-00004.safetensors:  33%|███▎      | 1.17G/3.56G [00:33<00:55, 42.9MB/s][A


[1A
[1Amodel-00002-of-00004.safetensors:  13%|█▎        | 505M/3.86G [00:34<03:35, 15.6MB/s][A[A




[1A
[1Amodel-00003-of-00004.safetensors:  13%|█▎        | 483M/3.86G [00:34<02:23, 23.5MB/s][A[A[A[A

[1A
[1Amodel-00004-of-00004.safetensors:  33%|███▎      | 1.17G/3.56G [00:34<00:53, 44.9MB/s][A



[1A
[1Amodel-00001-of-00004.safetensors:  12%|█▏        | 477M/3.95G [00:35<03:12, 18.0MB/s][A[A[A

[1A
[1Amodel-00004-of-00004.safetensors:  33%|███▎      | 1.18G/3.56G [00:34<00:51, 46.0MB/s][A




[1Amodel-00003-of-00004.safetensors:  13%|█▎        | 487M/3.86G [00:34<02:35, 21.7MB/s][A[A[A[A



[1Amodel-00001-of-00004.safetensors:  12%|█▏        | 479M/3.95G [00:35<03:24, 16.9MB/s][A[A[A

[1A
[1Amodel-00004-of-00004.safetensors:  33%|███▎      | 1.18G/3.56G [00:34<00:50, 47.3MB/s][A


[1A
[1Amodel-00002-of-00004.safetensors:  13%|█▎        | 508M/3.86G [00:35<04:35, 12.2MB/s][A[A




[1Amodel-00003-of-00004.safetensors:  13%|█▎        | 490M/3.86G [00:34<02:41, 20.9MB/s][A[A[A[A



[1Amodel-00001-of-00004.safetensors:  12%|█▏        | 481M/3.95G [00:35<03:34, 16.2MB/s][A[A[A

[1A
[1Amodel-00004-of-00004.safetensors:  33%|███▎      | 1.19G/3.56G [00:34<00:49, 48.0MB/s][A

[1A
[1Amodel-00004-of-00004.safetensors:  34%|███▎      | 1.19G/3.56G [00:34<00:48, 48.8MB/s][A




[1A
[1Amodel-00003-of-00004.safetensors:  13%|█▎        | 493M/3.86G [00:35<02:43, 20.7MB/s][A[A[A[A



[1A
[1Amodel-00001-of-00004.safetensors:  12%|█▏        | 483M/3.95G [00:35<03:39, 15.8MB/s][A[A[A


[1Amodel-00002-of-00004.safetensors:  13%|█▎        | 510M/3.86G [00:35<05:11, 10.8MB/s][A[A

[1A
[1Amodel-00004-of-00004.safetensors:  34%|███▎      | 1.20G/3.56G [00:34<00:48, 48.9MB/s][A



[1A
[1Amodel-00001-of-00004.safetensors:  12%|█▏        | 485M/3.95G [00:35<03:47, 15.2MB/s][A[A[A




[1A
[1Amodel-00003-of-00004.safetensors:  13%|█▎        | 496M/3.86G [00:35<02:49, 19.8MB/s][A[A[A[A

[1A
[1Amodel-00004-of-00004.safetensors:  34%|███▍      | 1.20G/3.56G [00:34<00:47, 49.2MB/s][A


[1Amodel-00002-of-00004.safetensors:  13%|█▎        | 512M/3.86G [00:35<05:27, 10.2MB/s][A[A

[1A
[1Amodel-00004-of-00004.safetensors:  34%|███▍      | 1.21G/3.56G [00:34<00:47, 49.6MB/s][A




[1A
[1Amodel-00003-of-00004.safetensors:  13%|█▎        | 498M/3.86G [00:35<03:03, 18.4MB/s][A[A[A[A



[1Amodel-00001-of-00004.safetensors:  12%|█▏        | 488M/3.95G [00:35<04:09, 13.8MB/s][A[A[A

[1A
[1Amodel-00004-of-00004.safetensors:  34%|███▍      | 1.21G/3.56G [00:34<00:47, 49.4MB/s][A




[1A
[1Amodel-00003-of-00004.safetensors:  13%|█▎        | 500M/3.86G [00:35<03:10, 17.6MB/s][A[A[A[A


[1A
[1Amodel-00002-of-00004.safetensors:  13%|█▎        | 514M/3.86G [00:35<05:32, 10.1MB/s][A[A

[1A
[1Amodel-00004-of-00004.safetensors:  34%|███▍      | 1.22G/3.56G [00:35<00:47, 49.7MB/s][A



[1A
[1Amodel-00001-of-00004.safetensors:  12%|█▏        | 490M/3.95G [00:36<04:20, 13.3MB/s][A[A[A




[1Amodel-00003-of-00004.safetensors:  13%|█▎        | 502M/3.86G [00:35<03:17, 17.0MB/s][A[A[A[A

[1A
[1Amodel-00004-of-00004.safetensors:  34%|███▍      | 1.22G/3.56G [00:35<00:46, 50.0MB/s][A



[1A
[1Amodel-00001-of-00004.safetensors:  12%|█▏        | 492M/3.95G [00:36<04:25, 13.0MB/s][A[A[A


[1A
[1Amodel-00002-of-00004.safetensors:  13%|█▎        | 516M/3.86G [00:36<05:25, 10.3MB/s][A[A




[1A
[1Amodel-00003-of-00004.safetensors:  13%|█▎        | 504M/3.86G [00:35<03:18, 16.9MB/s][A[A[A[A

[1Amodel-00004-of-00004.safetensors:  35%|███▍      | 1.23G/3.56G [00:35<00:45, 50.6MB/s][A

[1Amodel-00004-of-00004.safetensors:  35%|███▍      | 1.24G/3.56G [00:35<00:45, 50.9MB/s][A




[1A
[1Amodel-00003-of-00004.safetensors:  13%|█▎        | 506M/3.86G [00:35<03:17, 17.0MB/s][A[A[A[A



[1A
[1Amodel-00001-of-00004.safetensors:  13%|█▎        | 494M/3.95G [00:36<04:23, 13.1MB/s][A[A[A


[1A
[1Amodel-00002-of-00004.safetensors:  13%|█▎        | 518M/3.86G [00:36<05:14, 10.6MB/s][A[A

[1A
[1Amodel-00004-of-00004.safetensors:  35%|███▍      | 1.24G/3.56G [00:35<00:45, 51.1MB/s][A




[1Amodel-00003-of-00004.safetensors:  13%|█▎        | 509M/3.86G [00:36<03:16, 17.0MB/s][A[A[A[A



[1A
[1Amodel-00001-of-00004.safetensors:  13%|█▎        | 496M/3.95G [00:36<04:22, 13.1MB/s][A[A[A


[1A
[1Amodel-00002-of-00004.safetensors:  13%|█▎        | 520M/3.86G [00:36<05:01, 11.1MB/s][A[A

[1A
[1Amodel-00004-of-00004.safetensors:  35%|███▌      | 1.25G/3.56G [00:35<00:44, 51.4MB/s][A




[1A
[1Amodel-00003-of-00004.safetensors:  13%|█▎        | 511M/3.86G [00:36<03:13, 17.3MB/s][A[A[A[A



[1Amodel-00001-of-00004.safetensors:  13%|█▎        | 498M/3.95G [00:36<04:13, 13.6MB/s][A[A[A

[1Amodel-00004-of-00004.safetensors:  35%|███▌      | 1.25G/3.56G [00:35<00:44, 52.0MB/s][A




[1A
[1Amodel-00003-of-00004.safetensors:  13%|█▎        | 513M/3.86G [00:36<03:11, 17.5MB/s][A[A[A[A


[1A
[1Amodel-00002-of-00004.safetensors:  14%|█▎        | 522M/3.86G [00:36<04:51, 11.5MB/s][A[A



[1A
[1Amodel-00001-of-00004.safetensors:  13%|█▎        | 500M/3.95G [00:36<04:09, 13.8MB/s][A[A[A

[1A
[1Amodel-00004-of-00004.safetensors:  35%|███▌      | 1.26G/3.56G [00:35<00:43, 52.6MB/s][A




[1A
[1Amodel-00003-of-00004.safetensors:  13%|█▎        | 515M/3.86G [00:36<03:05, 18.0MB/s][A[A[A[A


[1A
[1Amodel-00002-of-00004.safetensors:  14%|█▎        | 524M/3.86G [00:36<04:38, 12.0MB/s][A[A

[1A
[1Amodel-00004-of-00004.safetensors:  36%|███▌      | 1.27G/3.56G [00:35<00:43, 53.2MB/s][A




[1Amodel-00003-of-00004.safetensors:  13%|█▎        | 517M/3.86G [00:36<03:14, 17.2MB/s][A[A[A[A



[1A
[1Amodel-00001-of-00004.safetensors:  13%|█▎        | 502M/3.95G [00:37<04:13, 13.6MB/s][A[A[A

[1A
[1Amodel-00004-of-00004.safetensors:  36%|███▌      | 1.27G/3.56G [00:36<00:42, 53.5MB/s][A


[1Amodel-00002-of-00004.safetensors:  14%|█▎        | 526M/3.86G [00:36<04:54, 11.3MB/s][A[A




[1Amodel-00003-of-00004.safetensors:  13%|█▎        | 519M/3.86G [00:36<03:27, 16.1MB/s][A[A[A[A



[1Amodel-00001-of-00004.safetensors:  13%|█▎        | 504M/3.95G [00:37<04:30, 12.7MB/s][A[A[A

[1A
[1Amodel-00004-of-00004.safetensors:  36%|███▌      | 1.28G/3.56G [00:36<00:45, 50.4MB/s][A




[1A
[1Amodel-00003-of-00004.safetensors:  13%|█▎        | 521M/3.86G [00:36<03:36, 15.4MB/s][A[A[A[A


[1Amodel-00002-of-00004.safetensors:  14%|█▎        | 528M/3.86G [00:37<04:56, 11.2MB/s][A[A

[1A
[1Amodel-00004-of-00004.safetensors:  36%|███▌      | 1.28G/3.56G [00:36<00:49, 46.2MB/s][A



[1Amodel-00001-of-00004.safetensors:  13%|█▎        | 506M/3.95G [00:37<04:35, 12.5MB/s][A[A[A




[1A
[1Amodel-00003-of-00004.safetensors:  14%|█▎        | 523M/3.86G [00:37<03:33, 15.7MB/s][A[A[A[A

[1Amodel-00004-of-00004.safetensors:  36%|███▌      | 1.29G/3.56G [00:36<00:51, 44.0MB/s][A


[1Amodel-00002-of-00004.safetensors:  14%|█▎        | 531M/3.86G [00:37<04:54, 11.3MB/s][A[A



[1A
[1Amodel-00001-of-00004.safetensors:  13%|█▎        | 509M/3.95G [00:37<04:33, 12.6MB/s][A[A[A




[1A
[1Amodel-00003-of-00004.safetensors:  14%|█▎        | 525M/3.86G [00:37<03:34, 15.6MB/s][A[A[A[A

[1Amodel-00004-of-00004.safetensors:  36%|███▋      | 1.29G/3.56G [00:36<00:53, 42.7MB/s][A


[1Amodel-00002-of-00004.safetensors:  14%|█▍        | 533M/3.86G [00:37<04:45, 11.7MB/s][A[A




[1A
[1Amodel-00003-of-00004.safetensors:  14%|█▎        | 527M/3.86G [00:37<03:30, 15.9MB/s][A[A[A[A



[1A
[1Amodel-00001-of-00004.safetensors:  13%|█▎        | 511M/3.95G [00:37<04:28, 12.8MB/s][A[A[A

[1Amodel-00004-of-00004.safetensors:  37%|███▋      | 1.30G/3.56G [00:36<00:54, 41.6MB/s][A




[1A
[1Amodel-00003-of-00004.safetensors:  14%|█▎        | 530M/3.86G [00:37<03:26, 16.1MB/s][A[A[A[A


[1A
[1Amodel-00002-of-00004.safetensors:  14%|█▍        | 535M/3.86G [00:37<04:37, 12.0MB/s][A[A



[1A
[1Amodel-00001-of-00004.safetensors:  13%|█▎        | 513M/3.95G [00:37<04:24, 13.0MB/s][A[A[A

[1Amodel-00004-of-00004.safetensors:  37%|███▋      | 1.30G/3.56G [00:36<00:54, 41.1MB/s][A




[1A
[1Amodel-00003-of-00004.safetensors:  14%|█▍        | 532M/3.86G [00:37<03:21, 16.6MB/s][A[A[A[A

[1A
[1Amodel-00004-of-00004.safetensors:  37%|███▋      | 1.31G/3.56G [00:36<00:55, 40.9MB/s][A


[1Amodel-00002-of-00004.safetensors:  14%|█▍        | 537M/3.86G [00:37<04:25, 12.5MB/s][A[A



[1A
[1Amodel-00001-of-00004.safetensors:  13%|█▎        | 515M/3.95G [00:38<04:16, 13.4MB/s][A[A[A




[1Amodel-00003-of-00004.safetensors:  14%|█▍        | 534M/3.86G [00:37<03:15, 17.0MB/s][A[A[A[A

[1Amodel-00004-of-00004.safetensors:  37%|███▋      | 1.31G/3.56G [00:37<00:54, 41.0MB/s][A


[1A
[1Amodel-00002-of-00004.safetensors:  14%|█▍        | 539M/3.86G [00:37<04:15, 13.0MB/s][A[A



[1A
[1Amodel-00001-of-00004.safetensors:  13%|█▎        | 517M/3.95G [00:38<04:08, 13.8MB/s][A[A[A




[1A
[1Amodel-00003-of-00004.safetensors:  14%|█▍        | 536M/3.86G [00:37<03:09, 17.5MB/s][A[A[A[A

[1A
[1Amodel-00004-of-00004.safetensors:  37%|███▋      | 1.32G/3.56G [00:37<00:54, 40.8MB/s][A




[1A
[1Amodel-00003-of-00004.safetensors:  14%|█▍        | 538M/3.86G [00:37<03:05, 17.9MB/s][A[A[A[A

[1Amodel-00004-of-00004.safetensors:  37%|███▋      | 1.32G/3.56G [00:37<00:54, 41.0MB/s][A



[1A
[1Amodel-00001-of-00004.safetensors:  13%|█▎        | 519M/3.95G [00:38<04:11, 13.6MB/s][A[A[A


[1A
[1Amodel-00002-of-00004.safetensors:  14%|█▍        | 541M/3.86G [00:38<04:21, 12.7MB/s][A[A




[1Amodel-00003-of-00004.safetensors:  14%|█▍        | 540M/3.86G [00:37<03:01, 18.3MB/s][A[A[A[A

[1A
[1Amodel-00004-of-00004.safetensors:  37%|███▋      | 1.32G/3.56G [00:37<00:54, 41.3MB/s][A


[1Amodel-00002-of-00004.safetensors:  14%|█▍        | 543M/3.86G [00:38<04:30, 12.3MB/s][A[A

[1A
[1Amodel-00004-of-00004.safetensors:  37%|███▋      | 1.33G/3.56G [00:37<00:53, 41.8MB/s][A




[1Amodel-00003-of-00004.safetensors:  14%|█▍        | 542M/3.86G [00:38<03:09, 17.6MB/s][A[A[A[A



[1A
[1Amodel-00001-of-00004.safetensors:  13%|█▎        | 521M/3.95G [00:38<04:40, 12.2MB/s][A[A[A

[1Amodel-00004-of-00004.safetensors:  38%|███▊      | 1.33G/3.56G [00:37<00:53, 41.8MB/s][A




[1A
[1Amodel-00003-of-00004.safetensors:  14%|█▍        | 544M/3.86G [00:38<03:20, 16.5MB/s][A[A[A[A


[1A
[1Amodel-00002-of-00004.safetensors:  14%|█▍        | 545M/3.86G [00:38<04:34, 12.1MB/s][A[A

[1A
[1Amodel-00004-of-00004.safetensors:  38%|███▊      | 1.34G/3.56G [00:37<00:51, 42.9MB/s][A



[1Amodel-00001-of-00004.safetensors:  13%|█▎        | 523M/3.95G [00:38<05:15, 10.9MB/s][A[A[A




[1Amodel-00003-of-00004.safetensors:  14%|█▍        | 546M/3.86G [00:38<03:25, 16.2MB/s][A[A[A[A

[1Amodel-00004-of-00004.safetensors:  38%|███▊      | 1.34G/3.56G [00:37<00:51, 43.3MB/s][A


[1A
[1Amodel-00002-of-00004.safetensors:  14%|█▍        | 547M/3.86G [00:38<04:31, 12.2MB/s][A[A




[1A
[1Amodel-00003-of-00004.safetensors:  14%|█▍        | 548M/3.86G [00:38<03:28, 15.9MB/s][A[A[A[A



[1Amodel-00001-of-00004.safetensors:  13%|█▎        | 525M/3.95G [00:39<05:29, 10.4MB/s][A[A[A

[1A
[1Amodel-00004-of-00004.safetensors:  38%|███▊      | 1.35G/3.56G [00:37<00:53, 40.9MB/s][A


[1A
[1Amodel-00002-of-00004.safetensors:  14%|█▍        | 549M/3.86G [00:38<04:24, 12.5MB/s][A[A




[1A
[1Amodel-00003-of-00004.safetensors:  14%|█▍        | 551M/3.86G [00:38<03:26, 16.1MB/s][A[A[A[A

[1A
[1Amodel-00004-of-00004.safetensors:  38%|███▊      | 1.35G/3.56G [00:38<00:57, 38.0MB/s][A


[1A
[1Amodel-00002-of-00004.safetensors:  14%|█▍        | 552M/3.86G [00:38<04:17, 12.9MB/s][A[A




[1A
[1Amodel-00003-of-00004.safetensors:  14%|█▍        | 553M/3.86G [00:38<03:22, 16.4MB/s][A[A[A[A



[1Amodel-00001-of-00004.safetensors:  13%|█▎        | 527M/3.95G [00:39<05:29, 10.4MB/s][A[A[A

[1Amodel-00004-of-00004.safetensors:  38%|███▊      | 1.36G/3.56G [00:38<01:00, 36.2MB/s][A


[1A
[1Amodel-00002-of-00004.safetensors:  14%|█▍        | 554M/3.86G [00:39<04:08, 13.3MB/s][A[A




[1A
[1Amodel-00003-of-00004.safetensors:  14%|█▍        | 555M/3.86G [00:38<03:19, 16.6MB/s][A[A[A[A



[1A
[1Amodel-00001-of-00004.safetensors:  13%|█▎        | 530M/3.95G [00:39<05:22, 10.6MB/s][A[A[A

[1Amodel-00004-of-00004.safetensors:  38%|███▊      | 1.36G/3.56G [00:38<01:02, 35.0MB/s][A




[1A
[1Amodel-00003-of-00004.safetensors:  14%|█▍        | 557M/3.86G [00:39<03:14, 17.0MB/s][A[A[A[A


[1A
[1Amodel-00002-of-00004.safetensors:  14%|█▍        | 556M/3.86G [00:39<03:59, 13.8MB/s][A[A

[1A
[1Amodel-00004-of-00004.safetensors:  38%|███▊      | 1.37G/3.56G [00:38<01:03, 34.4MB/s][A




[1A
[1Amodel-00003-of-00004.safetensors:  14%|█▍        | 559M/3.86G [00:39<03:08, 17.6MB/s][A[A[A[A



[1Amodel-00001-of-00004.safetensors:  13%|█▎        | 532M/3.95G [00:39<05:13, 10.9MB/s][A[A[A


[1Amodel-00002-of-00004.safetensors:  14%|█▍        | 558M/3.86G [00:39<03:51, 14.3MB/s][A[A

[1Amodel-00004-of-00004.safetensors:  39%|███▊      | 1.37G/3.56G [00:38<01:03, 34.2MB/s][A




[1A
[1Amodel-00003-of-00004.safetensors:  15%|█▍        | 561M/3.86G [00:39<03:04, 17.9MB/s][A[A[A[A


[1A
[1Amodel-00002-of-00004.safetensors:  14%|█▍        | 560M/3.86G [00:39<03:42, 14.8MB/s][A[A



[1A
[1Amodel-00001-of-00004.safetensors:  14%|█▎        | 534M/3.95G [00:39<05:00, 11.3MB/s][A[A[A

[1A
[1Amodel-00004-of-00004.safetensors:  39%|███▊      | 1.37G/3.56G [00:38<01:03, 34.4MB/s][A




[1A
[1Amodel-00003-of-00004.safetensors:  15%|█▍        | 563M/3.86G [00:39<03:01, 18.2MB/s][A[A[A[A


[1A
[1Amodel-00002-of-00004.safetensors:  15%|█▍        | 562M/3.86G [00:39<03:41, 14.9MB/s][A[A




[1A
[1Amodel-00003-of-00004.safetensors:  15%|█▍        | 565M/3.86G [00:39<03:00, 18.2MB/s][A[A[A[A

[1Amodel-00004-of-00004.safetensors:  39%|███▉      | 1.38G/3.56G [00:38<01:03, 34.5MB/s][A



[1A
[1Amodel-00001-of-00004.safetensors:  14%|█▎        | 536M/3.95G [00:39<05:01, 11.3MB/s][A[A[A

[1Amodel-00004-of-00004.safetensors:  39%|███▉      | 1.38G/3.56G [00:38<01:02, 34.7MB/s][A


[1A
[1Amodel-00002-of-00004.safetensors:  15%|█▍        | 564M/3.86G [00:39<03:53, 14.1MB/s][A[A




[1A
[1Amodel-00003-of-00004.safetensors:  15%|█▍        | 567M/3.86G [00:39<03:16, 16.8MB/s][A[A[A[A

[1A
[1Amodel-00004-of-00004.safetensors:  39%|███▉      | 1.39G/3.56G [00:39<01:02, 35.0MB/s][A



[1A
[1Amodel-00001-of-00004.safetensors:  14%|█▎        | 538M/3.95G [00:40<05:17, 10.7MB/s][A[A[A




[1Amodel-00003-of-00004.safetensors:  15%|█▍        | 569M/3.86G [00:39<03:23, 16.2MB/s][A[A[A[A


[1Amodel-00002-of-00004.safetensors:  15%|█▍        | 566M/3.86G [00:39<04:01, 13.6MB/s][A[A

[1Amodel-00004-of-00004.safetensors:  39%|███▉      | 1.39G/3.56G [00:39<01:01, 35.4MB/s][A




[1A
[1Amodel-00003-of-00004.safetensors:  15%|█▍        | 571M/3.86G [00:39<03:26, 15.9MB/s][A[A[A[A



[1A
[1Amodel-00001-of-00004.safetensors:  14%|█▎        | 540M/3.95G [00:40<05:19, 10.7MB/s][A[A[A


[1A
[1Amodel-00002-of-00004.safetensors:  15%|█▍        | 568M/3.86G [00:40<04:02, 13.6MB/s][A[A

[1Amodel-00004-of-00004.safetensors:  39%|███▉      | 1.40G/3.56G [00:39<01:00, 35.6MB/s][A




[1A
[1Amodel-00003-of-00004.safetensors:  15%|█▍        | 574M/3.86G [00:40<03:27, 15.9MB/s][A[A[A[A

[1A
[1Amodel-00004-of-00004.safetensors:  39%|███▉      | 1.40G/3.56G [00:39<00:59, 36.2MB/s][A


[1A
[1Amodel-00002-of-00004.safetensors:  15%|█▍        | 570M/3.86G [00:40<03:59, 13.7MB/s][A[A



[1Amodel-00001-of-00004.safetensors:  14%|█▎        | 542M/3.95G [00:40<05:13, 10.9MB/s][A[A[A




[1Amodel-00003-of-00004.safetensors:  15%|█▍        | 576M/3.86G [00:40<03:24, 16.1MB/s][A[A[A[A

[1A
[1Amodel-00004-of-00004.safetensors:  39%|███▉      | 1.40G/3.56G [00:39<00:58, 36.7MB/s][A


[1A
[1Amodel-00002-of-00004.safetensors:  15%|█▍        | 573M/3.86G [00:40<03:54, 14.0MB/s][A[A




[1Amodel-00003-of-00004.safetensors:  15%|█▍        | 578M/3.86G [00:40<03:19, 16.5MB/s][A[A[A[A

[1Amodel-00004-of-00004.safetensors:  40%|███▉      | 1.41G/3.56G [00:39<00:58, 36.7MB/s][A



[1Amodel-00001-of-00004.safetensors:  14%|█▍        | 544M/3.95G [00:40<05:03, 11.2MB/s][A[A[A


[1A
[1Amodel-00002-of-00004.safetensors:  15%|█▍        | 575M/3.86G [00:40<03:49, 14.4MB/s][A[A

[1Amodel-00004-of-00004.safetensors:  40%|███▉      | 1.41G/3.56G [00:39<00:57, 37.5MB/s][A




[1Amodel-00003-of-00004.safetensors:  15%|█▌        | 580M/3.86G [00:40<03:16, 16.7MB/s][A[A[A[A



[1A
[1Amodel-00001-of-00004.safetensors:  14%|█▍        | 546M/3.95G [00:40<04:54, 11.5MB/s][A[A[A

[1A
[1Amodel-00004-of-00004.safetensors:  40%|███▉      | 1.42G/3.56G [00:39<00:56, 38.1MB/s][A


[1A
[1Amodel-00002-of-00004.safetensors:  15%|█▍        | 577M/3.86G [00:40<03:42, 14.8MB/s][A[A




[1A
[1Amodel-00003-of-00004.safetensors:  15%|█▌        | 582M/3.86G [00:40<03:10, 17.2MB/s][A[A[A[A

[1A
[1Amodel-00004-of-00004.safetensors:  40%|███▉      | 1.42G/3.56G [00:39<00:55, 38.6MB/s][A



[1A
[1Amodel-00001-of-00004.safetensors:  14%|█▍        | 548M/3.95G [00:41<04:46, 11.9MB/s][A[A[A




[1A
[1Amodel-00003-of-00004.safetensors:  15%|█▌        | 584M/3.86G [00:40<03:11, 17.1MB/s][A[A[A[A


[1Amodel-00002-of-00004.safetensors:  15%|█▍        | 579M/3.86G [00:40<03:53, 14.1MB/s][A[A

[1Amodel-00004-of-00004.safetensors:  40%|████      | 1.43G/3.56G [00:40<00:54, 39.0MB/s][A




[1A
[1Amodel-00003-of-00004.safetensors:  15%|█▌        | 586M/3.86G [00:40<03:26, 15.9MB/s][A[A[A[A

[1Amodel-00004-of-00004.safetensors:  40%|████      | 1.43G/3.56G [00:40<00:53, 39.5MB/s][A



[1Amodel-00001-of-00004.safetensors:  14%|█▍        | 551M/3.95G [00:41<05:03, 11.2MB/s][A[A[A


[1A
[1Amodel-00002-of-00004.safetensors:  15%|█▌        | 581M/3.86G [00:41<04:37, 11.8MB/s][A[A

[1A
[1Amodel-00004-of-00004.safetensors:  40%|████      | 1.43G/3.56G [00:40<00:53, 39.7MB/s][A




[1Amodel-00003-of-00004.safetensors:  15%|█▌        | 588M/3.86G [00:40<03:34, 15.3MB/s][A[A[A[A

[1Amodel-00004-of-00004.safetensors:  40%|████      | 1.44G/3.56G [00:40<00:52, 40.0MB/s][A



[1Amodel-00001-of-00004.safetensors:  14%|█▍        | 553M/3.95G [00:41<05:09, 11.0MB/s][A[A[A




[1A
[1Amodel-00003-of-00004.safetensors:  15%|█▌        | 590M/3.86G [00:41<03:36, 15.1MB/s][A[A[A[A

[1Amodel-00004-of-00004.safetensors:  41%|████      | 1.44G/3.56G [00:40<00:52, 40.4MB/s][A


[1A
[1Amodel-00002-of-00004.safetensors:  15%|█▌        | 583M/3.86G [00:41<05:00, 10.9MB/s][A[A

[1A
[1Amodel-00004-of-00004.safetensors:  41%|████      | 1.45G/3.56G [00:40<00:52, 40.5MB/s][A




[1Amodel-00003-of-00004.safetensors:  15%|█▌        | 592M/3.86G [00:41<03:35, 15.2MB/s][A[A[A[A



[1A
[1Amodel-00001-of-00004.safetensors:  14%|█▍        | 555M/3.95G [00:41<05:06, 11.1MB/s][A[A[A


[1A
[1Amodel-00002-of-00004.safetensors:  15%|█▌        | 585M/3.86G [00:41<05:06, 10.7MB/s][A[A

[1A
[1Amodel-00004-of-00004.safetensors:  41%|████      | 1.45G/3.56G [00:40<00:51, 41.1MB/s][A




[1A
[1Amodel-00003-of-00004.safetensors:  15%|█▌        | 595M/3.86G [00:41<03:34, 15.3MB/s][A[A[A[A



[1A
[1Amodel-00001-of-00004.safetensors:  14%|█▍        | 557M/3.95G [00:41<04:58, 11.3MB/s][A[A[A

[1A
[1Amodel-00004-of-00004.safetensors:  41%|████      | 1.46G/3.56G [00:40<00:50, 41.8MB/s][A




[1A
[1Amodel-00003-of-00004.safetensors:  15%|█▌        | 597M/3.86G [00:41<03:28, 15.7MB/s][A[A[A[A


[1Amodel-00002-of-00004.safetensors:  15%|█▌        | 587M/3.86G [00:41<05:00, 10.9MB/s][A[A



[1Amodel-00001-of-00004.safetensors:  14%|█▍        | 559M/3.95G [00:42<04:49, 11.7MB/s][A[A[A

[1A
[1Amodel-00004-of-00004.safetensors:  41%|████      | 1.46G/3.56G [00:40<00:49, 42.5MB/s][A




[1Amodel-00003-of-00004.safetensors:  15%|█▌        | 599M/3.86G [00:41<03:24, 16.0MB/s][A[A[A[A


[1A
[1Amodel-00002-of-00004.safetensors:  15%|█▌        | 589M/3.86G [00:41<04:52, 11.2MB/s][A[A

[1Amodel-00004-of-00004.safetensors:  41%|████      | 1.47G/3.56G [00:41<00:48, 43.1MB/s][A



[1A
[1Amodel-00001-of-00004.safetensors:  14%|█▍        | 561M/3.95G [00:42<04:39, 12.1MB/s][A[A[A




[1A
[1Amodel-00003-of-00004.safetensors:  16%|█▌        | 601M/3.86G [00:41<03:17, 16.5MB/s][A[A[A[A

[1A
[1Amodel-00004-of-00004.safetensors:  41%|████▏     | 1.47G/3.56G [00:41<00:47, 43.7MB/s][A




[1A
[1Amodel-00003-of-00004.safetensors:  16%|█▌        | 603M/3.86G [00:41<03:11, 17.0MB/s][A[A[A[A


[1A
[1Amodel-00002-of-00004.safetensors:  15%|█▌        | 591M/3.86G [00:42<04:42, 11.6MB/s][A[A



[1A
[1Amodel-00001-of-00004.safetensors:  14%|█▍        | 563M/3.95G [00:42<04:29, 12.5MB/s][A[A[A

[1Amodel-00004-of-00004.safetensors:  42%|████▏     | 1.48G/3.56G [00:41<00:47, 43.9MB/s][A




[1A
[1Amodel-00003-of-00004.safetensors:  16%|█▌        | 605M/3.86G [00:41<03:07, 17.4MB/s][A[A[A[A



[1A
[1Amodel-00001-of-00004.safetensors:  14%|█▍        | 565M/3.95G [00:42<04:18, 13.1MB/s][A[A[A


[1Amodel-00002-of-00004.safetensors:  15%|█▌        | 593M/3.86G [00:42<04:30, 12.1MB/s][A[A

[1A
[1Amodel-00004-of-00004.safetensors:  42%|████▏     | 1.48G/3.56G [00:41<00:46, 44.7MB/s][A




[1Amodel-00003-of-00004.safetensors:  16%|█▌        | 607M/3.86G [00:42<03:03, 17.8MB/s][A[A[A[A



[1A
[1Amodel-00001-of-00004.safetensors:  14%|█▍        | 567M/3.95G [00:42<04:09, 13.5MB/s][A[A[A

[1A
[1Amodel-00004-of-00004.safetensors:  42%|████▏     | 1.49G/3.56G [00:41<00:46, 44.6MB/s][A




[1A
[1Amodel-00003-of-00004.safetensors:  16%|█▌        | 609M/3.86G [00:42<02:57, 18.3MB/s][A[A[A[A


[1A
[1Amodel-00002-of-00004.safetensors:  15%|█▌        | 596M/3.86G [00:42<04:19, 12.6MB/s][A[A




[1A
[1Amodel-00003-of-00004.safetensors:  16%|█▌        | 611M/3.86G [00:42<02:53, 18.8MB/s][A[A[A[A

[1A
[1Amodel-00004-of-00004.safetensors:  42%|████▏     | 1.49G/3.56G [00:41<00:45, 45.1MB/s][A



[1A
[1Amodel-00001-of-00004.safetensors:  14%|█▍        | 569M/3.95G [00:42<03:59, 14.1MB/s][A[A[A


[1A
[1Amodel-00002-of-00004.safetensors:  15%|█▌        | 598M/3.86G [00:42<04:09, 13.1MB/s][A[A




[1A
[1Amodel-00003-of-00004.safetensors:  16%|█▌        | 613M/3.86G [00:42<02:48, 19.3MB/s][A[A[A[A

[1A
[1Amodel-00004-of-00004.safetensors:  42%|████▏     | 1.50G/3.56G [00:41<00:45, 45.6MB/s][A



[1Amodel-00001-of-00004.safetensors:  14%|█▍        | 571M/3.95G [00:42<03:50, 14.6MB/s][A[A[A


[1A
[1Amodel-00002-of-00004.safetensors:  16%|█▌        | 600M/3.86G [00:42<03:57, 13.7MB/s][A[A




[1Amodel-00003-of-00004.safetensors:  16%|█▌        | 616M/3.86G [00:42<02:50, 19.0MB/s][A[A[A[A

[1Amodel-00004-of-00004.safetensors:  42%|████▏     | 1.50G/3.56G [00:41<00:44, 45.8MB/s][A

[1Amodel-00004-of-00004.safetensors:  42%|████▏     | 1.51G/3.56G [00:41<00:43, 46.6MB/s][A




[1A
[1Amodel-00003-of-00004.safetensors:  16%|█▌        | 618M/3.86G [00:42<03:04, 17.6MB/s][A[A[A[A



[1A
[1Amodel-00001-of-00004.safetensors:  15%|█▍        | 574M/3.95G [00:43<04:23, 12.8MB/s][A[A[A


[1A
[1Amodel-00002-of-00004.safetensors:  16%|█▌        | 602M/3.86G [00:42<04:13, 12.9MB/s][A[A

[1Amodel-00004-of-00004.safetensors:  43%|████▎     | 1.51G/3.56G [00:42<00:43, 47.0MB/s][A




[1A
[1Amodel-00003-of-00004.safetensors:  16%|█▌        | 620M/3.86G [00:42<03:12, 16.8MB/s][A[A[A[A


[1Amodel-00002-of-00004.safetensors:  16%|█▌        | 604M/3.86G [00:42<04:22, 12.4MB/s][A[A

[1Amodel-00004-of-00004.safetensors:  43%|████▎     | 1.52G/3.56G [00:42<00:42, 47.8MB/s][A



[1Amodel-00001-of-00004.safetensors:  15%|█▍        | 576M/3.95G [00:43<04:58, 11.3MB/s][A[A[A




[1A
[1Amodel-00003-of-00004.safetensors:  16%|█▌        | 622M/3.86G [00:42<03:15, 16.6MB/s][A[A[A[A

[1A
[1Amodel-00004-of-00004.safetensors:  43%|████▎     | 1.52G/3.56G [00:42<00:41, 48.4MB/s][A


[1A
[1Amodel-00002-of-00004.safetensors:  16%|█▌        | 606M/3.86G [00:43<04:22, 12.4MB/s][A[A




[1A
[1Amodel-00003-of-00004.safetensors:  16%|█▌        | 624M/3.86G [00:43<03:15, 16.6MB/s][A[A[A[A

[1A
[1Amodel-00004-of-00004.safetensors:  43%|████▎     | 1.53G/3.56G [00:42<00:41, 48.7MB/s][A



[1A
[1Amodel-00001-of-00004.safetensors:  15%|█▍        | 578M/3.95G [00:43<05:12, 10.8MB/s][A[A[A

[1A
[1Amodel-00004-of-00004.safetensors:  43%|████▎     | 1.54G/3.56G [00:42<00:41, 48.8MB/s][A




[1A
[1Amodel-00003-of-00004.safetensors:  16%|█▌        | 626M/3.86G [00:43<03:14, 16.7MB/s][A[A[A[A


[1Amodel-00002-of-00004.safetensors:  16%|█▌        | 608M/3.86G [00:43<04:19, 12.5MB/s][A[A

[1A
[1Amodel-00004-of-00004.safetensors:  43%|████▎     | 1.54G/3.56G [00:42<00:40, 49.3MB/s][A




[1Amodel-00003-of-00004.safetensors:  16%|█▋        | 628M/3.86G [00:43<03:10, 17.0MB/s][A[A[A[A



[1Amodel-00001-of-00004.safetensors:  15%|█▍        | 580M/3.95G [00:43<05:13, 10.7MB/s][A[A[A


[1A
[1Amodel-00002-of-00004.safetensors:  16%|█▌        | 610M/3.86G [00:43<04:11, 12.9MB/s][A[A

[1A
[1Amodel-00004-of-00004.safetensors:  43%|████▎     | 1.55G/3.56G [00:42<00:42, 47.1MB/s][A




[1Amodel-00003-of-00004.safetensors:  16%|█▋        | 630M/3.86G [00:43<03:06, 17.3MB/s][A[A[A[A


[1Amodel-00002-of-00004.safetensors:  16%|█▌        | 612M/3.86G [00:43<04:04, 13.3MB/s][A[A



[1A
[1Amodel-00001-of-00004.safetensors:  15%|█▍        | 582M/3.95G [00:43<05:07, 10.9MB/s][A[A[A




[1A
[1Amodel-00003-of-00004.safetensors:  16%|█▋        | 632M/3.86G [00:43<03:02, 17.7MB/s][A[A[A[A

[1A
[1Amodel-00004-of-00004.safetensors:  44%|████▎     | 1.55G/3.56G [00:42<00:46, 42.9MB/s][A


[1A
[1Amodel-00002-of-00004.safetensors:  16%|█▌        | 614M/3.86G [00:43<03:54, 13.8MB/s][A[A




[1Amodel-00003-of-00004.safetensors:  16%|█▋        | 634M/3.86G [00:43<02:58, 18.1MB/s][A[A[A[A



[1A
[1Amodel-00001-of-00004.safetensors:  15%|█▍        | 584M/3.95G [00:44<05:00, 11.2MB/s][A[A[A

[1Amodel-00004-of-00004.safetensors:  44%|████▍     | 1.56G/3.56G [00:43<00:48, 41.1MB/s][A




[1A
[1Amodel-00003-of-00004.safetensors:  16%|█▋        | 636M/3.86G [00:43<02:55, 18.4MB/s][A[A[A[A


[1A
[1Amodel-00002-of-00004.safetensors:  16%|█▌        | 617M/3.86G [00:43<03:48, 14.2MB/s][A[A

[1A
[1Amodel-00004-of-00004.safetensors:  44%|████▍     | 1.56G/3.56G [00:43<00:49, 40.2MB/s][A



[1A
[1Amodel-00001-of-00004.safetensors:  15%|█▍        | 586M/3.95G [00:44<04:49, 11.6MB/s][A[A[A




[1A
[1Amodel-00003-of-00004.safetensors:  17%|█▋        | 639M/3.86G [00:43<02:50, 18.9MB/s][A[A[A[A


[1A
[1Amodel-00002-of-00004.safetensors:  16%|█▌        | 619M/3.86G [00:43<03:39, 14.8MB/s][A[A

[1A
[1Amodel-00004-of-00004.safetensors:  44%|████▍     | 1.56G/3.56G [00:43<00:50, 39.7MB/s][A




[1A
[1Amodel-00003-of-00004.safetensors:  17%|█▋        | 641M/3.86G [00:43<02:55, 18.4MB/s][A[A[A[A

[1A
[1Amodel-00004-of-00004.safetensors:  44%|████▍     | 1.57G/3.56G [00:43<00:49, 39.8MB/s][A



[1A
[1Amodel-00001-of-00004.safetensors:  15%|█▍        | 588M/3.95G [00:44<05:01, 11.1MB/s][A[A[A


[1Amodel-00002-of-00004.safetensors:  16%|█▌        | 621M/3.86G [00:44<03:50, 14.1MB/s][A[A




[1A
[1Amodel-00003-of-00004.safetensors:  17%|█▋        | 643M/3.86G [00:44<03:08, 17.0MB/s][A[A[A[A

[1Amodel-00004-of-00004.safetensors:  44%|████▍     | 1.57G/3.56G [00:43<00:49, 39.7MB/s][A


[1A
[1Amodel-00002-of-00004.safetensors:  16%|█▌        | 623M/3.86G [00:44<04:00, 13.5MB/s][A[A

[1Amodel-00004-of-00004.safetensors:  44%|████▍     | 1.58G/3.56G [00:43<00:49, 40.0MB/s][A




[1Amodel-00003-of-00004.safetensors:  17%|█▋        | 645M/3.86G [00:44<03:14, 16.6MB/s][A[A[A[A



[1A
[1Amodel-00001-of-00004.safetensors:  15%|█▍        | 590M/3.95G [00:44<05:11, 10.8MB/s][A[A[A

[1Amodel-00004-of-00004.safetensors:  44%|████▍     | 1.58G/3.56G [00:43<00:49, 40.1MB/s][A




[1A
[1Amodel-00003-of-00004.safetensors:  17%|█▋        | 647M/3.86G [00:44<03:17, 16.3MB/s][A[A[A[A


[1A
[1Amodel-00002-of-00004.safetensors:  16%|█▌        | 625M/3.86G [00:44<04:03, 13.3MB/s][A[A

[1Amodel-00004-of-00004.safetensors:  45%|████▍     | 1.59G/3.56G [00:43<00:49, 40.2MB/s][A



[1A
[1Amodel-00001-of-00004.safetensors:  15%|█▌        | 592M/3.95G [00:44<05:11, 10.8MB/s][A[A[A




[1A
[1Amodel-00003-of-00004.safetensors:  17%|█▋        | 649M/3.86G [00:44<03:16, 16.3MB/s][A[A[A[A

[1Amodel-00004-of-00004.safetensors:  45%|████▍     | 1.59G/3.56G [00:43<00:48, 40.4MB/s][A


[1A
[1Amodel-00002-of-00004.safetensors:  16%|█▌        | 627M/3.86G [00:44<04:02, 13.4MB/s][A[A




[1Amodel-00003-of-00004.safetensors:  17%|█▋        | 651M/3.86G [00:44<03:14, 16.5MB/s][A[A[A[A



[1A
[1Amodel-00001-of-00004.safetensors:  15%|█▌        | 595M/3.95G [00:45<05:05, 11.0MB/s][A[A[A

[1A
[1Amodel-00004-of-00004.safetensors:  45%|████▍     | 1.59G/3.56G [00:44<00:48, 40.8MB/s][A


[1Amodel-00002-of-00004.safetensors:  16%|█▋        | 629M/3.86G [00:44<04:00, 13.5MB/s][A[A




[1A
[1Amodel-00003-of-00004.safetensors:  17%|█▋        | 653M/3.86G [00:44<03:11, 16.8MB/s][A[A[A[A

[1A
[1Amodel-00004-of-00004.safetensors:  45%|████▍     | 1.60G/3.56G [00:44<00:47, 41.6MB/s][A



[1Amodel-00001-of-00004.safetensors:  15%|█▌        | 597M/3.95G [00:45<04:56, 11.3MB/s][A[A[A


[1A
[1Amodel-00002-of-00004.safetensors:  16%|█▋        | 631M/3.86G [00:44<03:52, 13.9MB/s][A[A




[1A
[1Amodel-00003-of-00004.safetensors:  17%|█▋        | 655M/3.86G [00:44<03:06, 17.2MB/s][A[A[A[A

[1A
[1Amodel-00004-of-00004.safetensors:  45%|████▌     | 1.61G/3.56G [00:44<00:46, 42.1MB/s][A


[1A
[1Amodel-00002-of-00004.safetensors:  16%|█▋        | 633M/3.86G [00:45<03:45, 14.4MB/s][A[A



[1A
[1Amodel-00001-of-00004.safetensors:  15%|█▌        | 599M/3.95G [00:45<04:45, 11.7MB/s][A[A[A




[1Amodel-00003-of-00004.safetensors:  17%|█▋        | 657M/3.86G [00:44<03:02, 17.6MB/s][A[A[A[A

[1Amodel-00004-of-00004.safetensors:  45%|████▌     | 1.61G/3.56G [00:44<00:45, 42.9MB/s][A




[1A
[1Amodel-00003-of-00004.safetensors:  17%|█▋        | 660M/3.86G [00:45<03:08, 17.0MB/s][A[A[A[A


[1A
[1Amodel-00002-of-00004.safetensors:  16%|█▋        | 635M/3.86G [00:45<03:51, 14.0MB/s][A[A

[1A
[1Amodel-00004-of-00004.safetensors:  45%|████▌     | 1.62G/3.56G [00:44<00:44, 43.4MB/s][A



[1A
[1Amodel-00001-of-00004.safetensors:  15%|█▌        | 601M/3.95G [00:45<04:44, 11.8MB/s][A[A[A

[1A
[1Amodel-00004-of-00004.safetensors:  46%|████▌     | 1.62G/3.56G [00:44<00:44, 43.8MB/s][A




[1A
[1Amodel-00003-of-00004.safetensors:  17%|█▋        | 662M/3.86G [00:45<03:21, 15.9MB/s][A[A[A[A


[1A
[1Amodel-00002-of-00004.safetensors:  16%|█▋        | 638M/3.86G [00:45<04:05, 13.2MB/s][A[A



[1A
[1Amodel-00001-of-00004.safetensors:  15%|█▌        | 603M/3.95G [00:45<05:00, 11.1MB/s][A[A[A

[1A
[1Amodel-00004-of-00004.safetensors:  46%|████▌     | 1.63G/3.56G [00:44<00:43, 44.1MB/s][A




[1A
[1Amodel-00003-of-00004.safetensors:  17%|█▋        | 664M/3.86G [00:45<03:26, 15.5MB/s][A[A[A[A


[1A
[1Amodel-00002-of-00004.safetensors:  17%|█▋        | 640M/3.86G [00:45<04:09, 12.9MB/s][A[A

[1A
[1Amodel-00004-of-00004.safetensors:  46%|████▌     | 1.63G/3.56G [00:44<00:43, 44.3MB/s][A




[1A
[1Amodel-00003-of-00004.safetensors:  17%|█▋        | 666M/3.86G [00:45<03:30, 15.2MB/s][A[A[A[A



[1Amodel-00001-of-00004.safetensors:  15%|█▌        | 605M/3.95G [00:45<05:05, 10.9MB/s][A[A[A


[1A
[1Amodel-00002-of-00004.safetensors:  17%|█▋        | 642M/3.86G [00:45<04:07, 13.0MB/s][A[A

[1Amodel-00004-of-00004.safetensors:  46%|████▌     | 1.64G/3.56G [00:44<00:47, 40.2MB/s][A




[1Amodel-00003-of-00004.safetensors:  17%|█▋        | 668M/3.86G [00:45<03:29, 15.2MB/s][A[A[A[A



[1A
[1Amodel-00001-of-00004.safetensors:  15%|█▌        | 607M/3.95G [00:46<04:59, 11.2MB/s][A[A[A

[1Amodel-00004-of-00004.safetensors:  46%|████▌     | 1.64G/3.56G [00:45<00:50, 37.9MB/s][A


[1A
[1Amodel-00002-of-00004.safetensors:  17%|█▋        | 644M/3.86G [00:45<04:04, 13.2MB/s][A[A




[1A
[1Amodel-00003-of-00004.safetensors:  17%|█▋        | 670M/3.86G [00:45<03:26, 15.5MB/s][A[A[A[A

[1A
[1Amodel-00004-of-00004.safetensors:  46%|████▋     | 1.65G/3.56G [00:45<00:52, 36.5MB/s][A



[1A
[1Amodel-00001-of-00004.safetensors:  15%|█▌        | 609M/3.95G [00:46<04:53, 11.4MB/s][A[A[A


[1A
[1Amodel-00002-of-00004.safetensors:  17%|█▋        | 646M/3.86G [00:46<03:59, 13.4MB/s][A[A




[1Amodel-00003-of-00004.safetensors:  17%|█▋        | 672M/3.86G [00:45<03:21, 15.9MB/s][A[A[A[A

[1A
[1Amodel-00004-of-00004.safetensors:  46%|████▋     | 1.65G/3.56G [00:45<00:53, 35.6MB/s][A




[1Amodel-00003-of-00004.safetensors:  17%|█▋        | 674M/3.86G [00:46<03:17, 16.2MB/s][A[A[A[A



[1A
[1Amodel-00001-of-00004.safetensors:  15%|█▌        | 611M/3.95G [00:46<04:43, 11.8MB/s][A[A[A


[1A
[1Amodel-00002-of-00004.safetensors:  17%|█▋        | 648M/3.86G [00:46<03:53, 13.8MB/s][A[A

[1A
[1Amodel-00004-of-00004.safetensors:  46%|████▋     | 1.65G/3.56G [00:45<00:53, 35.3MB/s][A




[1A
[1Amodel-00003-of-00004.safetensors:  18%|█▊        | 676M/3.86G [00:46<03:11, 16.7MB/s][A[A[A[A


[1Amodel-00002-of-00004.safetensors:  17%|█▋        | 650M/3.86G [00:46<03:43, 14.4MB/s][A[A



[1A
[1Amodel-00001-of-00004.safetensors:  16%|█▌        | 613M/3.95G [00:46<04:32, 12.2MB/s][A[A[A

[1A
[1Amodel-00004-of-00004.safetensors:  47%|████▋     | 1.66G/3.56G [00:45<00:53, 35.2MB/s][A




[1A
[1Amodel-00003-of-00004.safetensors:  18%|█▊        | 678M/3.86G [00:46<03:08, 16.9MB/s][A[A[A[A


[1A
[1Amodel-00002-of-00004.safetensors:  17%|█▋        | 652M/3.86G [00:46<03:36, 14.9MB/s][A[A



[1A
[1Amodel-00001-of-00004.safetensors:  16%|█▌        | 616M/3.95G [00:46<04:22, 12.7MB/s][A[A[A

[1Amodel-00004-of-00004.safetensors:  47%|████▋     | 1.66G/3.56G [00:45<00:53, 35.1MB/s][A




[1A
[1Amodel-00003-of-00004.safetensors:  18%|█▊        | 681M/3.86G [00:46<03:09, 16.8MB/s][A[A[A[A

[1Amodel-00004-of-00004.safetensors:  47%|████▋     | 1.67G/3.56G [00:45<00:53, 35.4MB/s][A


[1A
[1Amodel-00002-of-00004.safetensors:  17%|█▋        | 654M/3.86G [00:46<03:45, 14.2MB/s][A[A




[1A
[1Amodel-00003-of-00004.safetensors:  18%|█▊        | 683M/3.86G [00:46<03:17, 16.1MB/s][A[A[A[A



[1A
[1Amodel-00001-of-00004.safetensors:  16%|█▌        | 618M/3.95G [00:47<04:36, 12.0MB/s][A[A[A

[1A
[1Amodel-00004-of-00004.safetensors:  47%|████▋     | 1.67G/3.56G [00:45<00:53, 35.5MB/s][A


[1Amodel-00002-of-00004.safetensors:  17%|█▋        | 656M/3.86G [00:46<03:56, 13.6MB/s][A[A




[1A
[1Amodel-00003-of-00004.safetensors:  18%|█▊        | 685M/3.86G [00:46<03:26, 15.4MB/s][A[A[A[A

[1A
[1Amodel-00004-of-00004.safetensors:  47%|████▋     | 1.67G/3.56G [00:46<00:52, 35.8MB/s][A



[1Amodel-00001-of-00004.safetensors:  16%|█▌        | 620M/3.95G [00:47<04:45, 11.6MB/s][A[A[A


[1A
[1Amodel-00002-of-00004.safetensors:  17%|█▋        | 659M/3.86G [00:46<04:01, 13.3MB/s][A[A

[1Amodel-00004-of-00004.safetensors:  47%|████▋     | 1.68G/3.56G [00:46<00:51, 36.3MB/s][A




[1A
[1Amodel-00003-of-00004.safetensors:  18%|█▊        | 687M/3.86G [00:46<03:29, 15.2MB/s][A[A[A[A



[1A
[1Amodel-00001-of-00004.safetensors:  16%|█▌        | 622M/3.95G [00:47<04:46, 11.6MB/s][A[A[A

[1A
[1Amodel-00004-of-00004.safetensors:  47%|████▋     | 1.68G/3.56G [00:46<00:51, 36.4MB/s][A


[1A
[1Amodel-00002-of-00004.safetensors:  17%|█▋        | 661M/3.86G [00:47<03:59, 13.4MB/s][A[A




[1A
[1Amodel-00003-of-00004.safetensors:  18%|█▊        | 689M/3.86G [00:46<03:28, 15.3MB/s][A[A[A[A

[1A
[1Amodel-00004-of-00004.safetensors:  47%|████▋     | 1.69G/3.56G [00:46<00:50, 37.0MB/s][A



[1A
[1Amodel-00001-of-00004.safetensors:  16%|█▌        | 624M/3.95G [00:47<04:40, 11.8MB/s][A[A[A




[1Amodel-00003-of-00004.safetensors:  18%|█▊        | 691M/3.86G [00:47<03:26, 15.3MB/s][A[A[A[A


[1Amodel-00002-of-00004.safetensors:  17%|█▋        | 663M/3.86G [00:47<03:55, 13.6MB/s][A[A

[1Amodel-00004-of-00004.safetensors:  48%|████▊     | 1.69G/3.56G [00:46<00:49, 37.3MB/s][A




[1A
[1Amodel-00003-of-00004.safetensors:  18%|█▊        | 693M/3.86G [00:47<03:22, 15.7MB/s][A[A[A[A


[1A
[1Amodel-00002-of-00004.safetensors:  17%|█▋        | 665M/3.86G [00:47<03:49, 14.0MB/s][A[A

[1A
[1Amodel-00004-of-00004.safetensors:  48%|████▊     | 1.70G/3.56G [00:46<00:49, 37.9MB/s][A



[1A
[1Amodel-00001-of-00004.safetensors:  16%|█▌        | 626M/3.95G [00:47<04:33, 12.1MB/s][A[A[A




[1A
[1Amodel-00003-of-00004.safetensors:  18%|█▊        | 695M/3.86G [00:47<03:17, 16.1MB/s][A[A[A[A

[1A
[1Amodel-00004-of-00004.safetensors:  48%|████▊     | 1.70G/3.56G [00:46<00:48, 38.3MB/s][A


[1A
[1Amodel-00002-of-00004.safetensors:  17%|█▋        | 667M/3.86G [00:47<03:43, 14.3MB/s][A[A



[1Amodel-00001-of-00004.safetensors:  16%|█▌        | 628M/3.95G [00:47<04:25, 12.5MB/s][A[A[A

[1A
[1Amodel-00004-of-00004.safetensors:  48%|████▊     | 1.70G/3.56G [00:46<00:47, 38.8MB/s][A




[1A
[1Amodel-00003-of-00004.safetensors:  18%|█▊        | 697M/3.86G [00:47<03:12, 16.4MB/s][A[A[A[A


[1A
[1Amodel-00002-of-00004.safetensors:  17%|█▋        | 669M/3.86G [00:47<03:36, 14.8MB/s][A[A



[1A
[1Amodel-00001-of-00004.safetensors:  16%|█▌        | 630M/3.95G [00:48<04:15, 13.0MB/s][A[A[A

[1A
[1Amodel-00004-of-00004.safetensors:  48%|████▊     | 1.71G/3.56G [00:46<00:47, 39.2MB/s][A




[1A
[1Amodel-00003-of-00004.safetensors:  18%|█▊        | 699M/3.86G [00:47<03:12, 16.4MB/s][A[A[A[A

[1A
[1Amodel-00004-of-00004.safetensors:  48%|████▊     | 1.71G/3.56G [00:47<00:46, 39.7MB/s][A


[1A
[1Amodel-00002-of-00004.safetensors:  17%|█▋        | 671M/3.86G [00:47<03:48, 14.0MB/s][A[A



[1Amodel-00001-of-00004.safetensors:  16%|█▌        | 632M/3.95G [00:48<04:33, 12.1MB/s][A[A[A

[1A
[1Amodel-00004-of-00004.safetensors:  48%|████▊     | 1.72G/3.56G [00:47<00:46, 39.9MB/s][A




[1A
[1Amodel-00003-of-00004.safetensors:  18%|█▊        | 701M/3.86G [00:47<03:57, 13.3MB/s][A[A[A[A


[1A
[1Amodel-00002-of-00004.safetensors:  17%|█▋        | 673M/3.86G [00:48<03:58, 13.4MB/s][A[A

[1Amodel-00004-of-00004.safetensors:  48%|████▊     | 1.72G/3.56G [00:47<00:45, 40.1MB/s][A



[1A
[1Amodel-00001-of-00004.safetensors:  16%|█▌        | 634M/3.95G [00:48<04:41, 11.8MB/s][A[A[A

[1A
[1Amodel-00004-of-00004.safetensors:  49%|████▊     | 1.73G/3.56G [00:47<00:44, 40.8MB/s][A


[1A
[1Amodel-00002-of-00004.safetensors:  17%|█▋        | 675M/3.86G [00:48<04:01, 13.2MB/s][A[A




[1A
[1Amodel-00003-of-00004.safetensors:  18%|█▊        | 704M/3.86G [00:48<04:18, 12.2MB/s][A[A[A[A



[1Amodel-00001-of-00004.safetensors:  16%|█▌        | 636M/3.95G [00:48<04:41, 11.8MB/s][A[A[A

[1A
[1Amodel-00004-of-00004.safetensors:  49%|████▊     | 1.73G/3.56G [00:47<00:44, 41.5MB/s][A


[1A
[1Amodel-00002-of-00004.safetensors:  18%|█▊        | 677M/3.86G [00:48<04:00, 13.2MB/s][A[A




[1Amodel-00003-of-00004.safetensors:  18%|█▊        | 706M/3.86G [00:48<04:28, 11.8MB/s][A[A[A[A

[1A
[1Amodel-00004-of-00004.safetensors:  49%|████▉     | 1.74G/3.56G [00:47<00:43, 41.8MB/s][A



[1Amodel-00001-of-00004.safetensors:  16%|█▌        | 639M/3.95G [00:48<04:37, 11.9MB/s][A[A[A


[1Amodel-00002-of-00004.safetensors:  18%|█▊        | 679M/3.86G [00:48<03:56, 13.4MB/s][A[A

[1Amodel-00004-of-00004.safetensors:  49%|████▉     | 1.74G/3.56G [00:47<00:42, 42.5MB/s][A




[1Amodel-00003-of-00004.safetensors:  18%|█▊        | 708M/3.86G [00:48<04:26, 11.8MB/s][A[A[A[A



[1A
[1Amodel-00001-of-00004.safetensors:  16%|█▌        | 641M/3.95G [00:48<04:30, 12.2MB/s][A[A[A


[1A
[1Amodel-00002-of-00004.safetensors:  18%|█▊        | 682M/3.86G [00:48<03:50, 13.8MB/s][A[A

[1A
[1Amodel-00004-of-00004.safetensors:  49%|████▉     | 1.75G/3.56G [00:47<00:41, 43.1MB/s][A




[1A
[1Amodel-00003-of-00004.safetensors:  18%|█▊        | 710M/3.86G [00:48<04:22, 12.0MB/s][A[A[A[A

[1A
[1Amodel-00004-of-00004.safetensors:  49%|████▉     | 1.75G/3.56G [00:47<00:41, 43.7MB/s][A


[1A
[1Amodel-00002-of-00004.safetensors:  18%|█▊        | 684M/3.86G [00:48<03:43, 14.2MB/s][A[A



[1A
[1Amodel-00001-of-00004.safetensors:  16%|█▋        | 643M/3.95G [00:49<04:22, 12.6MB/s][A[A[A

[1A
[1Amodel-00004-of-00004.safetensors:  49%|████▉     | 1.76G/3.56G [00:48<00:40, 44.0MB/s][A




[1Amodel-00003-of-00004.safetensors:  18%|█▊        | 712M/3.86G [00:48<04:13, 12.4MB/s][A[A[A[A


[1A
[1Amodel-00002-of-00004.safetensors:  18%|█▊        | 686M/3.86G [00:48<03:37, 14.6MB/s][A[A



[1Amodel-00001-of-00004.safetensors:  16%|█▋        | 645M/3.95G [00:49<04:13, 13.0MB/s][A[A[A

[1Amodel-00004-of-00004.safetensors:  50%|████▉     | 1.76G/3.56G [00:48<00:40, 44.4MB/s][A


[1A
[1Amodel-00002-of-00004.safetensors:  18%|█▊        | 688M/3.86G [00:49<03:28, 15.2MB/s][A[A




[1A
[1Amodel-00003-of-00004.safetensors:  18%|█▊        | 714M/3.86G [00:48<04:04, 12.9MB/s][A[A[A[A



[1A
[1Amodel-00001-of-00004.safetensors:  16%|█▋        | 647M/3.95G [00:49<04:05, 13.4MB/s][A[A[A

[1A
[1Amodel-00004-of-00004.safetensors:  50%|████▉     | 1.77G/3.56G [00:48<00:39, 44.8MB/s][A


[1A
[1Amodel-00002-of-00004.safetensors:  18%|█▊        | 690M/3.86G [00:49<03:23, 15.6MB/s][A[A




[1A
[1Amodel-00003-of-00004.safetensors:  19%|█▊        | 716M/3.86G [00:49<03:57, 13.3MB/s][A[A[A[A



[1A
[1Amodel-00001-of-00004.safetensors:  16%|█▋        | 649M/3.95G [00:49<03:55, 14.0MB/s][A[A[A

[1A
[1Amodel-00004-of-00004.safetensors:  50%|████▉     | 1.77G/3.56G [00:48<00:39, 45.2MB/s][A


[1Amodel-00002-of-00004.safetensors:  18%|█▊        | 692M/3.86G [00:49<03:16, 16.2MB/s][A[A




[1A
[1Amodel-00003-of-00004.safetensors:  19%|█▊        | 718M/3.86G [00:49<03:48, 13.8MB/s][A[A[A[A



[1A
[1Amodel-00001-of-00004.safetensors:  17%|█▋        | 651M/3.95G [00:49<03:46, 14.5MB/s][A[A[A

[1A
[1Amodel-00004-of-00004.safetensors:  50%|█████     | 1.78G/3.56G [00:48<00:39, 45.4MB/s][A


[1Amodel-00002-of-00004.safetensors:  18%|█▊        | 694M/3.86G [00:49<03:10, 16.7MB/s][A[A

[1A
[1Amodel-00004-of-00004.safetensors:  50%|█████     | 1.78G/3.56G [00:48<00:38, 45.8MB/s][A




[1A
[1Amodel-00003-of-00004.safetensors:  19%|█▊        | 720M/3.86G [00:49<03:40, 14.3MB/s][A[A[A[A



[1A
[1Amodel-00001-of-00004.safetensors:  17%|█▋        | 653M/3.95G [00:49<03:39, 15.0MB/s][A[A[A


[1Amodel-00002-of-00004.safetensors:  18%|█▊        | 696M/3.86G [00:49<03:05, 17.1MB/s][A[A

[1A
[1Amodel-00004-of-00004.safetensors:  50%|█████     | 1.79G/3.56G [00:48<00:37, 46.7MB/s][A




[1A
[1Amodel-00003-of-00004.safetensors:  19%|█▊        | 722M/3.86G [00:49<03:31, 14.8MB/s][A[A[A[A



[1A
[1Amodel-00001-of-00004.safetensors:  17%|█▋        | 655M/3.95G [00:49<03:31, 15.6MB/s][A[A[A


[1A
[1Amodel-00002-of-00004.safetensors:  18%|█▊        | 698M/3.86G [00:49<03:01, 17.5MB/s][A[A

[1A
[1Amodel-00004-of-00004.safetensors:  50%|█████     | 1.79G/3.56G [00:48<00:37, 47.2MB/s][A




[1A
[1Amodel-00003-of-00004.safetensors:  19%|█▊        | 725M/3.86G [00:49<03:38, 14.4MB/s][A[A[A[A



[1A
[1Amodel-00001-of-00004.safetensors:  17%|█▋        | 657M/3.95G [00:50<03:43, 14.7MB/s][A[A[A

[1A
[1Amodel-00004-of-00004.safetensors:  51%|█████     | 1.80G/3.56G [00:48<00:36, 47.7MB/s][A


[1A
[1Amodel-00002-of-00004.safetensors:  18%|█▊        | 700M/3.86G [00:49<03:18, 16.0MB/s][A[A

[1A
[1Amodel-00004-of-00004.safetensors:  51%|█████     | 1.80G/3.56G [00:49<00:36, 48.3MB/s][A




[1A
[1Amodel-00003-of-00004.safetensors:  19%|█▉        | 727M/3.86G [00:49<03:49, 13.7MB/s][A[A[A[A



[1A
[1Amodel-00001-of-00004.safetensors:  17%|█▋        | 660M/3.95G [00:50<03:55, 14.0MB/s][A[A[A


[1A
[1Amodel-00002-of-00004.safetensors:  18%|█▊        | 703M/3.86G [00:49<03:26, 15.3MB/s][A[A

[1A
[1Amodel-00004-of-00004.safetensors:  51%|█████     | 1.81G/3.56G [00:49<00:35, 48.6MB/s][A




[1A
[1Amodel-00003-of-00004.safetensors:  19%|█▉        | 729M/3.86G [00:49<03:50, 13.6MB/s][A[A[A[A



[1A
[1Amodel-00001-of-00004.safetensors:  17%|█▋        | 662M/3.95G [00:50<03:58, 13.8MB/s][A[A[A


[1A
[1Amodel-00002-of-00004.safetensors:  18%|█▊        | 705M/3.86G [00:50<03:29, 15.0MB/s][A[A

[1A
[1Amodel-00004-of-00004.safetensors:  51%|█████     | 1.82G/3.56G [00:49<00:36, 47.1MB/s][A


[1Amodel-00002-of-00004.safetensors:  18%|█▊        | 707M/3.86G [00:50<03:29, 15.1MB/s][A[A




[1A
[1Amodel-00003-of-00004.safetensors:  19%|█▉        | 731M/3.86G [00:50<03:50, 13.6MB/s][A[A[A[A



[1Amodel-00001-of-00004.safetensors:  17%|█▋        | 664M/3.95G [00:50<03:58, 13.8MB/s][A[A[A

[1Amodel-00004-of-00004.safetensors:  51%|█████     | 1.82G/3.56G [00:49<00:39, 44.0MB/s][A


[1A
[1Amodel-00002-of-00004.safetensors:  18%|█▊        | 709M/3.86G [00:50<03:26, 15.3MB/s][A[A



[1Amodel-00001-of-00004.safetensors:  17%|█▋        | 666M/3.95G [00:50<03:54, 14.0MB/s][A[A[A




[1Amodel-00003-of-00004.safetensors:  19%|█▉        | 733M/3.86G [00:50<03:47, 13.8MB/s][A[A[A[A

[1Amodel-00004-of-00004.safetensors:  51%|█████▏    | 1.83G/3.56G [00:49<00:41, 41.3MB/s][A


[1A
[1Amodel-00002-of-00004.safetensors:  18%|█▊        | 711M/3.86G [00:50<03:23, 15.5MB/s][A[A

[1A
[1Amodel-00004-of-00004.safetensors:  51%|█████▏    | 1.83G/3.56G [00:49<00:43, 40.1MB/s][A




[1A
[1Amodel-00003-of-00004.safetensors:  19%|█▉        | 735M/3.86G [00:50<03:54, 13.3MB/s][A[A[A[A



[1Amodel-00001-of-00004.safetensors:  17%|█▋        | 668M/3.95G [00:50<04:19, 12.7MB/s][A[A[A

[1A
[1Amodel-00004-of-00004.safetensors:  52%|█████▏    | 1.84G/3.56G [00:49<00:43, 39.6MB/s][A


[1Amodel-00002-of-00004.safetensors:  18%|█▊        | 713M/3.86G [00:50<03:43, 14.1MB/s][A[A




[1A
[1Amodel-00003-of-00004.safetensors:  19%|█▉        | 737M/3.86G [00:50<04:08, 12.6MB/s][A[A[A[A

[1Amodel-00004-of-00004.safetensors:  52%|█████▏    | 1.84G/3.56G [00:49<00:43, 39.6MB/s][A


[1Amodel-00002-of-00004.safetensors:  19%|█▊        | 715M/3.86G [00:50<03:51, 13.6MB/s][A[A



[1Amodel-00001-of-00004.safetensors:  17%|█▋        | 670M/3.95G [00:51<05:02, 10.8MB/s][A[A[A

[1Amodel-00004-of-00004.safetensors:  52%|█████▏    | 1.84G/3.56G [00:50<00:43, 39.5MB/s][A




[1A
[1Amodel-00003-of-00004.safetensors:  19%|█▉        | 739M/3.86G [00:50<04:12, 12.4MB/s][A[A[A[A

[1Amodel-00004-of-00004.safetensors:  52%|█████▏    | 1.85G/3.56G [00:50<00:43, 39.6MB/s][A


[1A
[1Amodel-00002-of-00004.safetensors:  19%|█▊        | 717M/3.86G [00:50<03:54, 13.5MB/s][A[A

[1Amodel-00004-of-00004.safetensors:  52%|█████▏    | 1.85G/3.56G [00:50<00:42, 39.8MB/s][A



[1A
[1Amodel-00001-of-00004.safetensors:  17%|█▋        | 672M/3.95G [00:51<05:20, 10.2MB/s][A[A[A




[1A
[1Amodel-00003-of-00004.safetensors:  19%|█▉        | 741M/3.86G [00:50<04:10, 12.5MB/s][A[A[A[A


[1Amodel-00002-of-00004.safetensors:  19%|█▊        | 719M/3.86G [00:51<03:52, 13.5MB/s][A[A

[1A
[1Amodel-00004-of-00004.safetensors:  52%|█████▏    | 1.86G/3.56G [00:50<00:42, 39.9MB/s][A




[1A
[1Amodel-00003-of-00004.safetensors:  19%|█▉        | 743M/3.86G [00:51<04:04, 12.8MB/s][A[A[A[A

[1A
[1Amodel-00004-of-00004.safetensors:  52%|█████▏    | 1.86G/3.56G [00:50<00:42, 40.3MB/s][A



[1A
[1Amodel-00001-of-00004.safetensors:  17%|█▋        | 674M/3.95G [00:51<05:23, 10.1MB/s][A[A[A


[1A
[1Amodel-00002-of-00004.safetensors:  19%|█▊        | 721M/3.86G [00:51<03:49, 13.7MB/s][A[A

[1Amodel-00004-of-00004.safetensors:  52%|█████▏    | 1.86G/3.56G [00:50<00:41, 40.7MB/s][A




[1A
[1Amodel-00003-of-00004.safetensors:  19%|█▉        | 746M/3.86G [00:51<03:57, 13.1MB/s][A[A[A[A


[1A
[1Amodel-00002-of-00004.safetensors:  19%|█▊        | 724M/3.86G [00:51<03:42, 14.1MB/s][A[A

[1Amodel-00004-of-00004.safetensors:  53%|█████▎    | 1.87G/3.56G [00:50<00:41, 40.8MB/s][A



[1A
[1Amodel-00001-of-00004.safetensors:  17%|█▋        | 676M/3.95G [00:51<05:18, 10.2MB/s][A[A[A




[1Amodel-00003-of-00004.safetensors:  19%|█▉        | 748M/3.86G [00:51<03:51, 13.5MB/s][A[A[A[A


[1A
[1Amodel-00002-of-00004.safetensors:  19%|█▉        | 726M/3.86G [00:51<03:36, 14.5MB/s][A[A

[1Amodel-00004-of-00004.safetensors:  53%|█████▎    | 1.87G/3.56G [00:50<00:40, 41.6MB/s][A



[1A
[1Amodel-00001-of-00004.safetensors:  17%|█▋        | 678M/3.95G [00:51<05:07, 10.6MB/s][A[A[A




[1A
[1Amodel-00003-of-00004.safetensors:  19%|█▉        | 750M/3.86G [00:51<03:42, 14.0MB/s][A[A[A[A


[1A
[1Amodel-00002-of-00004.safetensors:  19%|█▉        | 728M/3.86G [00:51<03:29, 14.9MB/s][A[A

[1A
[1Amodel-00004-of-00004.safetensors:  53%|█████▎    | 1.88G/3.56G [00:50<00:39, 42.0MB/s][A




[1A
[1Amodel-00003-of-00004.safetensors:  19%|█▉        | 752M/3.86G [00:51<03:34, 14.5MB/s][A[A[A[A


[1A
[1Amodel-00002-of-00004.safetensors:  19%|█▉        | 730M/3.86G [00:51<03:23, 15.4MB/s][A[A



[1Amodel-00001-of-00004.safetensors:  17%|█▋        | 681M/3.95G [00:52<04:57, 11.0MB/s][A[A[A

[1A
[1Amodel-00004-of-00004.safetensors:  53%|█████▎    | 1.88G/3.56G [00:51<00:39, 42.6MB/s][A




[1A
[1Amodel-00003-of-00004.safetensors:  20%|█▉        | 754M/3.86G [00:51<03:26, 15.1MB/s][A[A[A[A


[1A
[1Amodel-00002-of-00004.safetensors:  19%|█▉        | 732M/3.86G [00:51<03:17, 15.9MB/s][A[A

[1Amodel-00004-of-00004.safetensors:  53%|█████▎    | 1.89G/3.56G [00:51<00:38, 43.2MB/s][A



[1A
[1Amodel-00001-of-00004.safetensors:  17%|█▋        | 683M/3.95G [00:52<04:46, 11.4MB/s][A[A[A




[1A
[1Amodel-00003-of-00004.safetensors:  20%|█▉        | 756M/3.86G [00:51<03:19, 15.6MB/s][A[A[A[A


[1A
[1Amodel-00002-of-00004.safetensors:  19%|█▉        | 734M/3.86G [00:52<03:11, 16.4MB/s][A[A

[1Amodel-00004-of-00004.safetensors:  53%|█████▎    | 1.89G/3.56G [00:51<00:38, 43.6MB/s][A



[1A
[1Amodel-00001-of-00004.safetensors:  17%|█▋        | 685M/3.95G [00:52<04:32, 11.9MB/s][A[A[A




[1Amodel-00003-of-00004.safetensors:  20%|█▉        | 758M/3.86G [00:51<03:12, 16.1MB/s][A[A[A[A


[1A
[1Amodel-00002-of-00004.safetensors:  19%|█▉        | 736M/3.86G [00:52<03:05, 16.9MB/s][A[A

[1A
[1Amodel-00004-of-00004.safetensors:  53%|█████▎    | 1.90G/3.56G [00:51<00:37, 44.0MB/s][A




[1A
[1Amodel-00003-of-00004.safetensors:  20%|█▉        | 760M/3.86G [00:52<03:07, 16.5MB/s][A[A[A[A


[1A
[1Amodel-00002-of-00004.safetensors:  19%|█▉        | 738M/3.86G [00:52<02:59, 17.4MB/s][A[A

[1A
[1Amodel-00004-of-00004.safetensors:  54%|█████▎    | 1.91G/3.56G [00:51<00:37, 44.2MB/s][A



[1A
[1Amodel-00001-of-00004.safetensors:  17%|█▋        | 687M/3.95G [00:52<04:20, 12.5MB/s][A[A[A




[1A
[1Amodel-00003-of-00004.safetensors:  20%|█▉        | 762M/3.86G [00:52<03:00, 17.2MB/s][A[A[A[A


[1A
[1Amodel-00002-of-00004.safetensors:  19%|█▉        | 740M/3.86G [00:52<02:55, 17.8MB/s][A[A

[1Amodel-00004-of-00004.safetensors:  54%|█████▎    | 1.91G/3.56G [00:51<00:37, 44.4MB/s][A



[1A
[1Amodel-00001-of-00004.safetensors:  17%|█▋        | 689M/3.95G [00:52<04:10, 13.0MB/s][A[A[A




[1A
[1Amodel-00003-of-00004.safetensors:  20%|█▉        | 764M/3.86G [00:52<02:58, 17.4MB/s][A[A[A[A


[1A
[1Amodel-00002-of-00004.safetensors:  19%|█▉        | 742M/3.86G [00:52<03:00, 17.3MB/s][A[A

[1A
[1Amodel-00004-of-00004.safetensors:  54%|█████▍    | 1.92G/3.56G [00:51<00:38, 42.3MB/s][A



[1A
[1Amodel-00001-of-00004.safetensors:  18%|█▊        | 691M/3.95G [00:52<04:23, 12.4MB/s][A[A[A




[1A
[1Amodel-00003-of-00004.safetensors:  20%|█▉        | 767M/3.86G [00:52<03:12, 16.1MB/s][A[A[A[A


[1A
[1Amodel-00002-of-00004.safetensors:  19%|█▉        | 744M/3.86G [00:52<03:14, 16.0MB/s][A[A

[1Amodel-00004-of-00004.safetensors:  54%|█████▍    | 1.92G/3.56G [00:51<00:42, 38.6MB/s][A




[1Amodel-00003-of-00004.safetensors:  20%|█▉        | 769M/3.86G [00:52<03:19, 15.5MB/s][A[A[A[A


[1A
[1Amodel-00002-of-00004.safetensors:  19%|█▉        | 747M/3.86G [00:52<03:20, 15.6MB/s][A[A



[1A
[1Amodel-00001-of-00004.safetensors:  18%|█▊        | 693M/3.95G [00:53<04:31, 12.0MB/s][A[A[A

[1A
[1Amodel-00004-of-00004.safetensors:  54%|█████▍    | 1.93G/3.56G [00:52<00:43, 37.2MB/s][A




[1A
[1Amodel-00003-of-00004.safetensors:  20%|█▉        | 771M/3.86G [00:52<03:21, 15.4MB/s][A[A[A[A


[1A
[1Amodel-00002-of-00004.safetensors:  19%|█▉        | 749M/3.86G [00:52<03:19, 15.6MB/s][A[A

[1A
[1Amodel-00004-of-00004.safetensors:  54%|█████▍    | 1.93G/3.56G [00:52<00:45, 36.0MB/s][A



[1A
[1Amodel-00001-of-00004.safetensors:  18%|█▊        | 695M/3.95G [00:53<04:30, 12.0MB/s][A[A[A




[1A
[1Amodel-00003-of-00004.safetensors:  20%|█▉        | 773M/3.86G [00:52<03:20, 15.4MB/s][A[A[A[A

[1A
[1Amodel-00004-of-00004.safetensors:  54%|█████▍    | 1.93G/3.56G [00:52<00:45, 35.7MB/s][A


[1Amodel-00002-of-00004.safetensors:  19%|█▉        | 751M/3.86G [00:53<03:20, 15.5MB/s][A[A



[1Amodel-00001-of-00004.safetensors:  18%|█▊        | 697M/3.95G [00:53<04:26, 12.2MB/s][A[A[A




[1Amodel-00003-of-00004.safetensors:  20%|██        | 775M/3.86G [00:53<03:17, 15.6MB/s][A[A[A[A

[1A
[1Amodel-00004-of-00004.safetensors:  54%|█████▍    | 1.94G/3.56G [00:52<00:45, 35.6MB/s][A


[1A
[1Amodel-00002-of-00004.safetensors:  19%|█▉        | 753M/3.86G [00:53<03:16, 15.8MB/s][A[A

[1A
[1Amodel-00004-of-00004.safetensors:  55%|█████▍    | 1.94G/3.56G [00:52<00:45, 35.5MB/s][A


[1A
[1Amodel-00002-of-00004.safetensors:  20%|█▉        | 755M/3.86G [00:53<03:12, 16.2MB/s][A[A



[1A
[1Amodel-00001-of-00004.safetensors:  18%|█▊        | 699M/3.95G [00:53<04:40, 11.6MB/s][A[A[A




[1A
[1Amodel-00003-of-00004.safetensors:  20%|██        | 777M/3.86G [00:53<03:35, 14.3MB/s][A[A[A[A

[1Amodel-00004-of-00004.safetensors:  55%|█████▍    | 1.95G/3.56G [00:52<00:45, 35.4MB/s][A


[1Amodel-00002-of-00004.safetensors:  20%|█▉        | 757M/3.86G [00:53<03:10, 16.3MB/s][A[A




[1Amodel-00003-of-00004.safetensors:  20%|██        | 779M/3.86G [00:53<03:44, 13.7MB/s][A[A[A[A

[1A
[1Amodel-00004-of-00004.safetensors:  55%|█████▍    | 1.95G/3.56G [00:52<00:45, 35.5MB/s][A


[1A
[1Amodel-00002-of-00004.safetensors:  20%|█▉        | 759M/3.86G [00:53<03:04, 16.8MB/s][A[A



[1A
[1Amodel-00001-of-00004.safetensors:  18%|█▊        | 701M/3.95G [00:53<04:57, 10.9MB/s][A[A[A

[1Amodel-00004-of-00004.safetensors:  55%|█████▍    | 1.95G/3.56G [00:52<00:44, 35.7MB/s][A


[1A
[1Amodel-00002-of-00004.safetensors:  20%|█▉        | 761M/3.86G [00:53<03:00, 17.2MB/s][A[A




[1A
[1Amodel-00003-of-00004.safetensors:  20%|██        | 781M/3.86G [00:53<03:48, 13.5MB/s][A[A[A[A



[1A
[1Amodel-00001-of-00004.safetensors:  18%|█▊        | 704M/3.95G [00:54<04:57, 10.9MB/s][A[A[A

[1A
[1Amodel-00004-of-00004.safetensors:  55%|█████▌    | 1.96G/3.56G [00:53<00:44, 36.0MB/s][A


[1A
[1Amodel-00002-of-00004.safetensors:  20%|█▉        | 763M/3.86G [00:53<02:55, 17.7MB/s][A[A




[1A
[1Amodel-00003-of-00004.safetensors:  20%|██        | 783M/3.86G [00:53<03:49, 13.4MB/s][A[A[A[A

[1A
[1Amodel-00004-of-00004.safetensors:  55%|█████▌    | 1.96G/3.56G [00:53<00:43, 36.6MB/s][A


[1A
[1Amodel-00002-of-00004.safetensors:  20%|█▉        | 765M/3.86G [00:53<02:50, 18.1MB/s][A[A



[1A
[1Amodel-00001-of-00004.safetensors:  18%|█▊        | 706M/3.95G [00:54<04:53, 11.0MB/s][A[A[A

[1Amodel-00004-of-00004.safetensors:  55%|█████▌    | 1.97G/3.56G [00:53<00:43, 36.9MB/s][A




[1A
[1Amodel-00003-of-00004.safetensors:  20%|██        | 785M/3.86G [00:53<03:50, 13.4MB/s][A[A[A[A


[1A
[1Amodel-00002-of-00004.safetensors:  20%|█▉        | 768M/3.86G [00:54<02:51, 18.1MB/s][A[A

[1Amodel-00004-of-00004.safetensors:  55%|█████▌    | 1.97G/3.56G [00:53<00:42, 37.4MB/s][A


[1Amodel-00002-of-00004.safetensors:  20%|█▉        | 770M/3.86G [00:54<03:07, 16.5MB/s][A[A



[1Amodel-00001-of-00004.safetensors:  18%|█▊        | 708M/3.95G [00:54<05:11, 10.4MB/s][A[A[A

[1Amodel-00004-of-00004.safetensors:  56%|█████▌    | 1.98G/3.56G [00:53<00:41, 38.0MB/s][A




[1A
[1Amodel-00003-of-00004.safetensors:  20%|██        | 787M/3.86G [00:54<04:38, 11.0MB/s][A[A[A[A


[1A
[1Amodel-00002-of-00004.safetensors:  20%|█▉        | 772M/3.86G [00:54<03:13, 16.0MB/s][A[A

[1Amodel-00004-of-00004.safetensors:  56%|█████▌    | 1.98G/3.56G [00:53<00:40, 38.5MB/s][A



[1A
[1Amodel-00001-of-00004.safetensors:  18%|█▊        | 710M/3.95G [00:54<05:22, 10.0MB/s][A[A[A

[1A
[1Amodel-00004-of-00004.safetensors:  56%|█████▌    | 1.98G/3.56G [00:53<00:40, 39.0MB/s][A


[1A
[1Amodel-00002-of-00004.safetensors:  20%|██        | 774M/3.86G [00:54<03:16, 15.7MB/s][A[A



[1A
[1Amodel-00001-of-00004.safetensors:  18%|█▊        | 711M/3.95G [00:54<05:27, 9.89MB/s][A[A[A




[1A
[1Amodel-00003-of-00004.safetensors:  20%|██        | 790M/3.86G [00:54<05:00, 10.2MB/s][A[A[A[A

[1A
[1Amodel-00004-of-00004.safetensors:  56%|█████▌    | 1.99G/3.56G [00:53<00:40, 39.2MB/s][A


[1A
[1Amodel-00002-of-00004.safetensors:  20%|██        | 776M/3.86G [00:54<03:16, 15.7MB/s][A[A

[1A
[1Amodel-00004-of-00004.safetensors:  56%|█████▌    | 1.99G/3.56G [00:53<00:39, 39.6MB/s][A


[1Amodel-00002-of-00004.safetensors:  20%|██        | 778M/3.86G [00:54<03:13, 16.0MB/s][A[A



[1A
[1Amodel-00001-of-00004.safetensors:  18%|█▊        | 713M/3.95G [00:55<05:21, 10.1MB/s][A[A[A

[1Amodel-00004-of-00004.safetensors:  56%|█████▌    | 2.00G/3.56G [00:53<00:38, 40.0MB/s][A




[1Amodel-00003-of-00004.safetensors:  20%|██        | 792M/3.86G [00:54<05:07, 9.99MB/s][A[A[A[A


[1Amodel-00002-of-00004.safetensors:  20%|██        | 780M/3.86G [00:54<03:11, 16.1MB/s][A[A

[1A
[1Amodel-00004-of-00004.safetensors:  56%|█████▋    | 2.00G/3.56G [00:54<00:38, 40.2MB/s][A



[1Amodel-00001-of-00004.safetensors:  18%|█▊        | 715M/3.95G [00:55<05:09, 10.4MB/s][A[A[A




[1A
[1Amodel-00003-of-00004.safetensors:  21%|██        | 794M/3.86G [00:54<05:00, 10.2MB/s][A[A[A[A


[1A
[1Amodel-00002-of-00004.safetensors:  20%|██        | 782M/3.86G [00:54<03:07, 16.5MB/s][A[A

[1A
[1Amodel-00004-of-00004.safetensors:  56%|█████▋    | 2.01G/3.56G [00:54<00:38, 40.8MB/s][A

[1Amodel-00004-of-00004.safetensors:  57%|█████▋    | 2.01G/3.56G [00:54<00:37, 41.1MB/s][A


[1A
[1Amodel-00002-of-00004.safetensors:  20%|██        | 784M/3.86G [00:55<03:02, 16.9MB/s][A[A



[1A
[1Amodel-00001-of-00004.safetensors:  18%|█▊        | 717M/3.95G [00:55<04:58, 10.8MB/s][A[A[A




[1Amodel-00003-of-00004.safetensors:  21%|██        | 796M/3.86G [00:54<04:51, 10.5MB/s][A[A[A[A

[1Amodel-00004-of-00004.safetensors:  57%|█████▋    | 2.02G/3.56G [00:54<00:36, 41.7MB/s][A


[1A
[1Amodel-00002-of-00004.safetensors:  20%|██        | 786M/3.86G [00:55<02:58, 17.3MB/s][A[A



[1A
[1Amodel-00001-of-00004.safetensors:  18%|█▊        | 719M/3.95G [00:55<04:44, 11.3MB/s][A[A[A




[1Amodel-00003-of-00004.safetensors:  21%|██        | 798M/3.86G [00:55<04:38, 11.0MB/s][A[A[A[A


[1Amodel-00002-of-00004.safetensors:  20%|██        | 789M/3.86G [00:55<02:53, 17.7MB/s][A[A

[1A
[1Amodel-00004-of-00004.safetensors:  57%|█████▋    | 2.02G/3.56G [00:54<00:36, 42.6MB/s][A



[1A
[1Amodel-00001-of-00004.safetensors:  18%|█▊        | 721M/3.95G [00:55<04:33, 11.8MB/s][A[A[A


[1A
[1Amodel-00002-of-00004.safetensors:  20%|██        | 791M/3.86G [00:55<02:49, 18.1MB/s][A[A

[1A
[1Amodel-00004-of-00004.safetensors:  57%|█████▋    | 2.03G/3.56G [00:54<00:35, 43.2MB/s][A




[1Amodel-00003-of-00004.safetensors:  21%|██        | 800M/3.86G [00:55<04:26, 11.5MB/s][A[A[A[A


[1A
[1Amodel-00002-of-00004.safetensors:  21%|██        | 793M/3.86G [00:55<02:44, 18.7MB/s][A[A

[1Amodel-00004-of-00004.safetensors:  57%|█████▋    | 2.03G/3.56G [00:54<00:34, 43.6MB/s][A



[1Amodel-00001-of-00004.safetensors:  18%|█▊        | 724M/3.95G [00:55<04:19, 12.4MB/s][A[A[A




[1A
[1Amodel-00003-of-00004.safetensors:  21%|██        | 802M/3.86G [00:55<04:13, 12.1MB/s][A[A[A[A


[1A
[1Amodel-00002-of-00004.safetensors:  21%|██        | 795M/3.86G [00:55<02:41, 19.1MB/s][A[A

[1Amodel-00004-of-00004.safetensors:  57%|█████▋    | 2.04G/3.56G [00:54<00:34, 43.9MB/s][A



[1A
[1Amodel-00001-of-00004.safetensors:  18%|█▊        | 726M/3.95G [00:56<04:09, 12.9MB/s][A[A[A


[1Amodel-00002-of-00004.safetensors:  21%|██        | 797M/3.86G [00:55<02:38, 19.4MB/s][A[A




[1A
[1Amodel-00003-of-00004.safetensors:  21%|██        | 804M/3.86G [00:55<04:03, 12.6MB/s][A[A[A[A

[1Amodel-00004-of-00004.safetensors:  57%|█████▋    | 2.04G/3.56G [00:55<00:34, 44.1MB/s][A


[1A
[1Amodel-00002-of-00004.safetensors:  21%|██        | 799M/3.86G [00:55<02:35, 19.7MB/s][A[A



[1A
[1Amodel-00001-of-00004.safetensors:  18%|█▊        | 728M/3.95G [00:56<04:01, 13.3MB/s][A[A[A

[1Amodel-00004-of-00004.safetensors:  58%|█████▊    | 2.05G/3.56G [00:55<00:33, 44.7MB/s][A




[1A
[1Amodel-00003-of-00004.safetensors:  21%|██        | 806M/3.86G [00:55<03:51, 13.2MB/s][A[A[A[A


[1A
[1Amodel-00002-of-00004.safetensors:  21%|██        | 802M/3.86G [00:55<02:29, 20.5MB/s][A[A



[1A
[1Amodel-00001-of-00004.safetensors:  18%|█▊        | 730M/3.95G [00:56<03:50, 13.9MB/s][A[A[A

[1Amodel-00004-of-00004.safetensors:  58%|█████▊    | 2.05G/3.56G [00:55<00:33, 45.1MB/s][A




[1Amodel-00003-of-00004.safetensors:  21%|██        | 808M/3.86G [00:55<03:40, 13.9MB/s][A[A[A[A

[1Amodel-00004-of-00004.safetensors:  58%|█████▊    | 2.06G/3.56G [00:55<00:33, 45.1MB/s][A


[1Amodel-00002-of-00004.safetensors:  21%|██        | 805M/3.86G [00:56<02:28, 20.5MB/s][A[A



[1A
[1Amodel-00001-of-00004.safetensors:  19%|█▊        | 732M/3.95G [00:56<03:54, 13.7MB/s][A[A[A




[1Amodel-00003-of-00004.safetensors:  21%|██        | 811M/3.86G [00:56<03:45, 13.5MB/s][A[A[A[A

[1A
[1Amodel-00004-of-00004.safetensors:  58%|█████▊    | 2.06G/3.56G [00:55<00:32, 45.7MB/s][A


[1Amodel-00002-of-00004.safetensors:  21%|██        | 807M/3.86G [00:56<02:39, 19.2MB/s][A[A



[1A
[1Amodel-00001-of-00004.safetensors:  19%|█▊        | 734M/3.95G [00:56<04:05, 13.1MB/s][A[A[A

[1A
[1Amodel-00004-of-00004.safetensors:  58%|█████▊    | 2.07G/3.56G [00:55<00:32, 46.2MB/s][A




[1A
[1Amodel-00003-of-00004.safetensors:  21%|██        | 813M/3.86G [00:56<03:55, 13.0MB/s][A[A[A[A


[1A
[1Amodel-00002-of-00004.safetensors:  21%|██        | 810M/3.86G [00:56<02:46, 18.4MB/s][A[A

[1A
[1Amodel-00004-of-00004.safetensors:  58%|█████▊    | 2.07G/3.56G [00:55<00:31, 47.0MB/s][A



[1A
[1Amodel-00001-of-00004.safetensors:  19%|█▊        | 736M/3.95G [00:56<04:10, 12.8MB/s][A[A[A


[1A
[1Amodel-00002-of-00004.safetensors:  21%|██        | 812M/3.86G [00:56<02:51, 17.8MB/s][A[A




[1A
[1Amodel-00003-of-00004.safetensors:  21%|██        | 815M/3.86G [00:56<03:58, 12.8MB/s][A[A[A[A

[1A
[1Amodel-00004-of-00004.safetensors:  58%|█████▊    | 2.08G/3.56G [00:55<00:31, 47.7MB/s][A


[1Amodel-00002-of-00004.safetensors:  21%|██        | 814M/3.86G [00:56<02:52, 17.7MB/s][A[A



[1A
[1Amodel-00001-of-00004.safetensors:  19%|█▊        | 738M/3.95G [00:56<04:09, 12.9MB/s][A[A[A

[1Amodel-00004-of-00004.safetensors:  59%|█████▊    | 2.08G/3.56G [00:55<00:30, 48.2MB/s][A




[1A
[1Amodel-00003-of-00004.safetensors:  21%|██        | 817M/3.86G [00:56<03:55, 12.9MB/s][A[A[A[A


[1A
[1Amodel-00002-of-00004.safetensors:  21%|██        | 816M/3.86G [00:56<02:52, 17.6MB/s][A[A

[1A
[1Amodel-00004-of-00004.safetensors:  59%|█████▊    | 2.09G/3.56G [00:55<00:30, 48.6MB/s][A



[1A
[1Amodel-00001-of-00004.safetensors:  19%|█▉        | 740M/3.95G [00:57<04:26, 12.0MB/s][A[A[A

[1Amodel-00004-of-00004.safetensors:  59%|█████▉    | 2.09G/3.56G [00:56<00:29, 49.1MB/s][A




[1A
[1Amodel-00003-of-00004.safetensors:  21%|██        | 819M/3.86G [00:56<04:11, 12.1MB/s][A[A[A[A


[1A
[1Amodel-00002-of-00004.safetensors:  21%|██        | 818M/3.86G [00:56<03:12, 15.8MB/s][A[A

[1A
[1Amodel-00004-of-00004.safetensors:  59%|█████▉    | 2.10G/3.56G [00:56<00:35, 40.8MB/s][A



[1A
[1Amodel-00001-of-00004.safetensors:  19%|█▉        | 742M/3.95G [00:57<04:42, 11.3MB/s][A[A[A


[1A
[1Amodel-00002-of-00004.safetensors:  21%|██        | 820M/3.86G [00:57<03:22, 15.0MB/s][A[A




[1A
[1Amodel-00003-of-00004.safetensors:  21%|██        | 821M/3.86G [00:56<04:22, 11.6MB/s][A[A[A[A


[1A
[1Amodel-00002-of-00004.safetensors:  21%|██▏       | 822M/3.86G [00:57<03:26, 14.7MB/s][A[A

[1Amodel-00004-of-00004.safetensors:  59%|█████▉    | 2.10G/3.56G [00:56<00:42, 34.4MB/s][A



[1Amodel-00001-of-00004.safetensors:  19%|█▉        | 744M/3.95G [00:57<04:46, 11.2MB/s][A[A[A




[1Amodel-00003-of-00004.safetensors:  21%|██▏       | 823M/3.86G [00:57<04:24, 11.5MB/s][A[A[A[A


[1A
[1Amodel-00002-of-00004.safetensors:  21%|██▏       | 824M/3.86G [00:57<03:26, 14.8MB/s][A[A

[1Amodel-00004-of-00004.safetensors:  59%|█████▉    | 2.11G/3.56G [00:56<00:45, 31.9MB/s][A



[1Amodel-00001-of-00004.safetensors:  19%|█▉        | 747M/3.95G [00:57<04:42, 11.3MB/s][A[A[A




[1Amodel-00003-of-00004.safetensors:  21%|██▏       | 825M/3.86G [00:57<04:19, 11.7MB/s][A[A[A[A


[1A
[1Amodel-00002-of-00004.safetensors:  21%|██▏       | 826M/3.86G [00:57<03:24, 14.8MB/s][A[A

[1Amodel-00004-of-00004.safetensors:  59%|█████▉    | 2.11G/3.56G [00:56<00:47, 30.5MB/s][A



[1A
[1Amodel-00001-of-00004.safetensors:  19%|█▉        | 749M/3.95G [00:57<04:36, 11.6MB/s][A[A[A




[1Amodel-00003-of-00004.safetensors:  21%|██▏       | 827M/3.86G [00:57<04:12, 12.1MB/s][A[A[A[A


[1Amodel-00002-of-00004.safetensors:  21%|██▏       | 828M/3.86G [00:57<03:19, 15.2MB/s][A[A

[1A
[1Amodel-00004-of-00004.safetensors:  60%|█████▉    | 2.12G/3.56G [00:56<00:48, 29.7MB/s][A


[1Amodel-00002-of-00004.safetensors:  21%|██▏       | 830M/3.86G [00:57<03:14, 15.6MB/s][A[A




[1A
[1Amodel-00003-of-00004.safetensors:  21%|██▏       | 829M/3.86G [00:57<04:02, 12.5MB/s][A[A[A[A



[1Amodel-00001-of-00004.safetensors:  19%|█▉        | 751M/3.95G [00:58<04:27, 12.0MB/s][A[A[A

[1A
[1Amodel-00004-of-00004.safetensors:  60%|█████▉    | 2.12G/3.56G [00:57<00:49, 29.2MB/s][A


[1A
[1Amodel-00002-of-00004.safetensors:  22%|██▏       | 833M/3.86G [00:57<03:09, 16.0MB/s][A[A




[1A
[1Amodel-00003-of-00004.safetensors:  22%|██▏       | 832M/3.86G [00:57<03:53, 13.0MB/s][A[A[A[A



[1Amodel-00001-of-00004.safetensors:  19%|█▉        | 753M/3.95G [00:58<04:16, 12.4MB/s][A[A[A

[1Amodel-00004-of-00004.safetensors:  60%|█████▉    | 2.12G/3.56G [00:57<00:49, 29.0MB/s][A


[1Amodel-00002-of-00004.safetensors:  22%|██▏       | 835M/3.86G [00:57<03:04, 16.4MB/s][A[A

[1A
[1Amodel-00004-of-00004.safetensors:  60%|█████▉    | 2.13G/3.56G [00:57<00:49, 28.9MB/s][A




[1A
[1Amodel-00003-of-00004.safetensors:  22%|██▏       | 834M/3.86G [00:57<03:43, 13.5MB/s][A[A[A[A



[1A
[1Amodel-00001-of-00004.safetensors:  19%|█▉        | 755M/3.95G [00:58<04:07, 12.9MB/s][A[A[A


[1Amodel-00002-of-00004.safetensors:  22%|██▏       | 837M/3.86G [00:58<02:59, 16.9MB/s][A[A

[1A
[1Amodel-00004-of-00004.safetensors:  60%|█████▉    | 2.13G/3.56G [00:57<00:49, 29.1MB/s][A




[1A
[1Amodel-00003-of-00004.safetensors:  22%|██▏       | 836M/3.86G [00:58<03:35, 14.0MB/s][A[A[A[A



[1A
[1Amodel-00001-of-00004.safetensors:  19%|█▉        | 757M/3.95G [00:58<03:59, 13.3MB/s][A[A[A


[1A
[1Amodel-00002-of-00004.safetensors:  22%|██▏       | 839M/3.86G [00:58<02:54, 17.4MB/s][A[A

[1A
[1Amodel-00004-of-00004.safetensors:  60%|█████▉    | 2.13G/3.56G [00:57<00:48, 29.4MB/s][A




[1A
[1Amodel-00003-of-00004.safetensors:  22%|██▏       | 838M/3.86G [00:58<03:27, 14.6MB/s][A[A[A[A


[1A
[1Amodel-00002-of-00004.safetensors:  22%|██▏       | 841M/3.86G [00:58<02:51, 17.6MB/s][A[A



[1Amodel-00001-of-00004.safetensors:  19%|█▉        | 759M/3.95G [00:58<03:49, 13.9MB/s][A[A[A

[1A
[1Amodel-00004-of-00004.safetensors:  60%|██████    | 2.14G/3.56G [00:57<00:47, 29.7MB/s][A

[1A
[1Amodel-00004-of-00004.safetensors:  60%|██████    | 2.14G/3.56G [00:57<00:47, 29.9MB/s][A




[1A
[1Amodel-00003-of-00004.safetensors:  22%|██▏       | 840M/3.86G [00:58<03:30, 14.4MB/s][A[A[A[A


[1Amodel-00002-of-00004.safetensors:  22%|██▏       | 843M/3.86G [00:58<02:56, 17.2MB/s][A[A



[1A
[1Amodel-00001-of-00004.safetensors:  19%|█▉        | 761M/3.95G [00:58<04:00, 13.3MB/s][A[A[A

[1Amodel-00004-of-00004.safetensors:  60%|██████    | 2.14G/3.56G [00:57<00:46, 30.4MB/s][A


[1A
[1Amodel-00002-of-00004.safetensors:  22%|██▏       | 845M/3.86G [00:58<03:07, 16.1MB/s][A[A




[1A
[1Amodel-00003-of-00004.safetensors:  22%|██▏       | 842M/3.86G [00:58<03:42, 13.6MB/s][A[A[A[A



[1A
[1Amodel-00001-of-00004.safetensors:  19%|█▉        | 763M/3.95G [00:59<04:08, 12.8MB/s][A[A[A

[1Amodel-00004-of-00004.safetensors:  60%|██████    | 2.15G/3.56G [00:57<00:45, 30.9MB/s][A


[1A
[1Amodel-00002-of-00004.safetensors:  22%|██▏       | 847M/3.86G [00:58<03:13, 15.6MB/s][A[A




[1A
[1Amodel-00003-of-00004.safetensors:  22%|██▏       | 844M/3.86G [00:58<03:45, 13.4MB/s][A[A[A[A

[1A
[1Amodel-00004-of-00004.safetensors:  61%|██████    | 2.15G/3.56G [00:58<00:44, 31.4MB/s][A



[1A
[1Amodel-00001-of-00004.safetensors:  19%|█▉        | 765M/3.95G [00:59<04:12, 12.6MB/s][A[A[A


[1A
[1Amodel-00002-of-00004.safetensors:  22%|██▏       | 849M/3.86G [00:58<03:15, 15.4MB/s][A[A




[1A
[1Amodel-00003-of-00004.safetensors:  22%|██▏       | 846M/3.86G [00:58<03:45, 13.4MB/s][A[A[A[A

[1Amodel-00004-of-00004.safetensors:  61%|██████    | 2.16G/3.56G [00:58<00:44, 31.8MB/s][A



[1Amodel-00001-of-00004.safetensors:  19%|█▉        | 768M/3.95G [00:59<04:10, 12.7MB/s][A[A[A


[1A
[1Amodel-00002-of-00004.safetensors:  22%|██▏       | 851M/3.86G [00:59<03:14, 15.5MB/s][A[A




[1A
[1Amodel-00003-of-00004.safetensors:  22%|██▏       | 848M/3.86G [00:58<03:39, 13.7MB/s][A[A[A[A

[1A
[1Amodel-00004-of-00004.safetensors:  61%|██████    | 2.16G/3.56G [00:58<00:43, 32.1MB/s][A


[1Amodel-00002-of-00004.safetensors:  22%|██▏       | 854M/3.86G [00:59<03:12, 15.7MB/s][A[A



[1A
[1Amodel-00001-of-00004.safetensors:  20%|█▉        | 770M/3.95G [00:59<04:04, 13.0MB/s][A[A[A

[1Amodel-00004-of-00004.safetensors:  61%|██████    | 2.16G/3.56G [00:58<00:42, 32.9MB/s][A




[1A
[1Amodel-00003-of-00004.safetensors:  22%|██▏       | 850M/3.86G [00:59<03:35, 14.0MB/s][A[A[A[A


[1Amodel-00002-of-00004.safetensors:  22%|██▏       | 856M/3.86G [00:59<03:08, 16.0MB/s][A[A



[1Amodel-00001-of-00004.safetensors:  20%|█▉        | 772M/3.95G [00:59<03:57, 13.3MB/s][A[A[A

[1Amodel-00004-of-00004.safetensors:  61%|██████    | 2.17G/3.56G [00:58<00:41, 33.3MB/s][A




[1A
[1Amodel-00003-of-00004.safetensors:  22%|██▏       | 852M/3.86G [00:59<03:31, 14.2MB/s][A[A[A[A


[1A
[1Amodel-00002-of-00004.safetensors:  22%|██▏       | 858M/3.86G [00:59<03:09, 15.8MB/s][A[A

[1A
[1Amodel-00004-of-00004.safetensors:  61%|██████    | 2.17G/3.56G [00:58<00:40, 33.8MB/s][A



[1A
[1Amodel-00001-of-00004.safetensors:  20%|█▉        | 774M/3.95G [00:59<04:10, 12.7MB/s][A[A[A




[1A
[1Amodel-00003-of-00004.safetensors:  22%|██▏       | 855M/3.86G [00:59<03:47, 13.2MB/s][A[A[A[A


[1A
[1Amodel-00002-of-00004.safetensors:  22%|██▏       | 860M/3.86G [00:59<03:26, 14.6MB/s][A[A

[1A
[1Amodel-00004-of-00004.safetensors:  61%|██████    | 2.18G/3.56G [00:58<00:40, 34.2MB/s][A



[1Amodel-00001-of-00004.safetensors:  20%|█▉        | 776M/3.95G [01:00<04:22, 12.1MB/s][A[A[A

[1A
[1Amodel-00004-of-00004.safetensors:  61%|██████▏   | 2.18G/3.56G [00:58<00:39, 34.7MB/s][A




[1A
[1Amodel-00003-of-00004.safetensors:  22%|██▏       | 857M/3.86G [00:59<03:52, 12.9MB/s][A[A[A[A


[1A
[1Amodel-00002-of-00004.safetensors:  22%|██▏       | 862M/3.86G [00:59<03:34, 14.0MB/s][A[A

[1Amodel-00004-of-00004.safetensors:  61%|██████▏   | 2.19G/3.56G [00:59<00:39, 35.2MB/s][A



[1Amodel-00001-of-00004.safetensors:  20%|█▉        | 778M/3.95G [01:00<04:25, 11.9MB/s][A[A[A


[1A
[1Amodel-00002-of-00004.safetensors:  22%|██▏       | 864M/3.86G [00:59<03:33, 14.0MB/s][A[A




[1A
[1Amodel-00003-of-00004.safetensors:  22%|██▏       | 859M/3.86G [00:59<03:54, 12.8MB/s][A[A[A[A

[1Amodel-00004-of-00004.safetensors:  62%|██████▏   | 2.19G/3.56G [00:59<00:38, 35.5MB/s][A


[1Amodel-00002-of-00004.safetensors:  22%|██▏       | 866M/3.86G [01:00<03:32, 14.1MB/s][A[A

[1A
[1Amodel-00004-of-00004.safetensors:  62%|██████▏   | 2.19G/3.56G [00:59<00:37, 36.1MB/s][A



[1Amodel-00001-of-00004.safetensors:  20%|█▉        | 780M/3.95G [01:00<04:22, 12.1MB/s][A[A[A




[1A
[1Amodel-00003-of-00004.safetensors:  22%|██▏       | 861M/3.86G [00:59<03:50, 13.0MB/s][A[A[A[A

[1Amodel-00004-of-00004.safetensors:  62%|██████▏   | 2.20G/3.56G [00:59<00:37, 36.7MB/s][A


[1Amodel-00002-of-00004.safetensors:  22%|██▏       | 868M/3.86G [01:00<03:27, 14.4MB/s][A[A




[1Amodel-00003-of-00004.safetensors:  22%|██▏       | 863M/3.86G [01:00<03:44, 13.3MB/s][A[A[A[A



[1Amodel-00001-of-00004.safetensors:  20%|█▉        | 782M/3.95G [01:00<04:18, 12.2MB/s][A[A[A

[1A
[1Amodel-00004-of-00004.safetensors:  62%|██████▏   | 2.20G/3.56G [00:59<00:36, 37.0MB/s][A


[1A
[1Amodel-00002-of-00004.safetensors:  23%|██▎       | 870M/3.86G [01:00<03:24, 14.6MB/s][A[A




[1Amodel-00003-of-00004.safetensors:  22%|██▏       | 865M/3.86G [01:00<03:38, 13.7MB/s][A[A[A[A



[1Amodel-00001-of-00004.safetensors:  20%|█▉        | 784M/3.95G [01:00<04:10, 12.6MB/s][A[A[A

[1A
[1Amodel-00004-of-00004.safetensors:  62%|██████▏   | 2.21G/3.56G [00:59<00:35, 37.6MB/s][A


[1A
[1Amodel-00002-of-00004.safetensors:  23%|██▎       | 872M/3.86G [01:00<03:18, 15.1MB/s][A[A

[1Amodel-00004-of-00004.safetensors:  62%|██████▏   | 2.21G/3.56G [00:59<00:35, 38.2MB/s][A




[1A
[1Amodel-00003-of-00004.safetensors:  22%|██▏       | 867M/3.86G [01:00<03:30, 14.2MB/s][A[A[A[A



[1A
[1Amodel-00001-of-00004.safetensors:  20%|█▉        | 786M/3.95G [01:00<04:02, 13.0MB/s][A[A[A


[1A
[1Amodel-00002-of-00004.safetensors:  23%|██▎       | 875M/3.86G [01:00<03:12, 15.5MB/s][A[A

[1A
[1Amodel-00004-of-00004.safetensors:  62%|██████▏   | 2.21G/3.56G [00:59<00:34, 38.6MB/s][A




[1A
[1Amodel-00003-of-00004.safetensors:  22%|██▏       | 869M/3.86G [01:00<03:24, 14.6MB/s][A[A[A[A



[1A
[1Amodel-00001-of-00004.safetensors:  20%|█▉        | 789M/3.95G [01:01<03:54, 13.5MB/s][A[A[A

[1Amodel-00004-of-00004.safetensors:  62%|██████▏   | 2.22G/3.56G [00:59<00:34, 39.0MB/s][A


[1A
[1Amodel-00002-of-00004.safetensors:  23%|██▎       | 877M/3.86G [01:00<03:06, 16.0MB/s][A[A




[1Amodel-00003-of-00004.safetensors:  23%|██▎       | 871M/3.86G [01:00<03:15, 15.3MB/s][A[A[A[A

[1A
[1Amodel-00004-of-00004.safetensors:  63%|██████▎   | 2.22G/3.56G [01:00<00:33, 39.4MB/s][A



[1Amodel-00001-of-00004.safetensors:  20%|██        | 791M/3.95G [01:01<03:46, 13.9MB/s][A[A[A


[1Amodel-00002-of-00004.safetensors:  23%|██▎       | 879M/3.86G [01:00<03:08, 15.9MB/s][A[A




[1A
[1Amodel-00003-of-00004.safetensors:  23%|██▎       | 873M/3.86G [01:00<03:18, 15.1MB/s][A[A[A[A

[1Amodel-00004-of-00004.safetensors:  63%|██████▎   | 2.23G/3.56G [01:00<00:33, 39.7MB/s][A



[1Amodel-00001-of-00004.safetensors:  20%|██        | 793M/3.95G [01:01<04:02, 13.0MB/s][A[A[A


[1A
[1Amodel-00002-of-00004.safetensors:  23%|██▎       | 881M/3.86G [01:01<03:18, 15.0MB/s][A[A

[1A
[1Amodel-00004-of-00004.safetensors:  63%|██████▎   | 2.23G/3.56G [01:00<00:33, 40.1MB/s][A




[1Amodel-00003-of-00004.safetensors:  23%|██▎       | 876M/3.86G [01:00<03:30, 14.2MB/s][A[A[A[A

[1A
[1Amodel-00004-of-00004.safetensors:  63%|██████▎   | 2.24G/3.56G [01:00<00:32, 40.5MB/s][A


[1Amodel-00002-of-00004.safetensors:  23%|██▎       | 883M/3.86G [01:01<03:25, 14.5MB/s][A[A



[1A
[1Amodel-00001-of-00004.safetensors:  20%|██        | 795M/3.95G [01:01<04:10, 12.6MB/s][A[A[A

[1Amodel-00004-of-00004.safetensors:  63%|██████▎   | 2.24G/3.56G [01:00<00:32, 40.8MB/s][A




[1A
[1Amodel-00003-of-00004.safetensors:  23%|██▎       | 878M/3.86G [01:01<03:35, 13.9MB/s][A[A[A[A


[1A
[1Amodel-00002-of-00004.safetensors:  23%|██▎       | 885M/3.86G [01:01<03:28, 14.3MB/s][A[A

[1A
[1Amodel-00004-of-00004.safetensors:  63%|██████▎   | 2.25G/3.56G [01:00<00:31, 41.6MB/s][A



[1A
[1Amodel-00001-of-00004.safetensors:  20%|██        | 797M/3.95G [01:01<04:11, 12.5MB/s][A[A[A




[1Amodel-00003-of-00004.safetensors:  23%|██▎       | 880M/3.86G [01:01<03:36, 13.8MB/s][A[A[A[A


[1A
[1Amodel-00002-of-00004.safetensors:  23%|██▎       | 887M/3.86G [01:01<03:27, 14.3MB/s][A[A

[1A
[1Amodel-00004-of-00004.safetensors:  63%|██████▎   | 2.25G/3.56G [01:00<00:31, 42.0MB/s][A



[1A
[1Amodel-00001-of-00004.safetensors:  20%|██        | 799M/3.95G [01:01<04:09, 12.6MB/s][A[A[A




[1A
[1Amodel-00003-of-00004.safetensors:  23%|██▎       | 882M/3.86G [01:01<03:33, 13.9MB/s][A[A[A[A

[1Amodel-00004-of-00004.safetensors:  63%|██████▎   | 2.26G/3.56G [01:00<00:30, 42.7MB/s][A


[1A
[1Amodel-00002-of-00004.safetensors:  23%|██▎       | 889M/3.86G [01:01<03:22, 14.7MB/s][A[A




[1A
[1Amodel-00003-of-00004.safetensors:  23%|██▎       | 884M/3.86G [01:01<03:29, 14.2MB/s][A[A[A[A



[1A
[1Amodel-00001-of-00004.safetensors:  20%|██        | 801M/3.95G [01:01<04:03, 12.9MB/s][A[A[A

[1A
[1Amodel-00004-of-00004.safetensors:  64%|██████▎   | 2.26G/3.56G [01:00<00:29, 43.3MB/s][A


[1A
[1Amodel-00002-of-00004.safetensors:  23%|██▎       | 891M/3.86G [01:01<03:19, 14.9MB/s][A[A




[1Amodel-00003-of-00004.safetensors:  23%|██▎       | 886M/3.86G [01:01<03:22, 14.7MB/s][A[A[A[A



[1Amodel-00001-of-00004.safetensors:  20%|██        | 803M/3.95G [01:02<03:56, 13.3MB/s][A[A[A

[1Amodel-00004-of-00004.safetensors:  64%|██████▎   | 2.27G/3.56G [01:01<00:29, 43.7MB/s][A


[1Amodel-00002-of-00004.safetensors:  23%|██▎       | 893M/3.86G [01:01<03:14, 15.3MB/s][A[A




[1Amodel-00003-of-00004.safetensors:  23%|██▎       | 888M/3.86G [01:01<03:17, 15.0MB/s][A[A[A[A

[1A
[1Amodel-00004-of-00004.safetensors:  64%|██████▍   | 2.27G/3.56G [01:01<00:29, 44.2MB/s][A



[1A
[1Amodel-00001-of-00004.safetensors:  20%|██        | 805M/3.95G [01:02<03:54, 13.4MB/s][A[A[A


[1A
[1Amodel-00002-of-00004.safetensors:  23%|██▎       | 895M/3.86G [01:01<03:16, 15.1MB/s][A[A

[1A
[1Amodel-00004-of-00004.safetensors:  64%|██████▍   | 2.28G/3.56G [01:01<00:28, 44.4MB/s][A




[1Amodel-00003-of-00004.safetensors:  23%|██▎       | 890M/3.86G [01:01<03:33, 13.9MB/s][A[A[A[A

[1Amodel-00004-of-00004.safetensors:  64%|██████▍   | 2.28G/3.56G [01:01<00:28, 44.7MB/s][A



[1A
[1Amodel-00001-of-00004.safetensors:  20%|██        | 807M/3.95G [01:02<04:11, 12.5MB/s][A[A[A


[1Amodel-00002-of-00004.safetensors:  23%|██▎       | 898M/3.86G [01:02<03:30, 14.1MB/s][A[A




[1Amodel-00003-of-00004.safetensors:  23%|██▎       | 892M/3.86G [01:02<03:40, 13.5MB/s][A[A[A[A

[1Amodel-00004-of-00004.safetensors:  64%|██████▍   | 2.29G/3.56G [01:01<00:28, 45.2MB/s][A


[1Amodel-00002-of-00004.safetensors:  23%|██▎       | 900M/3.86G [01:02<03:38, 13.6MB/s][A[A



[1Amodel-00001-of-00004.safetensors:  21%|██        | 810M/3.95G [01:02<04:18, 12.1MB/s][A[A[A

[1A
[1Amodel-00004-of-00004.safetensors:  64%|██████▍   | 2.29G/3.56G [01:01<00:27, 45.6MB/s][A




[1A
[1Amodel-00003-of-00004.safetensors:  23%|██▎       | 894M/3.86G [01:02<03:42, 13.3MB/s][A[A[A[A


[1Amodel-00002-of-00004.safetensors:  23%|██▎       | 902M/3.86G [01:02<03:37, 13.6MB/s][A[A

[1A
[1Amodel-00004-of-00004.safetensors:  65%|██████▍   | 2.30G/3.56G [01:01<00:27, 45.9MB/s][A



[1A
[1Amodel-00001-of-00004.safetensors:  21%|██        | 812M/3.95G [01:02<04:19, 12.1MB/s][A[A[A




[1Amodel-00003-of-00004.safetensors:  23%|██▎       | 897M/3.86G [01:02<03:39, 13.5MB/s][A[A[A[A

[1Amodel-00004-of-00004.safetensors:  65%|██████▍   | 2.30G/3.56G [01:01<00:26, 46.8MB/s][A


[1A
[1Amodel-00002-of-00004.safetensors:  23%|██▎       | 904M/3.86G [01:02<03:37, 13.6MB/s][A[A



[1Amodel-00001-of-00004.safetensors:  21%|██        | 814M/3.95G [01:03<04:15, 12.3MB/s][A[A[A

[1Amodel-00004-of-00004.safetensors:  65%|██████▍   | 2.31G/3.56G [01:01<00:26, 47.6MB/s][A




[1A
[1Amodel-00003-of-00004.safetensors:  23%|██▎       | 899M/3.86G [01:02<03:35, 13.8MB/s][A[A[A[A


[1A
[1Amodel-00002-of-00004.safetensors:  23%|██▎       | 906M/3.86G [01:02<03:31, 14.0MB/s][A[A

[1Amodel-00004-of-00004.safetensors:  65%|██████▌   | 2.31G/3.56G [01:02<00:25, 48.1MB/s][A



[1A
[1Amodel-00001-of-00004.safetensors:  21%|██        | 816M/3.95G [01:03<04:08, 12.6MB/s][A[A[A




[1A
[1Amodel-00003-of-00004.safetensors:  23%|██▎       | 901M/3.86G [01:02<03:29, 14.1MB/s][A[A[A[A


[1Amodel-00002-of-00004.safetensors:  23%|██▎       | 908M/3.86G [01:02<03:25, 14.4MB/s][A[A

[1Amodel-00004-of-00004.safetensors:  65%|██████▌   | 2.32G/3.56G [01:02<00:25, 48.5MB/s][A



[1A
[1Amodel-00001-of-00004.safetensors:  21%|██        | 818M/3.95G [01:03<04:02, 12.9MB/s][A[A[A




[1A
[1Amodel-00003-of-00004.safetensors:  23%|██▎       | 903M/3.86G [01:02<03:24, 14.5MB/s][A[A[A[A

[1A
[1Amodel-00004-of-00004.safetensors:  65%|██████▌   | 2.32G/3.56G [01:02<00:25, 48.8MB/s][A


[1A
[1Amodel-00002-of-00004.safetensors:  24%|██▎       | 910M/3.86G [01:03<03:21, 14.7MB/s][A[A




[1A
[1Amodel-00003-of-00004.safetensors:  23%|██▎       | 905M/3.86G [01:02<03:17, 15.0MB/s][A[A[A[A

[1Amodel-00004-of-00004.safetensors:  65%|██████▌   | 2.33G/3.56G [01:02<00:24, 49.1MB/s][A



[1A
[1Amodel-00001-of-00004.safetensors:  21%|██        | 820M/3.95G [01:03<03:53, 13.4MB/s][A[A[A


[1Amodel-00002-of-00004.safetensors:  24%|██▎       | 912M/3.86G [01:03<03:14, 15.2MB/s][A[A

[1A
[1Amodel-00004-of-00004.safetensors:  66%|██████▌   | 2.33G/3.56G [01:02<00:24, 49.4MB/s][A




[1A
[1Amodel-00003-of-00004.safetensors:  23%|██▎       | 907M/3.86G [01:03<03:11, 15.4MB/s][A[A[A[A



[1A
[1Amodel-00001-of-00004.safetensors:  21%|██        | 822M/3.95G [01:03<03:46, 13.8MB/s][A[A[A


[1Amodel-00002-of-00004.safetensors:  24%|██▎       | 914M/3.86G [01:03<03:11, 15.4MB/s][A[A

[1Amodel-00004-of-00004.safetensors:  66%|██████▌   | 2.34G/3.56G [01:02<00:24, 49.5MB/s][A




[1A
[1Amodel-00003-of-00004.safetensors:  24%|██▎       | 909M/3.86G [01:03<03:18, 14.9MB/s][A[A[A[A

[1A
[1Amodel-00004-of-00004.safetensors:  66%|██████▌   | 2.34G/3.56G [01:02<00:24, 50.1MB/s][A



[1Amodel-00001-of-00004.safetensors:  21%|██        | 824M/3.95G [01:03<04:06, 12.7MB/s][A[A[A


[1A
[1Amodel-00002-of-00004.safetensors:  24%|██▎       | 916M/3.86G [01:03<03:24, 14.4MB/s][A[A

[1A
[1Amodel-00004-of-00004.safetensors:  66%|██████▌   | 2.35G/3.56G [01:02<00:23, 50.5MB/s][A




[1A
[1Amodel-00003-of-00004.safetensors:  24%|██▎       | 911M/3.86G [01:03<03:28, 14.2MB/s][A[A[A[A


[1A
[1Amodel-00002-of-00004.safetensors:  24%|██▍       | 919M/3.86G [01:03<03:31, 13.9MB/s][A[A

[1Amodel-00004-of-00004.safetensors:  66%|██████▌   | 2.36G/3.56G [01:02<00:23, 50.6MB/s][A



[1A
[1Amodel-00001-of-00004.safetensors:  21%|██        | 826M/3.95G [01:03<04:13, 12.3MB/s][A[A[A




[1Amodel-00003-of-00004.safetensors:  24%|██▎       | 913M/3.86G [01:03<03:32, 13.9MB/s][A[A[A[A

[1A
[1Amodel-00004-of-00004.safetensors:  66%|██████▋   | 2.36G/3.56G [01:03<00:23, 51.3MB/s][A


[1Amodel-00002-of-00004.safetensors:  24%|██▍       | 921M/3.86G [01:03<03:32, 13.9MB/s][A[A



[1A
[1Amodel-00001-of-00004.safetensors:  21%|██        | 828M/3.95G [01:04<04:13, 12.3MB/s][A[A[A




[1Amodel-00003-of-00004.safetensors:  24%|██▎       | 915M/3.86G [01:03<03:32, 13.9MB/s][A[A[A[A

[1A
[1Amodel-00004-of-00004.safetensors:  67%|██████▋   | 2.37G/3.56G [01:03<00:22, 52.2MB/s][A


[1Amodel-00002-of-00004.safetensors:  24%|██▍       | 923M/3.86G [01:03<03:32, 13.8MB/s][A[A



[1A
[1Amodel-00001-of-00004.safetensors:  21%|██        | 830M/3.95G [01:04<04:10, 12.4MB/s][A[A[A

[1Amodel-00004-of-00004.safetensors:  67%|██████▋   | 2.37G/3.56G [01:03<00:22, 52.8MB/s][A




[1Amodel-00003-of-00004.safetensors:  24%|██▎       | 918M/3.86G [01:03<03:28, 14.1MB/s][A[A[A[A


[1Amodel-00002-of-00004.safetensors:  24%|██▍       | 925M/3.86G [01:04<03:28, 14.1MB/s][A[A

[1Amodel-00004-of-00004.safetensors:  67%|██████▋   | 2.38G/3.56G [01:03<00:22, 53.4MB/s][A



[1Amodel-00001-of-00004.safetensors:  21%|██        | 833M/3.95G [01:04<04:04, 12.8MB/s][A[A[A




[1A
[1Amodel-00003-of-00004.safetensors:  24%|██▍       | 920M/3.86G [01:04<03:23, 14.5MB/s][A[A[A[A


[1Amodel-00002-of-00004.safetensors:  24%|██▍       | 927M/3.86G [01:04<03:22, 14.5MB/s][A[A

[1A
[1Amodel-00004-of-00004.safetensors:  67%|██████▋   | 2.39G/3.56G [01:03<00:21, 53.2MB/s][A




[1A
[1Amodel-00003-of-00004.safetensors:  24%|██▍       | 922M/3.86G [01:04<03:21, 14.6MB/s][A[A[A[A



[1Amodel-00001-of-00004.safetensors:  21%|██        | 835M/3.95G [01:04<04:01, 12.9MB/s][A[A[A


[1Amodel-00002-of-00004.safetensors:  24%|██▍       | 929M/3.86G [01:04<03:21, 14.6MB/s][A[A

[1Amodel-00004-of-00004.safetensors:  67%|██████▋   | 2.39G/3.56G [01:03<00:23, 49.0MB/s][A



model-00003-of-00004.safetensors:  24%|██▍       | 924M/3.86G [01:04<03:17, 14.9MB/s][A[A[A[A



[1Amodel-00001-of-00004.safetensors:  21%|██        | 837M/3.95G [01:04<03:52, 13.4MB/s][A[A[A

[1A
[1Amodel-00004-of-00004.safetensors:  67%|██████▋   | 2.40G/3.56G [01:03<00:22, 50.9MB/s][A


[1Amodel-00002-of-00004.safetensors:  24%|██▍       | 931M/3.86G [01:04<03:25, 14.3MB/s][A[A




[1Amodel-00003-of-00004.safetensors:  24%|██▍       | 926M/3.86G [01:04<03:13, 15.2MB/s][A[A[A[A

[1A
[1Amodel-00004-of-00004.safetensors:  68%|██████▊   | 2.40G/3.56G [01:03<00:23, 49.5MB/s][A



[1A
[1Amodel-00001-of-00004.safetensors:  21%|██▏       | 839M/3.95G [01:04<04:18, 12.0MB/s][A[A[A




[1A
[1Amodel-00003-of-00004.safetensors:  24%|██▍       | 928M/3.86G [01:04<03:07, 15.7MB/s][A[A[A[A


[1A
[1Amodel-00002-of-00004.safetensors:  24%|██▍       | 933M/3.86G [01:04<03:46, 12.9MB/s][A[A

[1Amodel-00004-of-00004.safetensors:  68%|██████▊   | 2.41G/3.56G [01:03<00:22, 51.2MB/s][A



[1A
[1Amodel-00001-of-00004.safetensors:  21%|██▏       | 841M/3.95G [01:05<04:01, 12.9MB/s][A[A[A




[1Amodel-00003-of-00004.safetensors:  24%|██▍       | 930M/3.86G [01:04<02:58, 16.4MB/s][A[A[A[A


[1Amodel-00002-of-00004.safetensors:  24%|██▍       | 935M/3.86G [01:04<03:30, 13.9MB/s][A[A

[1Amodel-00004-of-00004.safetensors:  68%|██████▊   | 2.42G/3.56G [01:04<00:24, 45.9MB/s][A



[1Amodel-00001-of-00004.safetensors:  21%|██▏       | 843M/3.95G [01:05<04:11, 12.3MB/s][A[A[A




[1Amodel-00003-of-00004.safetensors:  24%|██▍       | 932M/3.86G [01:04<03:27, 14.1MB/s][A[A[A[A


[1A
[1Amodel-00002-of-00004.safetensors:  24%|██▍       | 937M/3.86G [01:05<03:49, 12.7MB/s][A[A




[1A
[1Amodel-00003-of-00004.safetensors:  24%|██▍       | 934M/3.86G [01:05<03:52, 12.6MB/s][A[A[A[A


[1A
[1Amodel-00002-of-00004.safetensors:  24%|██▍       | 940M/3.86G [01:05<03:57, 12.3MB/s][A[A

[1Amodel-00004-of-00004.safetensors:  68%|██████▊   | 2.42G/3.56G [01:04<00:43, 25.9MB/s][A



[1A
[1Amodel-00001-of-00004.safetensors:  21%|██▏       | 845M/3.95G [01:05<05:22, 9.62MB/s][A[A[A




[1Amodel-00003-of-00004.safetensors:  24%|██▍       | 936M/3.86G [01:05<03:41, 13.2MB/s][A[A[A[A


[1A
[1Amodel-00002-of-00004.safetensors:  24%|██▍       | 942M/3.86G [01:05<03:46, 12.9MB/s][A[A

[1A
[1Amodel-00004-of-00004.safetensors:  68%|██████▊   | 2.43G/3.56G [01:04<00:42, 26.7MB/s][A



[1Amodel-00001-of-00004.safetensors:  21%|██▏       | 847M/3.95G [01:05<04:56, 10.4MB/s][A[A[A




[1A
[1Amodel-00003-of-00004.safetensors:  24%|██▍       | 938M/3.86G [01:05<03:36, 13.5MB/s][A[A[A[A


[1A
[1Amodel-00002-of-00004.safetensors:  24%|██▍       | 944M/3.86G [01:05<03:38, 13.4MB/s][A[A

[1A
[1Amodel-00004-of-00004.safetensors:  68%|██████▊   | 2.43G/3.56G [01:04<00:41, 27.4MB/s][A




[1Amodel-00003-of-00004.safetensors:  24%|██▍       | 941M/3.86G [01:05<03:28, 14.0MB/s][A[A[A[A



[1A
[1Amodel-00001-of-00004.safetensors:  22%|██▏       | 849M/3.95G [01:05<04:37, 11.2MB/s][A[A[A


[1A
[1Amodel-00002-of-00004.safetensors:  24%|██▍       | 946M/3.86G [01:05<03:31, 13.8MB/s][A[A

[1Amodel-00004-of-00004.safetensors:  68%|██████▊   | 2.43G/3.56G [01:04<00:39, 28.3MB/s][A




[1Amodel-00003-of-00004.safetensors:  24%|██▍       | 943M/3.86G [01:05<03:20, 14.5MB/s][A[A[A[A



[1A
[1Amodel-00001-of-00004.safetensors:  22%|██▏       | 851M/3.95G [01:06<04:21, 11.8MB/s][A[A[A


[1A
[1Amodel-00002-of-00004.safetensors:  25%|██▍       | 948M/3.86G [01:05<03:25, 14.2MB/s][A[A

[1A
[1Amodel-00004-of-00004.safetensors:  69%|██████▊   | 2.44G/3.56G [01:05<00:38, 28.7MB/s][A




[1A
[1Amodel-00003-of-00004.safetensors:  24%|██▍       | 945M/3.86G [01:05<03:14, 15.0MB/s][A[A[A[A


[1A
[1Amodel-00002-of-00004.safetensors:  25%|██▍       | 950M/3.86G [01:05<03:17, 14.7MB/s][A[A



[1A
[1Amodel-00001-of-00004.safetensors:  22%|██▏       | 854M/3.95G [01:06<04:08, 12.5MB/s][A[A[A

[1A
[1Amodel-00004-of-00004.safetensors:  69%|██████▊   | 2.44G/3.56G [01:05<00:37, 29.5MB/s][A




[1A
[1Amodel-00003-of-00004.safetensors:  25%|██▍       | 947M/3.86G [01:05<03:08, 15.5MB/s][A[A[A[A


[1A
[1Amodel-00002-of-00004.safetensors:  25%|██▍       | 952M/3.86G [01:06<03:11, 15.2MB/s][A[A



[1A
[1Amodel-00001-of-00004.safetensors:  22%|██▏       | 856M/3.95G [01:06<03:58, 13.0MB/s][A[A[A

[1A
[1Amodel-00004-of-00004.safetensors:  69%|██████▉   | 2.45G/3.56G [01:05<00:36, 30.2MB/s][A




[1Amodel-00003-of-00004.safetensors:  25%|██▍       | 949M/3.86G [01:05<03:00, 16.1MB/s][A[A[A[A


[1A
[1Amodel-00002-of-00004.safetensors:  25%|██▍       | 954M/3.86G [01:06<03:04, 15.8MB/s][A[A



[1A
[1Amodel-00001-of-00004.safetensors:  22%|██▏       | 858M/3.95G [01:06<03:48, 13.5MB/s][A[A[A

[1A
[1Amodel-00004-of-00004.safetensors:  69%|██████▉   | 2.45G/3.56G [01:05<00:35, 30.9MB/s][A




[1A
[1Amodel-00003-of-00004.safetensors:  25%|██▍       | 951M/3.86G [01:06<02:55, 16.6MB/s][A[A[A[A


[1A
[1Amodel-00002-of-00004.safetensors:  25%|██▍       | 956M/3.86G [01:06<02:58, 16.3MB/s][A[A



[1A
[1Amodel-00001-of-00004.safetensors:  22%|██▏       | 860M/3.95G [01:06<03:45, 13.7MB/s][A[A[A




[1A
[1Amodel-00003-of-00004.safetensors:  25%|██▍       | 953M/3.86G [01:06<02:54, 16.6MB/s][A[A[A[A

[1Amodel-00004-of-00004.safetensors:  69%|██████▉   | 2.45G/3.56G [01:05<00:35, 31.3MB/s][A


[1A
[1Amodel-00002-of-00004.safetensors:  25%|██▍       | 958M/3.86G [01:06<03:02, 15.9MB/s][A[A

[1A
[1Amodel-00004-of-00004.safetensors:  69%|██████▉   | 2.46G/3.56G [01:05<00:34, 31.8MB/s][A



[1A
[1Amodel-00001-of-00004.safetensors:  22%|██▏       | 862M/3.95G [01:06<03:53, 13.2MB/s][A[A[A


[1A
[1Amodel-00002-of-00004.safetensors:  25%|██▍       | 960M/3.86G [01:06<03:13, 15.0MB/s][A[A




[1Amodel-00003-of-00004.safetensors:  25%|██▍       | 955M/3.86G [01:06<03:30, 13.8MB/s][A[A[A[A

[1A
[1Amodel-00004-of-00004.safetensors:  69%|██████▉   | 2.46G/3.56G [01:05<00:33, 32.7MB/s][A



[1A
[1Amodel-00001-of-00004.safetensors:  22%|██▏       | 864M/3.95G [01:07<04:00, 12.8MB/s][A[A[A


[1A
[1Amodel-00002-of-00004.safetensors:  25%|██▍       | 963M/3.86G [01:06<03:18, 14.6MB/s][A[A

[1A
[1Amodel-00004-of-00004.safetensors:  69%|██████▉   | 2.47G/3.56G [01:05<00:32, 33.4MB/s][A




[1A
[1Amodel-00003-of-00004.safetensors:  25%|██▍       | 957M/3.86G [01:06<03:51, 12.5MB/s][A[A[A[A

[1A
[1Amodel-00004-of-00004.safetensors:  69%|██████▉   | 2.47G/3.56G [01:06<00:32, 33.6MB/s][A



[1A
[1Amodel-00001-of-00004.safetensors:  22%|██▏       | 866M/3.95G [01:07<04:00, 12.8MB/s][A[A[A


[1A
[1Amodel-00002-of-00004.safetensors:  25%|██▍       | 965M/3.86G [01:06<03:19, 14.6MB/s][A[A




[1Amodel-00003-of-00004.safetensors:  25%|██▍       | 959M/3.86G [01:06<04:02, 12.0MB/s][A[A[A[A

[1A
[1Amodel-00004-of-00004.safetensors:  70%|██████▉   | 2.48G/3.56G [01:06<00:31, 34.2MB/s][A


[1Amodel-00002-of-00004.safetensors:  25%|██▌       | 967M/3.86G [01:07<03:17, 14.7MB/s][A[A



[1A
[1Amodel-00001-of-00004.safetensors:  22%|██▏       | 868M/3.95G [01:07<03:58, 12.9MB/s][A[A[A

[1Amodel-00004-of-00004.safetensors:  70%|██████▉   | 2.48G/3.56G [01:06<00:30, 34.9MB/s][A


[1A
[1Amodel-00002-of-00004.safetensors:  25%|██▌       | 969M/3.86G [01:07<03:15, 14.8MB/s][A[A




[1Amodel-00003-of-00004.safetensors:  25%|██▍       | 962M/3.86G [01:07<04:02, 12.0MB/s][A[A[A[A



[1Amodel-00001-of-00004.safetensors:  22%|██▏       | 870M/3.95G [01:07<03:52, 13.2MB/s][A[A[A

[1A
[1Amodel-00004-of-00004.safetensors:  70%|██████▉   | 2.48G/3.56G [01:06<00:30, 35.2MB/s][A


[1A
[1Amodel-00002-of-00004.safetensors:  25%|██▌       | 971M/3.86G [01:07<03:10, 15.2MB/s][A[A




[1A
[1Amodel-00003-of-00004.safetensors:  25%|██▍       | 964M/3.86G [01:07<03:58, 12.2MB/s][A[A[A[A

[1A
[1Amodel-00004-of-00004.safetensors:  70%|██████▉   | 2.49G/3.56G [01:06<00:30, 35.6MB/s][A



[1A
[1Amodel-00001-of-00004.safetensors:  22%|██▏       | 872M/3.95G [01:07<03:46, 13.6MB/s][A[A[A


[1A
[1Amodel-00002-of-00004.safetensors:  25%|██▌       | 973M/3.86G [01:07<03:06, 15.5MB/s][A[A

[1A
[1Amodel-00004-of-00004.safetensors:  70%|███████   | 2.49G/3.56G [01:06<00:29, 36.1MB/s][A



[1A
[1Amodel-00001-of-00004.safetensors:  22%|██▏       | 875M/3.95G [01:07<03:40, 13.9MB/s][A[A[A




[1A
[1Amodel-00003-of-00004.safetensors:  25%|██▍       | 966M/3.86G [01:07<03:51, 12.5MB/s][A[A[A[A


[1A
[1Amodel-00002-of-00004.safetensors:  25%|██▌       | 975M/3.86G [01:07<03:00, 16.0MB/s][A[A

[1A
[1Amodel-00004-of-00004.safetensors:  70%|███████   | 2.50G/3.56G [01:06<00:28, 36.6MB/s][A



[1A
[1Amodel-00001-of-00004.safetensors:  22%|██▏       | 877M/3.95G [01:07<03:32, 14.4MB/s][A[A[A




[1A
[1Amodel-00003-of-00004.safetensors:  25%|██▌       | 968M/3.86G [01:07<03:43, 13.0MB/s][A[A[A[A


[1A
[1Amodel-00002-of-00004.safetensors:  25%|██▌       | 977M/3.86G [01:07<02:55, 16.4MB/s][A[A

[1Amodel-00004-of-00004.safetensors:  70%|███████   | 2.50G/3.56G [01:06<00:28, 37.2MB/s][A



[1A
[1Amodel-00001-of-00004.safetensors:  22%|██▏       | 879M/3.95G [01:08<03:25, 14.9MB/s][A[A[A

[1A
[1Amodel-00004-of-00004.safetensors:  70%|███████   | 2.51G/3.56G [01:07<00:27, 37.8MB/s][A




[1A
[1Amodel-00003-of-00004.safetensors:  25%|██▌       | 970M/3.86G [01:07<03:35, 13.4MB/s][A[A[A[A


[1A
[1Amodel-00002-of-00004.safetensors:  25%|██▌       | 979M/3.86G [01:07<02:51, 16.9MB/s][A[A

[1A
[1Amodel-00004-of-00004.safetensors:  71%|███████   | 2.51G/3.56G [01:07<00:27, 38.3MB/s][A



[1A
[1Amodel-00001-of-00004.safetensors:  22%|██▏       | 881M/3.95G [01:08<03:27, 14.8MB/s][A[A[A


[1Amodel-00002-of-00004.safetensors:  25%|██▌       | 981M/3.86G [01:07<02:54, 16.6MB/s][A[A




[1A
[1Amodel-00003-of-00004.safetensors:  25%|██▌       | 972M/3.86G [01:07<03:36, 13.4MB/s][A[A[A[A

[1A
[1Amodel-00004-of-00004.safetensors:  71%|███████   | 2.51G/3.56G [01:07<00:26, 38.8MB/s][A


[1A
[1Amodel-00002-of-00004.safetensors:  25%|██▌       | 984M/3.86G [01:08<03:06, 15.5MB/s][A[A

[1Amodel-00004-of-00004.safetensors:  71%|███████   | 2.52G/3.56G [01:07<00:26, 39.1MB/s][A




[1A
[1Amodel-00003-of-00004.safetensors:  25%|██▌       | 974M/3.86G [01:07<03:47, 12.7MB/s][A[A[A[A



[1A
[1Amodel-00001-of-00004.safetensors:  22%|██▏       | 883M/3.95G [01:08<04:07, 12.4MB/s][A[A[A

[1Amodel-00004-of-00004.safetensors:  71%|███████   | 2.52G/3.56G [01:07<00:26, 39.7MB/s][A


[1Amodel-00002-of-00004.safetensors:  26%|██▌       | 986M/3.86G [01:08<03:10, 15.1MB/s][A[A




[1Amodel-00003-of-00004.safetensors:  25%|██▌       | 976M/3.86G [01:08<03:50, 12.5MB/s][A[A[A[A

[1A
[1Amodel-00004-of-00004.safetensors:  71%|███████   | 2.53G/3.56G [01:07<00:25, 40.0MB/s][A



[1Amodel-00001-of-00004.safetensors:  22%|██▏       | 885M/3.95G [01:08<04:30, 11.3MB/s][A[A[A


[1A
[1Amodel-00002-of-00004.safetensors:  26%|██▌       | 988M/3.86G [01:08<03:12, 14.9MB/s][A[A

[1Amodel-00004-of-00004.safetensors:  71%|███████   | 2.53G/3.56G [01:07<00:25, 40.1MB/s][A




[1A
[1Amodel-00003-of-00004.safetensors:  25%|██▌       | 978M/3.86G [01:08<03:48, 12.6MB/s][A[A[A[A


[1A
[1Amodel-00002-of-00004.safetensors:  26%|██▌       | 990M/3.86G [01:08<03:11, 15.0MB/s][A[A

[1Amodel-00004-of-00004.safetensors:  71%|███████▏  | 2.54G/3.56G [01:07<00:25, 40.7MB/s][A



[1A
[1Amodel-00001-of-00004.safetensors:  22%|██▏       | 887M/3.95G [01:08<04:40, 10.9MB/s][A[A[A




[1Amodel-00003-of-00004.safetensors:  25%|██▌       | 980M/3.86G [01:08<03:43, 12.9MB/s][A[A[A[A


[1Amodel-00002-of-00004.safetensors:  26%|██▌       | 992M/3.86G [01:08<03:08, 15.3MB/s][A[A

[1Amodel-00004-of-00004.safetensors:  71%|███████▏  | 2.54G/3.56G [01:07<00:24, 41.4MB/s][A



[1A
[1Amodel-00001-of-00004.safetensors:  23%|██▎       | 889M/3.95G [01:09<04:39, 10.9MB/s][A[A[A


[1A
[1Amodel-00002-of-00004.safetensors:  26%|██▌       | 994M/3.86G [01:08<03:04, 15.6MB/s][A[A




[1Amodel-00003-of-00004.safetensors:  25%|██▌       | 983M/3.86G [01:08<03:37, 13.2MB/s][A[A[A[A

[1Amodel-00004-of-00004.safetensors:  72%|███████▏  | 2.55G/3.56G [01:08<00:24, 41.7MB/s][A


[1Amodel-00002-of-00004.safetensors:  26%|██▌       | 996M/3.86G [01:08<03:00, 15.9MB/s][A[A

[1A
[1Amodel-00004-of-00004.safetensors:  72%|███████▏  | 2.55G/3.56G [01:08<00:23, 42.4MB/s][A




[1A
[1Amodel-00003-of-00004.safetensors:  25%|██▌       | 985M/3.86G [01:08<03:31, 13.6MB/s][A[A[A[A



[1A
[1Amodel-00001-of-00004.safetensors:  23%|██▎       | 891M/3.95G [01:09<04:35, 11.1MB/s][A[A[A

[1A
[1Amodel-00004-of-00004.safetensors:  72%|███████▏  | 2.56G/3.56G [01:08<00:23, 43.0MB/s][A


[1A
[1Amodel-00002-of-00004.safetensors:  26%|██▌       | 998M/3.86G [01:09<02:58, 16.1MB/s][A[A




[1Amodel-00003-of-00004.safetensors:  26%|██▌       | 987M/3.86G [01:08<03:22, 14.2MB/s][A[A[A[A



[1A
[1Amodel-00001-of-00004.safetensors:  23%|██▎       | 893M/3.95G [01:09<04:24, 11.5MB/s][A[A[A

[1Amodel-00004-of-00004.safetensors:  72%|███████▏  | 2.56G/3.56G [01:08<00:22, 43.5MB/s][A


[1A
[1Amodel-00002-of-00004.safetensors:  26%|██▌       | 1.00G/3.86G [01:09<02:52, 16.6MB/s][A[A




[1A
[1Amodel-00003-of-00004.safetensors:  26%|██▌       | 989M/3.86G [01:09<03:16, 14.6MB/s][A[A[A[A


[1Amodel-00002-of-00004.safetensors:  26%|██▌       | 1.00G/3.86G [01:09<02:45, 17.2MB/s][A[A

[1Amodel-00004-of-00004.safetensors:  72%|███████▏  | 2.57G/3.56G [01:08<00:22, 44.0MB/s][A



[1Amodel-00001-of-00004.safetensors:  23%|██▎       | 895M/3.95G [01:09<04:15, 11.9MB/s][A[A[A




[1Amodel-00003-of-00004.safetensors:  26%|██▌       | 991M/3.86G [01:09<03:09, 15.2MB/s][A[A[A[A


[1A
[1Amodel-00002-of-00004.safetensors:  26%|██▌       | 1.00G/3.86G [01:09<02:43, 17.5MB/s][A[A

[1Amodel-00004-of-00004.safetensors:  72%|███████▏  | 2.57G/3.56G [01:08<00:22, 44.5MB/s][A



[1Amodel-00001-of-00004.safetensors:  23%|██▎       | 898M/3.95G [01:09<04:07, 12.3MB/s][A[A[A




[1A
[1Amodel-00003-of-00004.safetensors:  26%|██▌       | 993M/3.86G [01:09<03:02, 15.7MB/s][A[A[A[A


[1A
[1Amodel-00002-of-00004.safetensors:  26%|██▌       | 1.01G/3.86G [01:09<02:40, 17.8MB/s][A[A

[1A
[1Amodel-00004-of-00004.safetensors:  72%|███████▏  | 2.58G/3.56G [01:08<00:21, 44.7MB/s][A




[1A
[1Amodel-00003-of-00004.safetensors:  26%|██▌       | 995M/3.86G [01:09<03:06, 15.4MB/s][A[A[A[A



[1Amodel-00001-of-00004.safetensors:  23%|██▎       | 900M/3.95G [01:09<04:02, 12.6MB/s][A[A[A

[1Amodel-00004-of-00004.safetensors:  73%|███████▎  | 2.58G/3.56G [01:08<00:21, 45.0MB/s][A


[1A
[1Amodel-00002-of-00004.safetensors:  26%|██▌       | 1.01G/3.86G [01:09<02:43, 17.5MB/s][A[A

[1Amodel-00004-of-00004.safetensors:  73%|███████▎  | 2.59G/3.56G [01:08<00:21, 45.5MB/s][A


[1Amodel-00002-of-00004.safetensors:  26%|██▌       | 1.01G/3.86G [01:09<02:56, 16.2MB/s][A[A



[1A
[1Amodel-00001-of-00004.safetensors:  23%|██▎       | 902M/3.95G [01:10<04:17, 11.8MB/s][A[A[A




[1Amodel-00003-of-00004.safetensors:  26%|██▌       | 997M/3.86G [01:09<03:43, 12.8MB/s][A[A[A[A

[1A
[1Amodel-00004-of-00004.safetensors:  73%|███████▎  | 2.59G/3.56G [01:09<00:21, 45.7MB/s][A


[1A
[1Amodel-00002-of-00004.safetensors:  26%|██▌       | 1.01G/3.86G [01:09<03:01, 15.7MB/s][A[A

[1A
[1Amodel-00004-of-00004.safetensors:  73%|███████▎  | 2.60G/3.56G [01:09<00:20, 46.5MB/s][A



[1A
[1Amodel-00001-of-00004.safetensors:  23%|██▎       | 904M/3.95G [01:10<04:22, 11.6MB/s][A[A[A




[1A
[1Amodel-00003-of-00004.safetensors:  26%|██▌       | 999M/3.86G [01:09<04:02, 11.8MB/s][A[A[A[A


[1A
[1Amodel-00002-of-00004.safetensors:  26%|██▋       | 1.02G/3.86G [01:10<03:04, 15.5MB/s][A[A

[1A
[1Amodel-00004-of-00004.safetensors:  73%|███████▎  | 2.60G/3.56G [01:09<00:20, 46.9MB/s][A



[1Amodel-00001-of-00004.safetensors:  23%|██▎       | 906M/3.95G [01:10<04:20, 11.7MB/s][A[A[A

[1A
[1Amodel-00004-of-00004.safetensors:  73%|███████▎  | 2.61G/3.56G [01:09<00:19, 47.8MB/s][A


[1A
[1Amodel-00002-of-00004.safetensors:  26%|██▋       | 1.02G/3.86G [01:10<03:03, 15.5MB/s][A[A




[1A
[1Amodel-00003-of-00004.safetensors:  26%|██▌       | 1.00G/3.86G [01:10<04:07, 11.5MB/s][A[A[A[A

[1A
[1Amodel-00004-of-00004.safetensors:  74%|███████▎  | 2.61G/3.56G [01:09<00:19, 48.2MB/s][A


[1A
[1Amodel-00002-of-00004.safetensors:  26%|██▋       | 1.02G/3.86G [01:10<03:00, 15.7MB/s][A[A



[1A
[1Amodel-00001-of-00004.safetensors:  23%|██▎       | 908M/3.95G [01:10<04:14, 11.9MB/s][A[A[A

[1Amodel-00004-of-00004.safetensors:  74%|███████▎  | 2.62G/3.56G [01:09<00:19, 48.6MB/s][A




[1Amodel-00003-of-00004.safetensors:  26%|██▌       | 1.00G/3.86G [01:10<04:05, 11.6MB/s][A[A[A[A


[1Amodel-00002-of-00004.safetensors:  26%|██▋       | 1.02G/3.86G [01:10<02:55, 16.2MB/s][A[A

[1A
[1Amodel-00004-of-00004.safetensors:  74%|███████▍  | 2.62G/3.56G [01:09<00:19, 49.0MB/s][A



[1A
[1Amodel-00001-of-00004.safetensors:  23%|██▎       | 910M/3.95G [01:10<04:07, 12.3MB/s][A[A[A




[1A
[1Amodel-00003-of-00004.safetensors:  26%|██▌       | 1.01G/3.86G [01:10<04:00, 11.9MB/s][A[A[A[A


[1A
[1Amodel-00002-of-00004.safetensors:  26%|██▋       | 1.02G/3.86G [01:10<02:53, 16.4MB/s][A[A

[1A
[1Amodel-00004-of-00004.safetensors:  74%|███████▍  | 2.63G/3.56G [01:09<00:18, 49.4MB/s][A



[1Amodel-00001-of-00004.safetensors:  23%|██▎       | 912M/3.95G [01:10<03:58, 12.7MB/s][A[A[A


[1Amodel-00002-of-00004.safetensors:  27%|██▋       | 1.03G/3.86G [01:10<02:48, 16.9MB/s][A[A

[1A
[1Amodel-00004-of-00004.safetensors:  74%|███████▍  | 2.64G/3.56G [01:09<00:18, 49.6MB/s][A




[1Amodel-00003-of-00004.safetensors:  26%|██▌       | 1.01G/3.86G [01:10<03:53, 12.2MB/s][A[A[A[A



[1A
[1Amodel-00001-of-00004.safetensors:  23%|██▎       | 914M/3.95G [01:11<03:50, 13.1MB/s][A[A[A


[1A
[1Amodel-00002-of-00004.safetensors:  27%|██▋       | 1.03G/3.86G [01:10<02:44, 17.3MB/s][A[A

[1A
[1Amodel-00004-of-00004.safetensors:  74%|███████▍  | 2.64G/3.56G [01:10<00:18, 50.1MB/s][A




[1A
[1Amodel-00003-of-00004.safetensors:  26%|██▌       | 1.01G/3.86G [01:10<03:44, 12.7MB/s][A[A[A[A

[1Amodel-00004-of-00004.safetensors:  74%|███████▍  | 2.65G/3.56G [01:10<00:18, 50.3MB/s][A


[1A
[1Amodel-00002-of-00004.safetensors:  27%|██▋       | 1.03G/3.86G [01:10<02:39, 17.7MB/s][A[A



[1A
[1Amodel-00001-of-00004.safetensors:  23%|██▎       | 916M/3.95G [01:11<03:43, 13.6MB/s][A[A[A

[1Amodel-00004-of-00004.safetensors:  75%|███████▍  | 2.65G/3.56G [01:10<00:17, 50.6MB/s][A


[1Amodel-00002-of-00004.safetensors:  27%|██▋       | 1.03G/3.86G [01:10<02:36, 18.1MB/s][A[A




[1A
[1Amodel-00003-of-00004.safetensors:  26%|██▌       | 1.01G/3.86G [01:10<03:35, 13.2MB/s][A[A[A[A



[1A
[1Amodel-00001-of-00004.safetensors:  23%|██▎       | 919M/3.95G [01:11<03:34, 14.1MB/s][A[A[A

[1Amodel-00004-of-00004.safetensors:  75%|███████▍  | 2.66G/3.56G [01:10<00:17, 50.7MB/s][A


[1Amodel-00002-of-00004.safetensors:  27%|██▋       | 1.03G/3.86G [01:11<02:32, 18.6MB/s][A[A




[1Amodel-00003-of-00004.safetensors:  26%|██▌       | 1.01G/3.86G [01:10<03:33, 13.4MB/s][A[A[A[A

[1A
[1Amodel-00004-of-00004.safetensors:  75%|███████▍  | 2.66G/3.56G [01:10<00:17, 51.7MB/s][A



[1A
[1Amodel-00001-of-00004.safetensors:  23%|██▎       | 921M/3.95G [01:11<03:45, 13.4MB/s][A[A[A


[1A
[1Amodel-00002-of-00004.safetensors:  27%|██▋       | 1.04G/3.86G [01:11<02:48, 16.8MB/s][A[A

[1A
[1Amodel-00004-of-00004.safetensors:  75%|███████▌  | 2.67G/3.56G [01:10<00:16, 52.4MB/s][A




[1A
[1Amodel-00003-of-00004.safetensors:  26%|██▋       | 1.02G/3.86G [01:11<03:44, 12.7MB/s][A[A[A[A


[1A
[1Amodel-00002-of-00004.safetensors:  27%|██▋       | 1.04G/3.86G [01:11<02:55, 16.1MB/s][A[A



[1Amodel-00001-of-00004.safetensors:  23%|██▎       | 923M/3.95G [01:11<03:55, 12.8MB/s][A[A[A

[1Amodel-00004-of-00004.safetensors:  75%|███████▌  | 2.67G/3.56G [01:10<00:16, 53.3MB/s][A




[1A
[1Amodel-00003-of-00004.safetensors:  26%|██▋       | 1.02G/3.86G [01:11<03:48, 12.4MB/s][A[A[A[A


[1A
[1Amodel-00002-of-00004.safetensors:  27%|██▋       | 1.04G/3.86G [01:11<02:58, 15.8MB/s][A[A

[1Amodel-00004-of-00004.safetensors:  75%|███████▌  | 2.68G/3.56G [01:10<00:16, 53.6MB/s][A



[1A
[1Amodel-00001-of-00004.safetensors:  23%|██▎       | 925M/3.95G [01:11<03:58, 12.7MB/s][A[A[A

[1Amodel-00004-of-00004.safetensors:  76%|███████▌  | 2.69G/3.56G [01:10<00:16, 53.8MB/s][A


[1A
[1Amodel-00002-of-00004.safetensors:  27%|██▋       | 1.04G/3.86G [01:11<02:58, 15.8MB/s][A[A




[1A
[1Amodel-00003-of-00004.safetensors:  26%|██▋       | 1.02G/3.86G [01:11<03:47, 12.5MB/s][A[A[A[A



[1A
[1Amodel-00001-of-00004.safetensors:  23%|██▎       | 927M/3.95G [01:12<03:56, 12.8MB/s][A[A[A

[1Amodel-00004-of-00004.safetensors:  76%|███████▌  | 2.69G/3.56G [01:11<00:15, 54.3MB/s][A


[1Amodel-00002-of-00004.safetensors:  27%|██▋       | 1.04G/3.86G [01:11<02:55, 16.0MB/s][A[A




[1A
[1Amodel-00003-of-00004.safetensors:  26%|██▋       | 1.02G/3.86G [01:11<03:43, 12.7MB/s][A[A[A[A

[1A
[1Amodel-00004-of-00004.safetensors:  76%|███████▌  | 2.70G/3.56G [01:11<00:15, 54.6MB/s][A



[1Amodel-00001-of-00004.safetensors:  24%|██▎       | 929M/3.95G [01:12<03:53, 12.9MB/s][A[A[A


[1A
[1Amodel-00002-of-00004.safetensors:  27%|██▋       | 1.05G/3.86G [01:11<02:54, 16.2MB/s][A[A




[1Amodel-00003-of-00004.safetensors:  27%|██▋       | 1.02G/3.86G [01:11<03:37, 13.1MB/s][A[A[A[A


[1Amodel-00002-of-00004.safetensors:  27%|██▋       | 1.05G/3.86G [01:12<02:49, 16.6MB/s][A[A



[1Amodel-00001-of-00004.safetensors:  24%|██▎       | 931M/3.95G [01:12<03:47, 13.3MB/s][A[A[A

[1A
[1Amodel-00004-of-00004.safetensors:  76%|███████▌  | 2.71G/3.56G [01:11<00:17, 49.0MB/s][A




[1Amodel-00003-of-00004.safetensors:  27%|██▋       | 1.03G/3.86G [01:11<03:36, 13.1MB/s][A[A[A[A


[1Amodel-00002-of-00004.safetensors:  27%|██▋       | 1.05G/3.86G [01:12<02:49, 16.6MB/s][A[A

[1A
[1Amodel-00004-of-00004.safetensors:  76%|███████▌  | 2.71G/3.56G [01:11<00:18, 46.3MB/s][A



[1A
[1Amodel-00001-of-00004.safetensors:  24%|██▎       | 933M/3.95G [01:12<03:49, 13.1MB/s][A[A[A

[1Amodel-00004-of-00004.safetensors:  76%|███████▋  | 2.72G/3.56G [01:11<00:18, 44.7MB/s][A




[1Amodel-00003-of-00004.safetensors:  27%|██▋       | 1.03G/3.86G [01:12<03:43, 12.7MB/s][A[A[A[A


[1A
[1Amodel-00002-of-00004.safetensors:  27%|██▋       | 1.05G/3.86G [01:12<03:05, 15.2MB/s][A[A



[1A
[1Amodel-00001-of-00004.safetensors:  24%|██▎       | 935M/3.95G [01:12<04:03, 12.3MB/s][A[A[A

[1Amodel-00004-of-00004.safetensors:  77%|███████▋  | 2.72G/3.56G [01:11<00:18, 44.1MB/s][A


[1A
[1Amodel-00002-of-00004.safetensors:  27%|██▋       | 1.05G/3.86G [01:12<03:11, 14.7MB/s][A[A




[1Amodel-00003-of-00004.safetensors:  27%|██▋       | 1.03G/3.86G [01:12<03:51, 12.2MB/s][A[A[A[A

[1A
[1Amodel-00004-of-00004.safetensors:  77%|███████▋  | 2.73G/3.56G [01:11<00:19, 43.5MB/s][A



[1Amodel-00001-of-00004.safetensors:  24%|██▍       | 937M/3.95G [01:12<04:09, 12.1MB/s][A[A[A


[1Amodel-00002-of-00004.safetensors:  27%|██▋       | 1.06G/3.86G [01:12<03:13, 14.5MB/s][A[A




[1Amodel-00003-of-00004.safetensors:  27%|██▋       | 1.03G/3.86G [01:12<03:51, 12.2MB/s][A[A[A[A

[1Amodel-00004-of-00004.safetensors:  77%|███████▋  | 2.73G/3.56G [01:11<00:20, 39.7MB/s][A



[1Amodel-00001-of-00004.safetensors:  24%|██▍       | 940M/3.95G [01:13<04:08, 12.1MB/s][A[A[A


[1Amodel-00002-of-00004.safetensors:  27%|██▋       | 1.06G/3.86G [01:12<03:13, 14.5MB/s][A[A




[1Amodel-00003-of-00004.safetensors:  27%|██▋       | 1.03G/3.86G [01:12<03:46, 12.5MB/s][A[A[A[A

[1Amodel-00004-of-00004.safetensors:  77%|███████▋  | 2.74G/3.56G [01:12<00:22, 37.0MB/s][A



[1Amodel-00001-of-00004.safetensors:  24%|██▍       | 942M/3.95G [01:13<04:03, 12.3MB/s][A[A[A


[1A
[1Amodel-00002-of-00004.safetensors:  27%|██▋       | 1.06G/3.86G [01:12<03:10, 14.7MB/s][A[A

[1Amodel-00004-of-00004.safetensors:  77%|███████▋  | 2.74G/3.56G [01:12<00:22, 35.5MB/s][A




[1A
[1Amodel-00003-of-00004.safetensors:  27%|██▋       | 1.04G/3.86G [01:12<03:40, 12.8MB/s][A[A[A[A


[1Amodel-00002-of-00004.safetensors:  28%|██▊       | 1.06G/3.86G [01:13<03:07, 15.0MB/s][A[A



[1Amodel-00001-of-00004.safetensors:  24%|██▍       | 944M/3.95G [01:13<03:58, 12.6MB/s][A[A[A

[1Amodel-00004-of-00004.safetensors:  77%|███████▋  | 2.75G/3.56G [01:12<00:23, 34.6MB/s][A




[1Amodel-00003-of-00004.safetensors:  27%|██▋       | 1.04G/3.86G [01:12<03:32, 13.3MB/s][A[A[A[A


[1Amodel-00002-of-00004.safetensors:  28%|██▊       | 1.07G/3.86G [01:13<03:00, 15.5MB/s][A[A



[1A
[1Amodel-00001-of-00004.safetensors:  24%|██▍       | 946M/3.95G [01:13<03:50, 13.0MB/s][A[A[A

[1Amodel-00004-of-00004.safetensors:  77%|███████▋  | 2.75G/3.56G [01:12<00:23, 34.0MB/s][A




[1Amodel-00003-of-00004.safetensors:  27%|██▋       | 1.04G/3.86G [01:13<03:25, 13.7MB/s][A[A[A[A


[1A
[1Amodel-00002-of-00004.safetensors:  28%|██▊       | 1.07G/3.86G [01:13<02:56, 15.9MB/s][A[A

[1Amodel-00004-of-00004.safetensors:  77%|███████▋  | 2.75G/3.56G [01:12<00:23, 33.7MB/s][A



[1A
[1Amodel-00001-of-00004.safetensors:  24%|██▍       | 948M/3.95G [01:13<03:44, 13.4MB/s][A[A[A




[1Amodel-00003-of-00004.safetensors:  27%|██▋       | 1.04G/3.86G [01:13<03:18, 14.2MB/s][A[A[A[A


[1Amodel-00002-of-00004.safetensors:  28%|██▊       | 1.07G/3.86G [01:13<02:52, 16.2MB/s][A[A

[1Amodel-00004-of-00004.safetensors:  78%|███████▊  | 2.76G/3.56G [01:12<00:23, 33.8MB/s][A



[1A
[1Amodel-00001-of-00004.safetensors:  24%|██▍       | 950M/3.95G [01:13<03:35, 13.9MB/s][A[A[A


[1A
[1Amodel-00002-of-00004.safetensors:  28%|██▊       | 1.07G/3.86G [01:13<02:47, 16.7MB/s][A[A




[1Amodel-00003-of-00004.safetensors:  27%|██▋       | 1.05G/3.86G [01:13<03:12, 14.6MB/s][A[A[A[A

[1Amodel-00004-of-00004.safetensors:  78%|███████▊  | 2.76G/3.56G [01:12<00:23, 34.0MB/s][A



[1A
[1Amodel-00001-of-00004.safetensors:  24%|██▍       | 952M/3.95G [01:13<03:43, 13.4MB/s][A[A[A


[1A
[1Amodel-00002-of-00004.safetensors:  28%|██▊       | 1.07G/3.86G [01:13<02:58, 15.6MB/s][A[A




[1A
[1Amodel-00003-of-00004.safetensors:  27%|██▋       | 1.05G/3.86G [01:13<03:20, 14.0MB/s][A[A[A[A

[1A
[1Amodel-00004-of-00004.safetensors:  78%|███████▊  | 2.77G/3.56G [01:12<00:23, 34.2MB/s][A


[1A
[1Amodel-00002-of-00004.safetensors:  28%|██▊       | 1.08G/3.86G [01:13<03:07, 14.9MB/s][A[A

[1A
[1Amodel-00004-of-00004.safetensors:  78%|███████▊  | 2.77G/3.56G [01:13<00:22, 34.5MB/s][A



[1A
[1Amodel-00001-of-00004.safetensors:  24%|██▍       | 954M/3.95G [01:14<03:52, 12.9MB/s][A[A[A




[1Amodel-00003-of-00004.safetensors:  27%|██▋       | 1.05G/3.86G [01:13<03:29, 13.4MB/s][A[A[A[A

[1A
[1Amodel-00004-of-00004.safetensors:  78%|███████▊  | 2.77G/3.56G [01:13<00:22, 34.8MB/s][A


[1Amodel-00002-of-00004.safetensors:  28%|██▊       | 1.08G/3.86G [01:13<03:11, 14.5MB/s][A[A



[1A
[1Amodel-00001-of-00004.safetensors:  24%|██▍       | 956M/3.95G [01:14<03:56, 12.6MB/s][A[A[A




[1A
[1Amodel-00003-of-00004.safetensors:  27%|██▋       | 1.05G/3.86G [01:13<03:30, 13.3MB/s][A[A[A[A

[1Amodel-00004-of-00004.safetensors:  78%|███████▊  | 2.78G/3.56G [01:13<00:22, 35.1MB/s][A


[1A
[1Amodel-00002-of-00004.safetensors:  28%|██▊       | 1.08G/3.86G [01:14<03:11, 14.6MB/s][A[A



[1A
[1Amodel-00001-of-00004.safetensors:  24%|██▍       | 958M/3.95G [01:14<03:55, 12.7MB/s][A[A[A




[1A
[1Amodel-00003-of-00004.safetensors:  27%|██▋       | 1.05G/3.86G [01:14<03:28, 13.5MB/s][A[A[A[A

[1A
[1Amodel-00004-of-00004.safetensors:  78%|███████▊  | 2.78G/3.56G [01:13<00:21, 35.7MB/s][A


[1A
[1Amodel-00002-of-00004.safetensors:  28%|██▊       | 1.08G/3.86G [01:14<03:09, 14.7MB/s][A[A

[1Amodel-00004-of-00004.safetensors:  78%|███████▊  | 2.79G/3.56G [01:13<00:21, 36.0MB/s][A




[1Amodel-00003-of-00004.safetensors:  27%|██▋       | 1.06G/3.86G [01:14<03:25, 13.7MB/s][A[A[A[A



[1A
[1Amodel-00001-of-00004.safetensors:  24%|██▍       | 960M/3.95G [01:14<03:51, 12.9MB/s][A[A[A


[1A
[1Amodel-00002-of-00004.safetensors:  28%|██▊       | 1.08G/3.86G [01:14<03:04, 15.1MB/s][A[A

[1A
[1Amodel-00004-of-00004.safetensors:  78%|███████▊  | 2.79G/3.56G [01:13<00:20, 36.6MB/s][A




[1Amodel-00003-of-00004.safetensors:  27%|██▋       | 1.06G/3.86G [01:14<03:19, 14.1MB/s][A[A[A[A



[1Amodel-00001-of-00004.safetensors:  24%|██▍       | 963M/3.95G [01:14<03:46, 13.1MB/s][A[A[A

[1A
[1Amodel-00004-of-00004.safetensors:  79%|███████▊  | 2.80G/3.56G [01:13<00:20, 36.8MB/s][A


[1Amodel-00002-of-00004.safetensors:  28%|██▊       | 1.09G/3.86G [01:14<03:00, 15.4MB/s][A[A




[1Amodel-00003-of-00004.safetensors:  27%|██▋       | 1.06G/3.86G [01:14<03:13, 14.5MB/s][A[A[A[A



[1Amodel-00001-of-00004.safetensors:  24%|██▍       | 965M/3.95G [01:14<03:39, 13.6MB/s][A[A[A

[1A
[1Amodel-00004-of-00004.safetensors:  79%|███████▊  | 2.80G/3.56G [01:13<00:20, 37.5MB/s][A


[1Amodel-00002-of-00004.safetensors:  28%|██▊       | 1.09G/3.86G [01:14<02:56, 15.7MB/s][A[A




[1Amodel-00003-of-00004.safetensors:  27%|██▋       | 1.06G/3.86G [01:14<03:07, 14.9MB/s][A[A[A[A

[1A
[1Amodel-00004-of-00004.safetensors:  79%|███████▉  | 2.80G/3.56G [01:13<00:19, 38.1MB/s][A



[1Amodel-00001-of-00004.safetensors:  25%|██▍       | 967M/3.95G [01:15<03:50, 12.9MB/s][A[A[A


[1A
[1Amodel-00002-of-00004.safetensors:  28%|██▊       | 1.09G/3.86G [01:14<03:08, 14.7MB/s][A[A

[1Amodel-00004-of-00004.safetensors:  79%|███████▉  | 2.81G/3.56G [01:14<00:19, 38.6MB/s][A




[1Amodel-00003-of-00004.safetensors:  28%|██▊       | 1.06G/3.86G [01:14<03:00, 15.5MB/s][A[A[A[A

[1Amodel-00004-of-00004.safetensors:  79%|███████▉  | 2.81G/3.56G [01:14<00:19, 38.9MB/s][A




[1A
[1Amodel-00003-of-00004.safetensors:  28%|██▊       | 1.07G/3.86G [01:14<02:55, 15.9MB/s][A[A[A[A


[1A
[1Amodel-00002-of-00004.safetensors:  28%|██▊       | 1.09G/3.86G [01:14<03:18, 14.0MB/s][A[A



[1A
[1Amodel-00001-of-00004.safetensors:  25%|██▍       | 969M/3.95G [01:15<04:01, 12.3MB/s][A[A[A

[1Amodel-00004-of-00004.safetensors:  79%|███████▉  | 2.82G/3.56G [01:14<00:18, 39.3MB/s][A




[1A
[1Amodel-00003-of-00004.safetensors:  28%|██▊       | 1.07G/3.86G [01:14<02:49, 16.5MB/s][A[A[A[A


[1A
[1Amodel-00002-of-00004.safetensors:  28%|██▊       | 1.09G/3.86G [01:15<03:19, 13.9MB/s][A[A

[1A
[1Amodel-00004-of-00004.safetensors:  79%|███████▉  | 2.82G/3.56G [01:14<00:18, 39.5MB/s][A



[1Amodel-00001-of-00004.safetensors:  25%|██▍       | 971M/3.95G [01:15<04:04, 12.2MB/s][A[A[A




[1A
[1Amodel-00003-of-00004.safetensors:  28%|██▊       | 1.07G/3.86G [01:15<02:48, 16.5MB/s][A[A[A[A

[1Amodel-00004-of-00004.safetensors:  79%|███████▉  | 2.82G/3.56G [01:14<00:18, 39.9MB/s][A


[1A
[1Amodel-00002-of-00004.safetensors:  28%|██▊       | 1.10G/3.86G [01:15<03:34, 12.9MB/s][A[A

[1Amodel-00004-of-00004.safetensors:  80%|███████▉  | 2.83G/3.56G [01:14<00:18, 40.2MB/s][A




[1A
[1Amodel-00003-of-00004.safetensors:  28%|██▊       | 1.07G/3.86G [01:15<02:57, 15.7MB/s][A[A[A[A



[1A
[1Amodel-00001-of-00004.safetensors:  25%|██▍       | 973M/3.95G [01:15<04:54, 10.1MB/s][A[A[A

[1A
[1Amodel-00004-of-00004.safetensors:  80%|███████▉  | 2.83G/3.56G [01:14<00:17, 40.5MB/s][A




[1Amodel-00003-of-00004.safetensors:  28%|██▊       | 1.07G/3.86G [01:15<03:04, 15.1MB/s][A[A[A[A


[1A
[1Amodel-00002-of-00004.safetensors:  28%|██▊       | 1.10G/3.86G [01:15<03:49, 12.1MB/s][A[A

[1A
[1Amodel-00004-of-00004.safetensors:  80%|███████▉  | 2.84G/3.56G [01:14<00:17, 40.8MB/s][A




[1A
[1Amodel-00003-of-00004.safetensors:  28%|██▊       | 1.08G/3.86G [01:15<03:07, 14.9MB/s][A[A[A[A

[1A
[1Amodel-00004-of-00004.safetensors:  80%|███████▉  | 2.84G/3.56G [01:14<00:17, 41.7MB/s][A


[1A
[1Amodel-00002-of-00004.safetensors:  28%|██▊       | 1.10G/3.86G [01:15<03:54, 11.8MB/s][A[A



[1A
[1Amodel-00001-of-00004.safetensors:  25%|██▍       | 975M/3.95G [01:16<05:27, 9.07MB/s][A[A[A

[1Amodel-00004-of-00004.safetensors:  80%|████████  | 2.85G/3.56G [01:15<00:16, 42.4MB/s][A




[1Amodel-00003-of-00004.safetensors:  28%|██▊       | 1.08G/3.86G [01:15<03:07, 14.9MB/s][A[A[A[A



[1A
[1Amodel-00001-of-00004.safetensors:  25%|██▍       | 976M/3.95G [01:16<05:34, 8.88MB/s][A[A[A


[1A
[1Amodel-00002-of-00004.safetensors:  29%|██▊       | 1.10G/3.86G [01:15<03:53, 11.8MB/s][A[A

[1Amodel-00004-of-00004.safetensors:  80%|████████  | 2.85G/3.56G [01:15<00:16, 43.0MB/s][A




[1Amodel-00003-of-00004.safetensors:  28%|██▊       | 1.08G/3.86G [01:15<03:04, 15.1MB/s][A[A[A[A



[1A
[1Amodel-00001-of-00004.safetensors:  25%|██▍       | 977M/3.95G [01:16<05:37, 8.79MB/s][A[A[A

[1A
[1Amodel-00004-of-00004.safetensors:  80%|████████  | 2.86G/3.56G [01:15<00:16, 43.4MB/s][A


[1A
[1Amodel-00002-of-00004.safetensors:  29%|██▊       | 1.11G/3.86G [01:16<03:48, 12.1MB/s][A[A




[1A
[1Amodel-00003-of-00004.safetensors:  28%|██▊       | 1.08G/3.86G [01:15<03:01, 15.3MB/s][A[A[A[A



[1A
[1Amodel-00001-of-00004.safetensors:  25%|██▍       | 978M/3.95G [01:16<05:37, 8.80MB/s][A[A[A

[1A
[1Amodel-00004-of-00004.safetensors:  81%|████████  | 2.86G/3.56G [01:15<00:15, 43.9MB/s][A




[1A
[1Amodel-00003-of-00004.safetensors:  28%|██▊       | 1.09G/3.86G [01:16<02:55, 15.8MB/s][A[A[A[A


[1A
[1Amodel-00002-of-00004.safetensors:  29%|██▊       | 1.11G/3.86G [01:16<03:42, 12.4MB/s][A[A



[1Amodel-00001-of-00004.safetensors:  25%|██▍       | 979M/3.95G [01:16<05:29, 8.99MB/s][A[A[A

[1A
[1Amodel-00004-of-00004.safetensors:  81%|████████  | 2.87G/3.56G [01:15<00:15, 44.1MB/s][A




[1Amodel-00003-of-00004.safetensors:  28%|██▊       | 1.09G/3.86G [01:16<02:51, 16.2MB/s][A[A[A[A



[1A
[1Amodel-00001-of-00004.safetensors:  25%|██▍       | 980M/3.95G [01:16<05:22, 9.18MB/s][A[A[A


[1A
[1Amodel-00002-of-00004.safetensors:  29%|██▊       | 1.11G/3.86G [01:16<03:34, 12.9MB/s][A[A

[1Amodel-00004-of-00004.safetensors:  81%|████████  | 2.87G/3.56G [01:15<00:15, 44.4MB/s][A




[1A
[1Amodel-00003-of-00004.safetensors:  28%|██▊       | 1.09G/3.86G [01:16<02:47, 16.6MB/s][A[A[A[A

[1A
[1Amodel-00004-of-00004.safetensors:  81%|████████  | 2.88G/3.56G [01:15<00:15, 44.9MB/s][A


[1Amodel-00002-of-00004.safetensors:  29%|██▉       | 1.11G/3.86G [01:16<03:25, 13.4MB/s][A[A



[1Amodel-00001-of-00004.safetensors:  25%|██▍       | 983M/3.95G [01:16<05:05, 9.69MB/s][A[A[A




[1Amodel-00003-of-00004.safetensors:  28%|██▊       | 1.09G/3.86G [01:16<02:41, 17.2MB/s][A[A[A[A

[1A
[1Amodel-00004-of-00004.safetensors:  81%|████████  | 2.88G/3.56G [01:15<00:14, 45.4MB/s][A


[1A
[1Amodel-00002-of-00004.safetensors:  29%|██▉       | 1.11G/3.86G [01:16<03:17, 13.9MB/s][A[A




[1A
[1Amodel-00003-of-00004.safetensors:  28%|██▊       | 1.09G/3.86G [01:16<02:37, 17.6MB/s][A[A[A[A



[1A
[1Amodel-00001-of-00004.safetensors:  25%|██▍       | 985M/3.95G [01:17<04:49, 10.2MB/s][A[A[A

[1A
[1Amodel-00004-of-00004.safetensors:  81%|████████▏ | 2.89G/3.56G [01:15<00:14, 45.7MB/s][A




[1A
[1Amodel-00003-of-00004.safetensors:  28%|██▊       | 1.10G/3.86G [01:16<02:33, 18.0MB/s][A[A[A[A


[1A
[1Amodel-00002-of-00004.safetensors:  29%|██▉       | 1.12G/3.86G [01:16<03:11, 14.4MB/s][A[A

[1A
[1Amodel-00004-of-00004.safetensors:  81%|████████▏ | 2.90G/3.56G [01:16<00:14, 46.3MB/s][A




[1A
[1Amodel-00003-of-00004.safetensors:  28%|██▊       | 1.10G/3.86G [01:16<02:29, 18.5MB/s][A[A[A[A



[1A
[1Amodel-00001-of-00004.safetensors:  25%|██▌       | 987M/3.95G [01:17<04:34, 10.8MB/s][A[A[A


[1Amodel-00002-of-00004.safetensors:  29%|██▉       | 1.12G/3.86G [01:16<03:03, 14.9MB/s][A[A

[1A
[1Amodel-00004-of-00004.safetensors:  82%|████████▏ | 2.90G/3.56G [01:16<00:13, 47.0MB/s][A




[1A
[1Amodel-00003-of-00004.safetensors:  28%|██▊       | 1.10G/3.86G [01:16<02:24, 19.1MB/s][A[A[A[A


[1A
[1Amodel-00002-of-00004.safetensors:  29%|██▉       | 1.12G/3.86G [01:17<02:57, 15.5MB/s][A[A

[1A
[1Amodel-00004-of-00004.safetensors:  82%|████████▏ | 2.91G/3.56G [01:16<00:13, 47.7MB/s][A



[1A
[1Amodel-00001-of-00004.safetensors:  25%|██▌       | 989M/3.95G [01:17<04:22, 11.3MB/s][A[A[A




[1Amodel-00003-of-00004.safetensors:  29%|██▊       | 1.10G/3.86G [01:16<02:21, 19.5MB/s][A[A[A[A


[1A
[1Amodel-00002-of-00004.safetensors:  29%|██▉       | 1.12G/3.86G [01:17<02:51, 15.9MB/s][A[A

[1A
[1Amodel-00004-of-00004.safetensors:  82%|████████▏ | 2.91G/3.56G [01:16<00:13, 48.3MB/s][A



[1A
[1Amodel-00001-of-00004.safetensors:  25%|██▌       | 991M/3.95G [01:17<04:09, 11.9MB/s][A[A[A




[1A
[1Amodel-00003-of-00004.safetensors:  29%|██▊       | 1.11G/3.86G [01:17<02:16, 20.2MB/s][A[A[A[A

[1Amodel-00004-of-00004.safetensors:  82%|████████▏ | 2.92G/3.56G [01:16<00:13, 48.6MB/s][A


[1A
[1Amodel-00002-of-00004.safetensors:  29%|██▉       | 1.12G/3.86G [01:17<02:46, 16.5MB/s][A[A

[1Amodel-00004-of-00004.safetensors:  82%|████████▏ | 2.92G/3.56G [01:16<00:12, 49.0MB/s][A



[1A
[1Amodel-00001-of-00004.safetensors:  25%|██▌       | 993M/3.95G [01:17<03:57, 12.4MB/s][A[A[A




[1Amodel-00003-of-00004.safetensors:  29%|██▊       | 1.11G/3.86G [01:17<02:13, 20.6MB/s][A[A[A[A


[1A
[1Amodel-00002-of-00004.safetensors:  29%|██▉       | 1.13G/3.86G [01:17<02:41, 16.9MB/s][A[A

[1Amodel-00004-of-00004.safetensors:  82%|████████▏ | 2.93G/3.56G [01:16<00:12, 49.2MB/s][A




[1Amodel-00003-of-00004.safetensors:  29%|██▊       | 1.11G/3.86G [01:17<02:33, 17.9MB/s][A[A[A[A


[1A
[1Amodel-00002-of-00004.safetensors:  29%|██▉       | 1.13G/3.86G [01:17<02:55, 15.5MB/s][A[A

[1A
[1Amodel-00004-of-00004.safetensors:  82%|████████▏ | 2.93G/3.56G [01:16<00:12, 49.8MB/s][A



[1Amodel-00001-of-00004.safetensors:  25%|██▌       | 995M/3.95G [01:17<04:12, 11.7MB/s][A[A[A

[1A
[1Amodel-00004-of-00004.safetensors:  83%|████████▎ | 2.94G/3.56G [01:16<00:12, 49.8MB/s][A


[1Amodel-00002-of-00004.safetensors:  29%|██▉       | 1.13G/3.86G [01:17<03:01, 15.0MB/s][A[A




[1Amodel-00003-of-00004.safetensors:  29%|██▉       | 1.11G/3.86G [01:17<02:55, 15.6MB/s][A[A[A[A



[1Amodel-00001-of-00004.safetensors:  25%|██▌       | 997M/3.95G [01:18<04:20, 11.3MB/s][A[A[A

[1Amodel-00004-of-00004.safetensors:  83%|████████▎ | 2.94G/3.56G [01:17<00:12, 47.8MB/s][A


[1A
[1Amodel-00002-of-00004.safetensors:  29%|██▉       | 1.13G/3.86G [01:17<03:06, 14.7MB/s][A[A




[1A
[1Amodel-00003-of-00004.safetensors:  29%|██▉       | 1.11G/3.86G [01:17<03:08, 14.6MB/s][A[A[A[A

[1Amodel-00004-of-00004.safetensors:  83%|████████▎ | 2.95G/3.56G [01:17<00:13, 45.6MB/s][A



[1Amodel-00001-of-00004.safetensors:  25%|██▌       | 999M/3.95G [01:18<04:18, 11.4MB/s][A[A[A


[1A
[1Amodel-00002-of-00004.safetensors:  29%|██▉       | 1.13G/3.86G [01:17<03:04, 14.8MB/s][A[A




[1Amodel-00003-of-00004.safetensors:  29%|██▉       | 1.12G/3.86G [01:17<03:15, 14.1MB/s][A[A[A[A

[1Amodel-00004-of-00004.safetensors:  83%|████████▎ | 2.95G/3.56G [01:17<00:14, 42.7MB/s][A


[1A
[1Amodel-00002-of-00004.safetensors:  29%|██▉       | 1.14G/3.86G [01:18<03:02, 14.9MB/s][A[A



[1Amodel-00001-of-00004.safetensors:  25%|██▌       | 1.00G/3.95G [01:18<04:13, 11.6MB/s][A[A[A




[1Amodel-00003-of-00004.safetensors:  29%|██▉       | 1.12G/3.86G [01:18<03:16, 14.0MB/s][A[A[A[A

[1Amodel-00004-of-00004.safetensors:  83%|████████▎ | 2.96G/3.56G [01:17<00:14, 41.5MB/s][A


[1Amodel-00002-of-00004.safetensors:  29%|██▉       | 1.14G/3.86G [01:18<02:58, 15.3MB/s][A[A



[1A
[1Amodel-00001-of-00004.safetensors:  25%|██▌       | 1.00G/3.95G [01:18<04:05, 12.0MB/s][A[A[A

[1Amodel-00004-of-00004.safetensors:  83%|████████▎ | 2.96G/3.56G [01:17<00:14, 40.9MB/s][A




[1A
[1Amodel-00003-of-00004.safetensors:  29%|██▉       | 1.12G/3.86G [01:18<03:15, 14.0MB/s][A[A[A[A


[1A
[1Amodel-00002-of-00004.safetensors:  30%|██▉       | 1.14G/3.86G [01:18<02:53, 15.7MB/s][A[A

[1A
[1Amodel-00004-of-00004.safetensors:  83%|████████▎ | 2.97G/3.56G [01:17<00:14, 40.6MB/s][A



[1Amodel-00001-of-00004.safetensors:  25%|██▌       | 1.01G/3.95G [01:18<03:56, 12.4MB/s][A[A[A




[1A
[1Amodel-00003-of-00004.safetensors:  29%|██▉       | 1.12G/3.86G [01:18<03:11, 14.3MB/s][A[A[A[A


[1A
[1Amodel-00002-of-00004.safetensors:  30%|██▉       | 1.14G/3.86G [01:18<02:50, 16.0MB/s][A[A

[1Amodel-00004-of-00004.safetensors:  84%|████████▎ | 2.97G/3.56G [01:17<00:14, 40.5MB/s][A



[1A
[1Amodel-00001-of-00004.safetensors:  26%|██▌       | 1.01G/3.95G [01:18<03:49, 12.8MB/s][A[A[A


[1Amodel-00002-of-00004.safetensors:  30%|██▉       | 1.15G/3.86G [01:18<02:45, 16.5MB/s][A[A




[1Amodel-00003-of-00004.safetensors:  29%|██▉       | 1.13G/3.86G [01:18<03:06, 14.7MB/s][A[A[A[A

[1Amodel-00004-of-00004.safetensors:  84%|████████▎ | 2.98G/3.56G [01:17<00:14, 40.6MB/s][A

model-00002-of-00004.safetensors:  30%|██▉       | 1.15G/3.86G [01:18<02:40, 16.9MB/s][A[A



[1Amodel-00001-of-00004.safetensors:  26%|██▌       | 1.01G/3.95G [01:19<03:40, 13.3MB/s][A[A[A

[1Amodel-00004-of-00004.safetensors:  84%|████████▍ | 2.98G/3.56G [01:17<00:14, 40.6MB/s][A




[1A
[1Amodel-00003-of-00004.safetensors:  29%|██▉       | 1.13G/3.86G [01:18<03:08, 14.5MB/s][A[A[A[A

[1A
[1Amodel-00004-of-00004.safetensors:  84%|████████▍ | 2.98G/3.56G [01:18<00:13, 40.9MB/s][A


[1A
[1Amodel-00002-of-00004.safetensors:  30%|██▉       | 1.15G/3.86G [01:18<02:49, 16.0MB/s][A[A



[1A
[1Amodel-00001-of-00004.safetensors:  26%|██▌       | 1.01G/3.95G [01:19<03:54, 12.5MB/s][A[A[A

[1A
[1Amodel-00004-of-00004.safetensors:  84%|████████▍ | 2.99G/3.56G [01:18<00:13, 41.2MB/s][A




[1A
[1Amodel-00003-of-00004.safetensors:  29%|██▉       | 1.13G/3.86G [01:18<03:38, 12.5MB/s][A[A[A[A


[1A
[1Amodel-00002-of-00004.safetensors:  30%|██▉       | 1.15G/3.86G [01:19<02:59, 15.1MB/s][A[A

[1Amodel-00004-of-00004.safetensors:  84%|████████▍ | 2.99G/3.56G [01:18<00:13, 41.7MB/s][A



[1A
[1Amodel-00001-of-00004.safetensors:  26%|██▌       | 1.01G/3.95G [01:19<04:02, 12.1MB/s][A[A[A

[1A
[1Amodel-00004-of-00004.safetensors:  84%|████████▍ | 3.00G/3.56G [01:18<00:13, 42.6MB/s][A


[1A
[1Amodel-00002-of-00004.safetensors:  30%|██▉       | 1.15G/3.86G [01:19<03:03, 14.7MB/s][A[A




[1Amodel-00003-of-00004.safetensors:  29%|██▉       | 1.13G/3.86G [01:19<04:02, 11.3MB/s][A[A[A[A



[1A
[1Amodel-00001-of-00004.safetensors:  26%|██▌       | 1.02G/3.95G [01:19<04:02, 12.1MB/s][A[A[A

[1Amodel-00004-of-00004.safetensors:  84%|████████▍ | 3.00G/3.56G [01:18<00:12, 42.8MB/s][A


[1A
[1Amodel-00002-of-00004.safetensors:  30%|██▉       | 1.16G/3.86G [01:19<03:03, 14.7MB/s][A[A




[1Amodel-00003-of-00004.safetensors:  29%|██▉       | 1.13G/3.86G [01:19<04:10, 10.9MB/s][A[A[A[A

[1A
[1Amodel-00004-of-00004.safetensors:  85%|████████▍ | 3.01G/3.56G [01:18<00:13, 42.0MB/s][A



[1A
[1Amodel-00001-of-00004.safetensors:  26%|██▌       | 1.02G/3.95G [01:19<03:59, 12.2MB/s][A[A[A


[1A
[1Amodel-00002-of-00004.safetensors:  30%|██▉       | 1.16G/3.86G [01:19<03:02, 14.8MB/s][A[A

[1Amodel-00004-of-00004.safetensors:  85%|████████▍ | 3.01G/3.56G [01:18<00:13, 39.0MB/s][A


[1A
[1Amodel-00002-of-00004.safetensors:  30%|███       | 1.16G/3.86G [01:19<02:58, 15.2MB/s][A[A



[1A
[1Amodel-00001-of-00004.safetensors:  26%|██▌       | 1.02G/3.95G [01:19<03:53, 12.5MB/s][A[A[A




[1A
[1Amodel-00003-of-00004.safetensors:  29%|██▉       | 1.14G/3.86G [01:19<04:08, 11.0MB/s][A[A[A[A

[1A
[1Amodel-00004-of-00004.safetensors:  85%|████████▍ | 3.02G/3.56G [01:18<00:14, 37.1MB/s][A


[1A
[1Amodel-00002-of-00004.safetensors:  30%|███       | 1.16G/3.86G [01:19<02:53, 15.6MB/s][A[A



[1Amodel-00001-of-00004.safetensors:  26%|██▌       | 1.02G/3.95G [01:20<03:48, 12.8MB/s][A[A[A




[1Amodel-00003-of-00004.safetensors:  29%|██▉       | 1.14G/3.86G [01:19<04:03, 11.2MB/s][A[A[A[A


[1A
[1Amodel-00002-of-00004.safetensors:  30%|███       | 1.16G/3.86G [01:19<02:48, 16.0MB/s][A[A

[1Amodel-00004-of-00004.safetensors:  85%|████████▌ | 3.02G/3.56G [01:19<00:14, 35.7MB/s][A



[1A
[1Amodel-00001-of-00004.safetensors:  26%|██▌       | 1.02G/3.95G [01:20<03:38, 13.4MB/s][A[A[A




[1Amodel-00003-of-00004.safetensors:  29%|██▉       | 1.14G/3.86G [01:19<03:56, 11.5MB/s][A[A[A[A


[1A
[1Amodel-00002-of-00004.safetensors:  30%|███       | 1.17G/3.86G [01:19<02:43, 16.5MB/s][A[A

[1A
[1Amodel-00004-of-00004.safetensors:  85%|████████▌ | 3.03G/3.56G [01:19<00:15, 34.7MB/s][A



[1Amodel-00001-of-00004.safetensors:  26%|██▌       | 1.03G/3.95G [01:20<03:32, 13.7MB/s][A[A[A


[1A
[1Amodel-00002-of-00004.safetensors:  30%|███       | 1.17G/3.86G [01:20<02:40, 16.8MB/s][A[A

[1A
[1Amodel-00004-of-00004.safetensors:  85%|████████▌ | 3.03G/3.56G [01:19<00:15, 34.3MB/s][A




[1A
[1Amodel-00003-of-00004.safetensors:  30%|██▉       | 1.14G/3.86G [01:19<03:46, 12.0MB/s][A[A[A[A



[1A
[1Amodel-00001-of-00004.safetensors:  26%|██▌       | 1.03G/3.95G [01:20<03:25, 14.2MB/s][A[A[A


[1A
[1Amodel-00002-of-00004.safetensors:  30%|███       | 1.17G/3.86G [01:20<02:36, 17.2MB/s][A[A

[1Amodel-00004-of-00004.safetensors:  85%|████████▌ | 3.04G/3.56G [01:19<00:15, 34.4MB/s][A




[1A
[1Amodel-00003-of-00004.safetensors:  30%|██▉       | 1.14G/3.86G [01:20<03:36, 12.6MB/s][A[A[A[A


[1A
[1Amodel-00002-of-00004.safetensors:  30%|███       | 1.17G/3.86G [01:20<02:32, 17.7MB/s][A[A



[1A
[1Amodel-00001-of-00004.safetensors:  26%|██▌       | 1.03G/3.95G [01:20<03:18, 14.7MB/s][A[A[A

[1A
[1Amodel-00004-of-00004.safetensors:  85%|████████▌ | 3.04G/3.56G [01:19<00:14, 34.6MB/s][A




[1Amodel-00003-of-00004.safetensors:  30%|██▉       | 1.15G/3.86G [01:20<03:27, 13.1MB/s][A[A[A[A


[1A
[1Amodel-00002-of-00004.safetensors:  30%|███       | 1.17G/3.86G [01:20<02:27, 18.2MB/s][A[A



[1Amodel-00001-of-00004.safetensors:  26%|██▌       | 1.03G/3.95G [01:20<03:11, 15.2MB/s][A[A[A

[1Amodel-00004-of-00004.safetensors:  86%|████████▌ | 3.04G/3.56G [01:19<00:14, 34.6MB/s][A


[1A
[1Amodel-00002-of-00004.safetensors:  30%|███       | 1.18G/3.86G [01:20<02:31, 17.7MB/s][A[A




[1A
[1Amodel-00003-of-00004.safetensors:  30%|██▉       | 1.15G/3.86G [01:20<03:30, 12.9MB/s][A[A[A[A

[1A
[1Amodel-00004-of-00004.safetensors:  86%|████████▌ | 3.05G/3.56G [01:19<00:14, 35.0MB/s][A



[1A
[1Amodel-00001-of-00004.safetensors:  26%|██▌       | 1.03G/3.95G [01:20<03:22, 14.4MB/s][A[A[A


[1A
[1Amodel-00002-of-00004.safetensors:  30%|███       | 1.18G/3.86G [01:20<02:43, 16.4MB/s][A[A

[1Amodel-00004-of-00004.safetensors:  86%|████████▌ | 3.05G/3.56G [01:19<00:14, 35.1MB/s][A




[1A
[1Amodel-00003-of-00004.safetensors:  30%|██▉       | 1.15G/3.86G [01:20<03:38, 12.4MB/s][A[A[A[A



[1Amodel-00001-of-00004.safetensors:  26%|██▋       | 1.04G/3.95G [01:21<03:32, 13.7MB/s][A[A[A

[1A
[1Amodel-00004-of-00004.safetensors:  86%|████████▌ | 3.06G/3.56G [01:20<00:14, 35.5MB/s][A


[1A
[1Amodel-00002-of-00004.safetensors:  31%|███       | 1.18G/3.86G [01:20<02:47, 16.0MB/s][A[A

[1A
[1Amodel-00004-of-00004.safetensors:  86%|████████▌ | 3.06G/3.56G [01:20<00:13, 36.1MB/s][A




[1Amodel-00003-of-00004.safetensors:  30%|██▉       | 1.15G/3.86G [01:20<03:40, 12.3MB/s][A[A[A[A



[1A
[1Amodel-00001-of-00004.safetensors:  26%|██▋       | 1.04G/3.95G [01:21<03:36, 13.4MB/s][A[A[A


[1Amodel-00002-of-00004.safetensors:  31%|███       | 1.18G/3.86G [01:20<02:50, 15.7MB/s][A[A

[1Amodel-00004-of-00004.safetensors:  86%|████████▌ | 3.06G/3.56G [01:20<00:13, 36.5MB/s][A



[1A
[1Amodel-00001-of-00004.safetensors:  26%|██▋       | 1.04G/3.95G [01:21<03:33, 13.6MB/s][A[A[A




[1Amodel-00003-of-00004.safetensors:  30%|██▉       | 1.15G/3.86G [01:20<03:37, 12.5MB/s][A[A[A[A


[1A
[1Amodel-00002-of-00004.safetensors:  31%|███       | 1.18G/3.86G [01:21<02:49, 15.8MB/s][A[A

[1A
[1Amodel-00004-of-00004.safetensors:  86%|████████▋ | 3.07G/3.56G [01:20<00:13, 36.9MB/s][A


[1A
[1Amodel-00002-of-00004.safetensors:  31%|███       | 1.19G/3.86G [01:21<02:46, 16.1MB/s][A[A



[1A
[1Amodel-00001-of-00004.safetensors:  26%|██▋       | 1.04G/3.95G [01:21<03:30, 13.8MB/s][A[A[A




[1Amodel-00003-of-00004.safetensors:  30%|██▉       | 1.16G/3.86G [01:21<03:32, 12.8MB/s][A[A[A[A

[1A
[1Amodel-00004-of-00004.safetensors:  86%|████████▋ | 3.07G/3.56G [01:20<00:12, 37.3MB/s][A


[1A
[1Amodel-00002-of-00004.safetensors:  31%|███       | 1.19G/3.86G [01:21<02:43, 16.3MB/s][A[A

[1A
[1Amodel-00004-of-00004.safetensors:  87%|████████▋ | 3.08G/3.56G [01:20<00:12, 37.9MB/s][A



[1Amodel-00001-of-00004.safetensors:  26%|██▋       | 1.05G/3.95G [01:21<03:26, 14.0MB/s][A[A[A




[1A
[1Amodel-00003-of-00004.safetensors:  30%|██▉       | 1.16G/3.86G [01:21<03:26, 13.1MB/s][A[A[A[A

[1Amodel-00004-of-00004.safetensors:  87%|████████▋ | 3.08G/3.56G [01:20<00:12, 38.5MB/s][A


[1Amodel-00002-of-00004.safetensors:  31%|███       | 1.19G/3.86G [01:21<03:02, 14.6MB/s][A[A



[1A
[1Amodel-00001-of-00004.safetensors:  27%|██▋       | 1.05G/3.95G [01:21<03:38, 13.2MB/s][A[A[A

[1A
[1Amodel-00004-of-00004.safetensors:  87%|████████▋ | 3.09G/3.56G [01:20<00:12, 38.9MB/s][A




[1Amodel-00003-of-00004.safetensors:  30%|███       | 1.16G/3.86G [01:21<03:38, 12.4MB/s][A[A[A[A

[1A
[1Amodel-00004-of-00004.safetensors:  87%|████████▋ | 3.09G/3.56G [01:20<00:11, 39.2MB/s][A



[1Amodel-00001-of-00004.safetensors:  27%|██▋       | 1.05G/3.95G [01:22<03:48, 12.7MB/s][A[A[A


[1A
[1Amodel-00002-of-00004.safetensors:  31%|███       | 1.19G/3.86G [01:21<03:36, 12.4MB/s][A[A




[1Amodel-00003-of-00004.safetensors:  30%|███       | 1.16G/3.86G [01:21<03:45, 12.0MB/s][A[A[A[A

[1Amodel-00004-of-00004.safetensors:  87%|████████▋ | 3.09G/3.56G [01:21<00:11, 39.7MB/s][A

[1Amodel-00004-of-00004.safetensors:  87%|████████▋ | 3.10G/3.56G [01:21<00:11, 40.1MB/s][A



[1Amodel-00001-of-00004.safetensors:  27%|██▋       | 1.05G/3.95G [01:22<03:53, 12.4MB/s][A[A[A




[1A
[1Amodel-00003-of-00004.safetensors:  30%|███       | 1.16G/3.86G [01:21<03:47, 11.9MB/s][A[A[A[A


[1A
[1Amodel-00002-of-00004.safetensors:  31%|███       | 1.20G/3.86G [01:21<03:50, 11.6MB/s][A[A

[1A
[1Amodel-00004-of-00004.safetensors:  87%|████████▋ | 3.10G/3.56G [01:21<00:11, 40.2MB/s][A



[1A
[1Amodel-00001-of-00004.safetensors:  27%|██▋       | 1.05G/3.95G [01:22<03:52, 12.4MB/s][A[A[A

[1Amodel-00004-of-00004.safetensors:  87%|████████▋ | 3.11G/3.56G [01:21<00:11, 40.4MB/s][A




[1Amodel-00003-of-00004.safetensors:  30%|███       | 1.17G/3.86G [01:21<03:42, 12.1MB/s][A[A[A[A


[1Amodel-00002-of-00004.safetensors:  31%|███       | 1.20G/3.86G [01:22<03:54, 11.4MB/s][A[A

[1Amodel-00004-of-00004.safetensors:  88%|████████▊ | 3.11G/3.56G [01:21<00:10, 41.2MB/s][A



[1Amodel-00001-of-00004.safetensors:  27%|██▋       | 1.06G/3.95G [01:22<03:47, 12.7MB/s][A[A[A




[1A
[1Amodel-00003-of-00004.safetensors:  30%|███       | 1.17G/3.86G [01:22<03:36, 12.5MB/s][A[A[A[A

[1A
[1Amodel-00004-of-00004.safetensors:  88%|████████▊ | 3.12G/3.56G [01:21<00:10, 41.9MB/s][A


[1A
[1Amodel-00002-of-00004.safetensors:  31%|███       | 1.20G/3.86G [01:22<03:53, 11.4MB/s][A[A



[1A
[1Amodel-00001-of-00004.safetensors:  27%|██▋       | 1.06G/3.95G [01:22<03:42, 13.0MB/s][A[A[A




[1Amodel-00003-of-00004.safetensors:  30%|███       | 1.17G/3.86G [01:22<03:28, 12.9MB/s][A[A[A[A

[1Amodel-00004-of-00004.safetensors:  88%|████████▊ | 3.12G/3.56G [01:21<00:10, 42.2MB/s][A


[1Amodel-00002-of-00004.safetensors:  31%|███       | 1.20G/3.86G [01:22<03:46, 11.8MB/s][A[A



[1A
[1Amodel-00001-of-00004.safetensors:  27%|██▋       | 1.06G/3.95G [01:22<03:35, 13.4MB/s][A[A[A

[1Amodel-00004-of-00004.safetensors:  88%|████████▊ | 3.13G/3.56G [01:21<00:09, 43.0MB/s][A




[1Amodel-00003-of-00004.safetensors:  30%|███       | 1.17G/3.86G [01:22<03:22, 13.3MB/s][A[A[A[A


[1A
[1Amodel-00002-of-00004.safetensors:  31%|███       | 1.20G/3.86G [01:22<03:40, 12.1MB/s][A[A



[1A
[1Amodel-00001-of-00004.safetensors:  27%|██▋       | 1.06G/3.95G [01:23<03:28, 13.8MB/s][A[A[A

[1A
[1Amodel-00004-of-00004.safetensors:  88%|████████▊ | 3.13G/3.56G [01:21<00:09, 43.8MB/s][A




[1A
[1Amodel-00003-of-00004.safetensors:  30%|███       | 1.18G/3.86G [01:22<03:14, 13.8MB/s][A[A[A[A

[1A
[1Amodel-00004-of-00004.safetensors:  88%|████████▊ | 3.14G/3.56G [01:22<00:09, 44.0MB/s][A



[1A
[1Amodel-00001-of-00004.safetensors:  27%|██▋       | 1.06G/3.95G [01:23<03:20, 14.4MB/s][A[A[A


[1A
[1Amodel-00002-of-00004.safetensors:  31%|███       | 1.21G/3.86G [01:22<03:30, 12.7MB/s][A[A




[1A
[1Amodel-00003-of-00004.safetensors:  30%|███       | 1.18G/3.86G [01:22<03:08, 14.3MB/s][A[A[A[A

[1A
[1Amodel-00004-of-00004.safetensors:  88%|████████▊ | 3.14G/3.56G [01:22<00:09, 44.2MB/s][A



[1Amodel-00001-of-00004.safetensors:  27%|██▋       | 1.07G/3.95G [01:23<03:15, 14.7MB/s][A[A[A


[1A
[1Amodel-00002-of-00004.safetensors:  31%|███▏      | 1.21G/3.86G [01:22<03:24, 13.0MB/s][A[A




[1Amodel-00003-of-00004.safetensors:  31%|███       | 1.18G/3.86G [01:22<03:00, 14.9MB/s][A[A[A[A

[1A
[1Amodel-00004-of-00004.safetensors:  89%|████████▊ | 3.15G/3.56G [01:22<00:09, 44.3MB/s][A



[1A
[1Amodel-00001-of-00004.safetensors:  27%|██▋       | 1.07G/3.95G [01:23<03:07, 15.3MB/s][A[A[A




[1Amodel-00003-of-00004.safetensors:  31%|███       | 1.18G/3.86G [01:22<02:52, 15.5MB/s][A[A[A[A


[1Amodel-00002-of-00004.safetensors:  31%|███▏      | 1.21G/3.86G [01:23<03:14, 13.7MB/s][A[A

[1Amodel-00004-of-00004.safetensors:  89%|████████▊ | 3.15G/3.56G [01:22<00:08, 44.9MB/s][A



[1A
[1Amodel-00001-of-00004.safetensors:  27%|██▋       | 1.07G/3.95G [01:23<03:03, 15.7MB/s][A[A[A




[1A
[1Amodel-00003-of-00004.safetensors:  31%|███       | 1.18G/3.86G [01:23<02:47, 16.0MB/s][A[A[A[A


[1A
[1Amodel-00002-of-00004.safetensors:  31%|███▏      | 1.21G/3.86G [01:23<03:08, 14.0MB/s][A[A

[1Amodel-00004-of-00004.safetensors:  89%|████████▉ | 3.16G/3.56G [01:22<00:08, 45.3MB/s][A



[1A
[1Amodel-00001-of-00004.safetensors:  27%|██▋       | 1.07G/3.95G [01:23<02:56, 16.3MB/s][A[A[A




[1A
[1Amodel-00003-of-00004.safetensors:  31%|███       | 1.19G/3.86G [01:23<02:41, 16.6MB/s][A[A[A[A


[1A
[1Amodel-00002-of-00004.safetensors:  31%|███▏      | 1.21G/3.86G [01:23<02:59, 14.7MB/s][A[A

[1A
[1Amodel-00004-of-00004.safetensors:  89%|████████▉ | 3.16G/3.56G [01:22<00:08, 45.8MB/s][A



[1Amodel-00001-of-00004.safetensors:  27%|██▋       | 1.07G/3.95G [01:23<02:51, 16.7MB/s][A[A[A




[1Amodel-00003-of-00004.safetensors:  31%|███       | 1.19G/3.86G [01:23<02:35, 17.2MB/s][A[A[A[A

[1A
[1Amodel-00004-of-00004.safetensors:  89%|████████▉ | 3.17G/3.56G [01:22<00:08, 46.2MB/s][A


[1A
[1Amodel-00002-of-00004.safetensors:  31%|███▏      | 1.22G/3.86G [01:23<02:58, 14.8MB/s][A[A



[1Amodel-00001-of-00004.safetensors:  27%|██▋       | 1.08G/3.95G [01:23<02:57, 16.1MB/s][A[A[A




[1A
[1Amodel-00003-of-00004.safetensors:  31%|███       | 1.19G/3.86G [01:23<02:46, 16.1MB/s][A[A[A[A

[1A
[1Amodel-00004-of-00004.safetensors:  89%|████████▉ | 3.18G/3.56G [01:22<00:08, 46.9MB/s][A


[1A
[1Amodel-00002-of-00004.safetensors:  32%|███▏      | 1.22G/3.86G [01:23<03:07, 14.1MB/s][A[A

[1Amodel-00004-of-00004.safetensors:  89%|████████▉ | 3.18G/3.56G [01:22<00:07, 47.6MB/s][A



[1A
[1Amodel-00001-of-00004.safetensors:  27%|██▋       | 1.08G/3.95G [01:24<03:09, 15.1MB/s][A[A[A




[1A
[1Amodel-00003-of-00004.safetensors:  31%|███       | 1.19G/3.86G [01:23<02:53, 15.4MB/s][A[A[A[A

[1A
[1Amodel-00004-of-00004.safetensors:  90%|████████▉ | 3.19G/3.56G [01:23<00:07, 48.2MB/s][A


[1Amodel-00002-of-00004.safetensors:  32%|███▏      | 1.22G/3.86G [01:23<03:13, 13.7MB/s][A[A



[1A
[1Amodel-00001-of-00004.safetensors:  27%|██▋       | 1.08G/3.95G [01:24<03:15, 14.7MB/s][A[A[A




[1A
[1Amodel-00003-of-00004.safetensors:  31%|███       | 1.19G/3.86G [01:23<02:55, 15.2MB/s][A[A[A[A

[1Amodel-00004-of-00004.safetensors:  90%|████████▉ | 3.19G/3.56G [01:23<00:07, 48.6MB/s][A


[1Amodel-00002-of-00004.safetensors:  32%|███▏      | 1.22G/3.86G [01:24<03:13, 13.6MB/s][A[A

[1Amodel-00004-of-00004.safetensors:  90%|████████▉ | 3.20G/3.56G [01:23<00:07, 48.9MB/s][A



[1A
[1Amodel-00001-of-00004.safetensors:  27%|██▋       | 1.08G/3.95G [01:24<03:16, 14.6MB/s][A[A[A




[1A
[1Amodel-00003-of-00004.safetensors:  31%|███       | 1.20G/3.86G [01:23<02:55, 15.2MB/s][A[A[A[A

[1A
[1Amodel-00004-of-00004.safetensors:  90%|█████████ | 3.20G/3.56G [01:23<00:07, 49.3MB/s][A


[1A
[1Amodel-00002-of-00004.safetensors:  32%|███▏      | 1.22G/3.86G [01:24<03:12, 13.7MB/s][A[A



[1A
[1Amodel-00001-of-00004.safetensors:  28%|██▊       | 1.09G/3.95G [01:24<03:15, 14.6MB/s][A[A[A




[1A
[1Amodel-00003-of-00004.safetensors:  31%|███       | 1.20G/3.86G [01:24<02:58, 15.0MB/s][A[A[A[A

[1Amodel-00004-of-00004.safetensors:  90%|█████████ | 3.21G/3.56G [01:23<00:07, 49.6MB/s][A



[1Amodel-00001-of-00004.safetensors:  28%|██▊       | 1.09G/3.95G [01:24<03:11, 14.9MB/s][A[A[A


[1Amodel-00002-of-00004.safetensors:  32%|███▏      | 1.23G/3.86G [01:24<03:30, 12.5MB/s][A[A




[1Amodel-00003-of-00004.safetensors:  31%|███       | 1.20G/3.86G [01:24<03:12, 13.8MB/s][A[A[A[A

[1Amodel-00004-of-00004.safetensors:  90%|█████████ | 3.21G/3.56G [01:23<00:07, 44.6MB/s][A



[1A
[1Amodel-00001-of-00004.safetensors:  28%|██▊       | 1.09G/3.95G [01:24<03:06, 15.3MB/s][A[A[A

[1A
[1Amodel-00004-of-00004.safetensors:  90%|█████████ | 3.22G/3.56G [01:23<00:08, 41.8MB/s][A




[1A
[1Amodel-00003-of-00004.safetensors:  31%|███       | 1.20G/3.86G [01:24<03:20, 13.3MB/s][A[A[A[A


[1A
[1Amodel-00002-of-00004.safetensors:  32%|███▏      | 1.23G/3.86G [01:24<03:38, 12.1MB/s][A[A



[1Amodel-00001-of-00004.safetensors:  28%|██▊       | 1.09G/3.95G [01:24<03:03, 15.6MB/s][A[A[A

[1Amodel-00004-of-00004.safetensors:  91%|█████████ | 3.22G/3.56G [01:23<00:08, 40.4MB/s][A



[1A
[1Amodel-00001-of-00004.safetensors:  28%|██▊       | 1.09G/3.95G [01:25<02:57, 16.0MB/s][A[A[A




[1A
[1Amodel-00003-of-00004.safetensors:  31%|███       | 1.20G/3.86G [01:24<03:22, 13.1MB/s][A[A[A[A


[1Amodel-00002-of-00004.safetensors:  32%|███▏      | 1.23G/3.86G [01:24<03:40, 11.9MB/s][A[A

[1Amodel-00004-of-00004.safetensors:  91%|█████████ | 3.23G/3.56G [01:24<00:08, 40.0MB/s][A



[1A
[1Amodel-00001-of-00004.safetensors:  28%|██▊       | 1.10G/3.95G [01:25<02:53, 16.4MB/s][A[A[A




[1A
[1Amodel-00003-of-00004.safetensors:  31%|███       | 1.21G/3.86G [01:24<03:20, 13.3MB/s][A[A[A[A

[1Amodel-00004-of-00004.safetensors:  91%|█████████ | 3.23G/3.56G [01:24<00:08, 39.8MB/s][A


[1A
[1Amodel-00002-of-00004.safetensors:  32%|███▏      | 1.23G/3.86G [01:24<03:38, 12.1MB/s][A[A



[1A
[1Amodel-00001-of-00004.safetensors:  28%|██▊       | 1.10G/3.95G [01:25<02:49, 16.8MB/s][A[A[A

[1A
[1Amodel-00004-of-00004.safetensors:  91%|█████████ | 3.23G/3.56G [01:24<00:08, 39.7MB/s][A




[1A
[1Amodel-00003-of-00004.safetensors:  31%|███▏      | 1.21G/3.86G [01:24<03:15, 13.6MB/s][A[A[A[A



[1A
[1Amodel-00001-of-00004.safetensors:  28%|██▊       | 1.10G/3.95G [01:25<02:46, 17.1MB/s][A[A[A


[1A
[1Amodel-00002-of-00004.safetensors:  32%|███▏      | 1.24G/3.86G [01:25<03:32, 12.4MB/s][A[A

[1A
[1Amodel-00004-of-00004.safetensors:  91%|█████████ | 3.24G/3.56G [01:24<00:07, 39.9MB/s][A




[1A
[1Amodel-00003-of-00004.safetensors:  31%|███▏      | 1.21G/3.86G [01:25<03:24, 13.0MB/s][A[A[A[A



[1A
[1Amodel-00001-of-00004.safetensors:  28%|██▊       | 1.10G/3.95G [01:25<02:53, 16.4MB/s][A[A[A

[1Amodel-00004-of-00004.safetensors:  91%|█████████ | 3.24G/3.56G [01:24<00:07, 39.9MB/s][A


[1A
[1Amodel-00002-of-00004.safetensors:  32%|███▏      | 1.24G/3.86G [01:25<03:25, 12.8MB/s][A[A

[1Amodel-00004-of-00004.safetensors:  91%|█████████▏| 3.25G/3.56G [01:24<00:07, 40.4MB/s][A



[1A
[1Amodel-00001-of-00004.safetensors:  28%|██▊       | 1.10G/3.95G [01:25<03:04, 15.4MB/s][A[A[A


[1A
[1Amodel-00002-of-00004.safetensors:  32%|███▏      | 1.24G/3.86G [01:25<03:18, 13.2MB/s][A[A




[1A
[1Amodel-00003-of-00004.safetensors:  31%|███▏      | 1.21G/3.86G [01:25<03:35, 12.3MB/s][A[A[A[A

[1A
[1Amodel-00004-of-00004.safetensors:  91%|█████████▏| 3.25G/3.56G [01:24<00:07, 40.5MB/s][A


[1A
[1Amodel-00002-of-00004.safetensors:  32%|███▏      | 1.24G/3.86G [01:25<03:11, 13.7MB/s][A[A



[1A
[1Amodel-00001-of-00004.safetensors:  28%|██▊       | 1.11G/3.95G [01:25<03:09, 15.0MB/s][A[A[A

[1A
[1Amodel-00004-of-00004.safetensors:  92%|█████████▏| 3.26G/3.56G [01:24<00:07, 40.9MB/s][A




[1A
[1Amodel-00003-of-00004.safetensors:  31%|███▏      | 1.22G/3.86G [01:25<03:39, 12.1MB/s][A[A[A[A


[1Amodel-00002-of-00004.safetensors:  32%|███▏      | 1.24G/3.86G [01:25<03:03, 14.3MB/s][A[A

[1Amodel-00004-of-00004.safetensors:  92%|█████████▏| 3.26G/3.56G [01:24<00:07, 41.4MB/s][A



[1A
[1Amodel-00001-of-00004.safetensors:  28%|██▊       | 1.11G/3.95G [01:25<03:11, 14.8MB/s][A[A[A




[1A
[1Amodel-00003-of-00004.safetensors:  32%|███▏      | 1.22G/3.86G [01:25<03:36, 12.2MB/s][A[A[A[A

[1A
[1Amodel-00004-of-00004.safetensors:  92%|█████████▏| 3.27G/3.56G [01:24<00:06, 42.1MB/s][A


[1A
[1Amodel-00002-of-00004.safetensors:  32%|███▏      | 1.25G/3.86G [01:25<02:56, 14.8MB/s][A[A



[1A
[1Amodel-00001-of-00004.safetensors:  28%|██▊       | 1.11G/3.95G [01:26<03:09, 15.0MB/s][A[A[A

[1A
[1Amodel-00004-of-00004.safetensors:  92%|█████████▏| 3.27G/3.56G [01:25<00:06, 42.8MB/s][A


[1A
[1Amodel-00002-of-00004.safetensors:  32%|███▏      | 1.25G/3.86G [01:25<02:53, 15.1MB/s][A[A




[1A
[1Amodel-00003-of-00004.safetensors:  32%|███▏      | 1.22G/3.86G [01:25<03:37, 12.2MB/s][A[A[A[A



[1Amodel-00001-of-00004.safetensors:  28%|██▊       | 1.11G/3.95G [01:26<03:11, 14.8MB/s][A[A[A

[1Amodel-00004-of-00004.safetensors:  92%|█████████▏| 3.28G/3.56G [01:25<00:06, 43.3MB/s][A


[1Amodel-00002-of-00004.safetensors:  32%|███▏      | 1.25G/3.86G [01:26<03:06, 14.0MB/s][A[A




[1A
[1Amodel-00003-of-00004.safetensors:  32%|███▏      | 1.22G/3.86G [01:25<03:45, 11.7MB/s][A[A[A[A

[1Amodel-00004-of-00004.safetensors:  92%|█████████▏| 3.28G/3.56G [01:25<00:06, 43.6MB/s][A



[1A
[1Amodel-00001-of-00004.safetensors:  28%|██▊       | 1.11G/3.95G [01:26<03:27, 13.7MB/s][A[A[A

[1A
[1Amodel-00004-of-00004.safetensors:  92%|█████████▏| 3.29G/3.56G [01:25<00:06, 43.9MB/s][A


[1A
[1Amodel-00002-of-00004.safetensors:  32%|███▏      | 1.25G/3.86G [01:26<03:11, 13.6MB/s][A[A



[1Amodel-00001-of-00004.safetensors:  28%|██▊       | 1.12G/3.95G [01:26<03:35, 13.2MB/s][A[A[A




[1Amodel-00003-of-00004.safetensors:  32%|███▏      | 1.22G/3.86G [01:26<03:52, 11.4MB/s][A[A[A[A

[1Amodel-00004-of-00004.safetensors:  93%|█████████▎| 3.29G/3.56G [01:25<00:06, 42.0MB/s][A


[1Amodel-00002-of-00004.safetensors:  32%|███▏      | 1.25G/3.86G [01:26<03:11, 13.6MB/s][A[A



[1A
[1Amodel-00001-of-00004.safetensors:  28%|██▊       | 1.12G/3.95G [01:26<03:35, 13.1MB/s][A[A[A




[1Amodel-00003-of-00004.safetensors:  32%|███▏      | 1.23G/3.86G [01:26<03:52, 11.3MB/s][A[A[A[A

[1A
[1Amodel-00004-of-00004.safetensors:  93%|█████████▎| 3.30G/3.56G [01:25<00:06, 38.5MB/s][A


[1A
[1Amodel-00002-of-00004.safetensors:  33%|███▎      | 1.26G/3.86G [01:26<03:10, 13.7MB/s][A[A



[1Amodel-00001-of-00004.safetensors:  28%|██▊       | 1.12G/3.95G [01:26<03:34, 13.2MB/s][A[A[A




[1Amodel-00003-of-00004.safetensors:  32%|███▏      | 1.23G/3.86G [01:26<03:47, 11.6MB/s][A[A[A[A

[1Amodel-00004-of-00004.safetensors:  93%|█████████▎| 3.30G/3.56G [01:25<00:06, 36.9MB/s][A


[1Amodel-00002-of-00004.safetensors:  33%|███▎      | 1.26G/3.86G [01:26<03:05, 14.0MB/s][A[A



[1Amodel-00001-of-00004.safetensors:  28%|██▊       | 1.12G/3.95G [01:27<03:29, 13.4MB/s][A[A[A

[1Amodel-00004-of-00004.safetensors:  93%|█████████▎| 3.31G/3.56G [01:26<00:07, 35.7MB/s][A




[1A
[1Amodel-00003-of-00004.safetensors:  32%|███▏      | 1.23G/3.86G [01:26<03:39, 12.0MB/s][A[A[A[A


[1A
[1Amodel-00002-of-00004.safetensors:  33%|███▎      | 1.26G/3.86G [01:26<03:01, 14.3MB/s][A[A



[1A
[1Amodel-00001-of-00004.safetensors:  29%|██▊       | 1.13G/3.95G [01:27<03:25, 13.7MB/s][A[A[A

[1A
[1Amodel-00004-of-00004.safetensors:  93%|█████████▎| 3.31G/3.56G [01:26<00:06, 35.3MB/s][A


[1A
[1Amodel-00002-of-00004.safetensors:  33%|███▎      | 1.26G/3.86G [01:26<02:56, 14.8MB/s][A[A




[1A
[1Amodel-00003-of-00004.safetensors:  32%|███▏      | 1.23G/3.86G [01:26<03:30, 12.5MB/s][A[A[A[A

[1A
[1Amodel-00004-of-00004.safetensors:  93%|█████████▎| 3.31G/3.56G [01:26<00:06, 35.2MB/s][A



[1A
[1Amodel-00001-of-00004.safetensors:  29%|██▊       | 1.13G/3.95G [01:27<03:19, 14.1MB/s][A[A[A


[1A
[1Amodel-00002-of-00004.safetensors:  33%|███▎      | 1.26G/3.86G [01:27<02:50, 15.2MB/s][A[A




[1A
[1Amodel-00003-of-00004.safetensors:  32%|███▏      | 1.23G/3.86G [01:26<03:23, 12.9MB/s][A[A[A[A

[1A
[1Amodel-00004-of-00004.safetensors:  93%|█████████▎| 3.32G/3.56G [01:26<00:06, 35.1MB/s][A



[1A
[1Amodel-00001-of-00004.safetensors:  29%|██▊       | 1.13G/3.95G [01:27<03:13, 14.6MB/s][A[A[A


[1Amodel-00002-of-00004.safetensors:  33%|███▎      | 1.27G/3.86G [01:27<02:44, 15.7MB/s][A[A




[1A
[1Amodel-00003-of-00004.safetensors:  32%|███▏      | 1.24G/3.86G [01:27<03:14, 13.5MB/s][A[A[A[A

[1A
[1Amodel-00004-of-00004.safetensors:  93%|█████████▎| 3.32G/3.56G [01:26<00:06, 35.1MB/s][A



[1A
[1Amodel-00001-of-00004.safetensors:  29%|██▊       | 1.13G/3.95G [01:27<03:08, 15.0MB/s][A[A[A


[1Amodel-00002-of-00004.safetensors:  33%|███▎      | 1.27G/3.86G [01:27<02:40, 16.1MB/s][A[A

[1A
[1Amodel-00004-of-00004.safetensors:  94%|█████████▎| 3.33G/3.56G [01:26<00:06, 35.3MB/s][A




[1A
[1Amodel-00003-of-00004.safetensors:  32%|███▏      | 1.24G/3.86G [01:27<03:07, 14.0MB/s][A[A[A[A



[1Amodel-00001-of-00004.safetensors:  29%|██▊       | 1.13G/3.95G [01:27<03:08, 14.9MB/s][A[A[A


[1A
[1Amodel-00002-of-00004.safetensors:  33%|███▎      | 1.27G/3.86G [01:27<02:40, 16.1MB/s][A[A

[1A
[1Amodel-00004-of-00004.safetensors:  94%|█████████▎| 3.33G/3.56G [01:26<00:06, 35.5MB/s][A




[1Amodel-00003-of-00004.safetensors:  32%|███▏      | 1.24G/3.86G [01:27<03:14, 13.5MB/s][A[A[A[A


[1A
[1Amodel-00002-of-00004.safetensors:  33%|███▎      | 1.27G/3.86G [01:27<02:49, 15.3MB/s][A[A



[1A
[1Amodel-00001-of-00004.safetensors:  29%|██▉       | 1.14G/3.95G [01:27<03:17, 14.2MB/s][A[A[A

[1A
[1Amodel-00004-of-00004.safetensors:  94%|█████████▍| 3.34G/3.56G [01:26<00:06, 35.7MB/s][A

[1Amodel-00004-of-00004.safetensors:  94%|█████████▍| 3.34G/3.56G [01:26<00:05, 36.2MB/s][A




[1Amodel-00003-of-00004.safetensors:  32%|███▏      | 1.24G/3.86G [01:27<03:22, 13.0MB/s][A[A[A[A


[1A
[1Amodel-00002-of-00004.safetensors:  33%|███▎      | 1.28G/3.86G [01:27<02:56, 14.7MB/s][A[A



[1Amodel-00001-of-00004.safetensors:  29%|██▉       | 1.14G/3.95G [01:28<03:26, 13.6MB/s][A[A[A

[1A
[1Amodel-00004-of-00004.safetensors:  94%|█████████▍| 3.34G/3.56G [01:27<00:05, 36.9MB/s][A




[1A
[1Amodel-00003-of-00004.safetensors:  32%|███▏      | 1.24G/3.86G [01:27<03:24, 12.8MB/s][A[A[A[A


[1Amodel-00002-of-00004.safetensors:  33%|███▎      | 1.28G/3.86G [01:27<02:58, 14.5MB/s][A[A



[1A
[1Amodel-00001-of-00004.safetensors:  29%|██▉       | 1.14G/3.95G [01:28<03:28, 13.5MB/s][A[A[A

[1A
[1Amodel-00004-of-00004.safetensors:  94%|█████████▍| 3.35G/3.56G [01:27<00:05, 36.8MB/s][A


[1A
[1Amodel-00002-of-00004.safetensors:  33%|███▎      | 1.28G/3.86G [01:28<02:57, 14.6MB/s][A[A




[1Amodel-00003-of-00004.safetensors:  32%|███▏      | 1.25G/3.86G [01:27<03:20, 13.1MB/s][A[A[A[A

[1A
[1Amodel-00004-of-00004.safetensors:  94%|█████████▍| 3.35G/3.56G [01:27<00:05, 37.7MB/s][A



[1A
[1Amodel-00001-of-00004.safetensors:  29%|██▉       | 1.14G/3.95G [01:28<03:27, 13.5MB/s][A[A[A

[1A
[1Amodel-00004-of-00004.safetensors:  94%|█████████▍| 3.36G/3.56G [01:27<00:05, 38.3MB/s][A


[1A
[1Amodel-00002-of-00004.safetensors:  33%|███▎      | 1.28G/3.86G [01:28<02:55, 14.7MB/s][A[A




[1Amodel-00003-of-00004.safetensors:  32%|███▏      | 1.25G/3.86G [01:28<03:16, 13.3MB/s][A[A[A[A



[1Amodel-00001-of-00004.safetensors:  29%|██▉       | 1.14G/3.95G [01:28<03:24, 13.7MB/s][A[A[A

[1A
[1Amodel-00004-of-00004.safetensors:  94%|█████████▍| 3.36G/3.56G [01:27<00:05, 38.7MB/s][A


[1Amodel-00002-of-00004.safetensors:  33%|███▎      | 1.28G/3.86G [01:28<02:51, 15.1MB/s][A[A




[1A
[1Amodel-00003-of-00004.safetensors:  32%|███▏      | 1.25G/3.86G [01:28<03:12, 13.6MB/s][A[A[A[A

[1A
[1Amodel-00004-of-00004.safetensors:  95%|█████████▍| 3.36G/3.56G [01:27<00:04, 38.9MB/s][A



[1Amodel-00001-of-00004.safetensors:  29%|██▉       | 1.15G/3.95G [01:28<03:19, 14.1MB/s][A[A[A


[1Amodel-00002-of-00004.safetensors:  33%|███▎      | 1.29G/3.86G [01:28<02:47, 15.4MB/s][A[A

[1Amodel-00004-of-00004.safetensors:  95%|█████████▍| 3.37G/3.56G [01:27<00:04, 39.6MB/s][A




[1A
[1Amodel-00003-of-00004.safetensors:  32%|███▏      | 1.25G/3.86G [01:28<03:10, 13.7MB/s][A[A[A[A



[1A
[1Amodel-00001-of-00004.safetensors:  29%|██▉       | 1.15G/3.95G [01:28<03:20, 14.0MB/s][A[A[A

[1A
[1Amodel-00004-of-00004.safetensors:  95%|█████████▍| 3.37G/3.56G [01:27<00:04, 39.7MB/s][A


[1A
[1Amodel-00002-of-00004.safetensors:  33%|███▎      | 1.29G/3.86G [01:28<02:58, 14.5MB/s][A[A




[1A
[1Amodel-00003-of-00004.safetensors:  32%|███▏      | 1.26G/3.86G [01:28<03:16, 13.3MB/s][A[A[A[A

[1A
[1Amodel-00004-of-00004.safetensors:  95%|█████████▍| 3.38G/3.56G [01:27<00:04, 40.0MB/s][A



[1A
[1Amodel-00001-of-00004.safetensors:  29%|██▉       | 1.15G/3.95G [01:29<03:35, 13.0MB/s][A[A[A

[1Amodel-00004-of-00004.safetensors:  95%|█████████▌| 3.38G/3.56G [01:28<00:04, 40.5MB/s][A


[1Amodel-00002-of-00004.safetensors:  33%|███▎      | 1.29G/3.86G [01:28<03:07, 13.7MB/s][A[A




[1A
[1Amodel-00003-of-00004.safetensors:  33%|███▎      | 1.26G/3.86G [01:28<03:23, 12.8MB/s][A[A[A[A

[1A
[1Amodel-00004-of-00004.safetensors:  95%|█████████▌| 3.39G/3.56G [01:28<00:04, 40.7MB/s][A



[1Amodel-00001-of-00004.safetensors:  29%|██▉       | 1.15G/3.95G [01:29<03:41, 12.6MB/s][A[A[A


[1A
[1Amodel-00002-of-00004.safetensors:  33%|███▎      | 1.29G/3.86G [01:28<03:09, 13.6MB/s][A[A

[1Amodel-00004-of-00004.safetensors:  95%|█████████▌| 3.39G/3.56G [01:28<00:04, 41.2MB/s][A




[1A
[1Amodel-00003-of-00004.safetensors:  33%|███▎      | 1.26G/3.86G [01:28<03:23, 12.8MB/s][A[A[A[A



[1A
[1Amodel-00001-of-00004.safetensors:  29%|██▉       | 1.15G/3.95G [01:29<03:41, 12.6MB/s][A[A[A


[1A
[1Amodel-00002-of-00004.safetensors:  33%|███▎      | 1.29G/3.86G [01:29<03:09, 13.6MB/s][A[A

[1Amodel-00004-of-00004.safetensors:  95%|█████████▌| 3.40G/3.56G [01:28<00:03, 42.0MB/s][A




[1Amodel-00003-of-00004.safetensors:  33%|███▎      | 1.26G/3.86G [01:29<03:21, 12.9MB/s][A[A[A[A



[1A
[1Amodel-00001-of-00004.safetensors:  29%|██▉       | 1.16G/3.95G [01:29<03:37, 12.8MB/s][A[A[A


[1A
[1Amodel-00002-of-00004.safetensors:  34%|███▎      | 1.30G/3.86G [01:29<03:05, 13.9MB/s][A[A

[1A
[1Amodel-00004-of-00004.safetensors:  96%|█████████▌| 3.40G/3.56G [01:28<00:03, 42.7MB/s][A




[1A
[1Amodel-00003-of-00004.safetensors:  33%|███▎      | 1.26G/3.86G [01:29<03:17, 13.2MB/s][A[A[A[A

[1A
[1Amodel-00004-of-00004.safetensors:  96%|█████████▌| 3.41G/3.56G [01:28<00:03, 43.2MB/s][A



[1A
[1Amodel-00001-of-00004.safetensors:  29%|██▉       | 1.16G/3.95G [01:29<03:35, 13.0MB/s][A[A[A


[1A
[1Amodel-00002-of-00004.safetensors:  34%|███▎      | 1.30G/3.86G [01:29<03:00, 14.2MB/s][A[A




[1A
[1Amodel-00003-of-00004.safetensors:  33%|███▎      | 1.27G/3.86G [01:29<03:10, 13.6MB/s][A[A[A[A

[1Amodel-00004-of-00004.safetensors:  96%|█████████▌| 3.41G/3.56G [01:28<00:03, 43.7MB/s][A


[1A
[1Amodel-00002-of-00004.safetensors:  34%|███▎      | 1.30G/3.86G [01:29<02:56, 14.5MB/s][A[A



[1A
[1Amodel-00001-of-00004.safetensors:  29%|██▉       | 1.16G/3.95G [01:29<03:26, 13.5MB/s][A[A[A

[1Amodel-00004-of-00004.safetensors:  96%|█████████▌| 3.42G/3.56G [01:28<00:03, 44.0MB/s][A




[1A
[1Amodel-00003-of-00004.safetensors:  33%|███▎      | 1.27G/3.86G [01:29<03:04, 14.1MB/s][A[A[A[A


[1A
[1Amodel-00002-of-00004.safetensors:  34%|███▎      | 1.30G/3.86G [01:29<02:51, 15.0MB/s][A[A



[1A
[1Amodel-00001-of-00004.safetensors:  29%|██▉       | 1.16G/3.95G [01:29<03:21, 13.8MB/s][A[A[A

[1A
[1Amodel-00004-of-00004.safetensors:  96%|█████████▌| 3.42G/3.56G [01:28<00:03, 44.4MB/s][A




[1A
[1Amodel-00003-of-00004.safetensors:  33%|███▎      | 1.27G/3.86G [01:29<02:58, 14.5MB/s][A[A[A[A


[1Amodel-00002-of-00004.safetensors:  34%|███▍      | 1.30G/3.86G [01:29<02:45, 15.5MB/s][A[A



[1A
[1Amodel-00001-of-00004.safetensors:  30%|██▉       | 1.16G/3.95G [01:30<03:15, 14.2MB/s][A[A[A

[1A
[1Amodel-00004-of-00004.safetensors:  96%|█████████▋| 3.43G/3.56G [01:29<00:02, 44.7MB/s][A




[1A
[1Amodel-00003-of-00004.safetensors:  33%|███▎      | 1.27G/3.86G [01:29<02:52, 15.0MB/s][A[A[A[A


[1A
[1Amodel-00002-of-00004.safetensors:  34%|███▍      | 1.31G/3.86G [01:29<02:42, 15.8MB/s][A[A

[1Amodel-00004-of-00004.safetensors:  97%|█████████▋| 3.43G/3.56G [01:29<00:02, 45.0MB/s][A



[1A
[1Amodel-00001-of-00004.safetensors:  30%|██▉       | 1.17G/3.95G [01:30<03:18, 14.0MB/s][A[A[A




[1A
[1Amodel-00003-of-00004.safetensors:  33%|███▎      | 1.27G/3.86G [01:29<03:02, 14.2MB/s][A[A[A[A

[1A
[1Amodel-00004-of-00004.safetensors:  97%|█████████▋| 3.44G/3.56G [01:29<00:02, 45.5MB/s][A


[1Amodel-00002-of-00004.safetensors:  34%|███▍      | 1.31G/3.86G [01:30<02:53, 14.8MB/s][A[A



[1A
[1Amodel-00001-of-00004.safetensors:  30%|██▉       | 1.17G/3.95G [01:30<03:30, 13.2MB/s][A[A[A

[1A
[1Amodel-00004-of-00004.safetensors:  97%|█████████▋| 3.44G/3.56G [01:29<00:02, 46.2MB/s][A




[1A
[1Amodel-00003-of-00004.safetensors:  33%|███▎      | 1.28G/3.86G [01:30<03:10, 13.6MB/s][A[A[A[A


[1A
[1Amodel-00002-of-00004.safetensors:  34%|███▍      | 1.31G/3.86G [01:30<02:58, 14.3MB/s][A[A

[1A
[1Amodel-00004-of-00004.safetensors:  97%|█████████▋| 3.45G/3.56G [01:29<00:02, 46.4MB/s][A



[1Amodel-00001-of-00004.safetensors:  30%|██▉       | 1.17G/3.95G [01:30<03:34, 12.9MB/s][A[A[A




[1A
[1Amodel-00003-of-00004.safetensors:  33%|███▎      | 1.28G/3.86G [01:30<03:11, 13.5MB/s][A[A[A[A


[1Amodel-00002-of-00004.safetensors:  34%|███▍      | 1.31G/3.86G [01:30<03:01, 14.1MB/s][A[A

[1A
[1Amodel-00004-of-00004.safetensors:  97%|█████████▋| 3.45G/3.56G [01:29<00:02, 47.3MB/s][A



[1A
[1Amodel-00001-of-00004.safetensors:  30%|██▉       | 1.17G/3.95G [01:30<03:33, 13.0MB/s][A[A[A

[1A
[1Amodel-00004-of-00004.safetensors:  97%|█████████▋| 3.46G/3.56G [01:29<00:02, 47.9MB/s][A




[1A
[1Amodel-00003-of-00004.safetensors:  33%|███▎      | 1.28G/3.86G [01:30<03:09, 13.6MB/s][A[A[A[A


[1A
[1Amodel-00002-of-00004.safetensors:  34%|███▍      | 1.31G/3.86G [01:30<03:00, 14.1MB/s][A[A

[1A
[1Amodel-00004-of-00004.safetensors:  97%|█████████▋| 3.46G/3.56G [01:29<00:01, 48.3MB/s][A



[1A
[1Amodel-00001-of-00004.safetensors:  30%|██▉       | 1.18G/3.95G [01:30<03:32, 13.0MB/s][A[A[A




[1A
[1Amodel-00003-of-00004.safetensors:  33%|███▎      | 1.28G/3.86G [01:30<03:07, 13.8MB/s][A[A[A[A


[1A
[1Amodel-00002-of-00004.safetensors:  34%|███▍      | 1.32G/3.86G [01:30<02:57, 14.4MB/s][A[A

[1Amodel-00004-of-00004.safetensors:  98%|█████████▊| 3.47G/3.56G [01:29<00:01, 48.8MB/s][A



[1A
[1Amodel-00001-of-00004.safetensors:  30%|██▉       | 1.18G/3.95G [01:31<03:27, 13.3MB/s][A[A[A




[1A
[1Amodel-00003-of-00004.safetensors:  33%|███▎      | 1.28G/3.86G [01:30<03:02, 14.2MB/s][A[A[A[A


[1A
[1Amodel-00002-of-00004.safetensors:  34%|███▍      | 1.32G/3.86G [01:30<02:54, 14.6MB/s][A[A

[1A
[1Amodel-00004-of-00004.safetensors:  98%|█████████▊| 3.47G/3.56G [01:30<00:01, 47.1MB/s][A



[1A
[1Amodel-00001-of-00004.safetensors:  30%|██▉       | 1.18G/3.95G [01:31<03:21, 13.7MB/s][A[A[A


[1Amodel-00002-of-00004.safetensors:  34%|███▍      | 1.32G/3.86G [01:30<02:48, 15.1MB/s][A[A




[1A
[1Amodel-00003-of-00004.safetensors:  33%|███▎      | 1.29G/3.86G [01:30<02:57, 14.6MB/s][A[A[A[A

[1A
[1Amodel-00004-of-00004.safetensors:  98%|█████████▊| 3.48G/3.56G [01:30<00:01, 38.5MB/s][A


[1A
[1Amodel-00002-of-00004.safetensors:  34%|███▍      | 1.32G/3.86G [01:31<02:49, 15.0MB/s][A[A




[1A
[1Amodel-00003-of-00004.safetensors:  33%|███▎      | 1.29G/3.86G [01:30<02:56, 14.6MB/s][A[A[A[A



[1A
[1Amodel-00001-of-00004.safetensors:  30%|██▉       | 1.18G/3.95G [01:31<03:23, 13.6MB/s][A[A[A

[1A
[1Amodel-00004-of-00004.safetensors:  98%|█████████▊| 3.48G/3.56G [01:30<00:02, 34.2MB/s][A


[1A
[1Amodel-00002-of-00004.safetensors:  34%|███▍      | 1.33G/3.86G [01:31<02:58, 14.2MB/s][A[A




[1A
[1Amodel-00003-of-00004.safetensors:  33%|███▎      | 1.29G/3.86G [01:31<03:07, 13.7MB/s][A[A[A[A



[1Amodel-00001-of-00004.safetensors:  30%|███       | 1.18G/3.95G [01:31<04:00, 11.5MB/s][A[A[A

[1A
[1Amodel-00004-of-00004.safetensors:  98%|█████████▊| 3.49G/3.56G [01:30<00:02, 31.5MB/s][A


[1Amodel-00002-of-00004.safetensors:  34%|███▍      | 1.33G/3.86G [01:31<03:03, 13.8MB/s][A[A




[1A
[1Amodel-00003-of-00004.safetensors:  33%|███▎      | 1.29G/3.86G [01:31<03:12, 13.4MB/s][A[A[A[A

[1A
[1Amodel-00004-of-00004.safetensors:  98%|█████████▊| 3.49G/3.56G [01:30<00:02, 30.1MB/s][A


[1A
[1Amodel-00002-of-00004.safetensors:  34%|███▍      | 1.33G/3.86G [01:31<03:05, 13.6MB/s][A[A



[1A
[1Amodel-00001-of-00004.safetensors:  30%|███       | 1.19G/3.95G [01:31<04:23, 10.5MB/s][A[A[A




[1Amodel-00003-of-00004.safetensors:  34%|███▎      | 1.29G/3.86G [01:31<03:10, 13.5MB/s][A[A[A[A

[1A
[1Amodel-00004-of-00004.safetensors:  98%|█████████▊| 3.50G/3.56G [01:30<00:02, 29.4MB/s][A


[1Amodel-00002-of-00004.safetensors:  34%|███▍      | 1.33G/3.86G [01:31<03:05, 13.7MB/s][A[A




[1A
[1Amodel-00003-of-00004.safetensors:  34%|███▎      | 1.30G/3.86G [01:31<03:08, 13.6MB/s][A[A[A[A

[1A
[1Amodel-00004-of-00004.safetensors:  98%|█████████▊| 3.50G/3.56G [01:30<00:01, 29.1MB/s][A



[1A
[1Amodel-00001-of-00004.safetensors:  30%|███       | 1.19G/3.95G [01:32<04:29, 10.2MB/s][A[A[A


[1Amodel-00002-of-00004.safetensors:  35%|███▍      | 1.33G/3.86G [01:31<03:01, 14.0MB/s][A[A




[1Amodel-00003-of-00004.safetensors:  34%|███▎      | 1.30G/3.86G [01:31<03:06, 13.7MB/s][A[A[A[A

[1Amodel-00004-of-00004.safetensors:  99%|█████████▊| 3.50G/3.56G [01:31<00:01, 28.8MB/s][A



[1A
[1Amodel-00001-of-00004.safetensors:  30%|███       | 1.19G/3.95G [01:32<04:27, 10.3MB/s][A[A[A

[1A
[1Amodel-00004-of-00004.safetensors:  99%|█████████▊| 3.51G/3.56G [01:31<00:01, 28.9MB/s][A


[1Amodel-00002-of-00004.safetensors:  35%|███▍      | 1.34G/3.86G [01:31<02:57, 14.2MB/s][A[A




[1A
[1Amodel-00003-of-00004.safetensors:  34%|███▎      | 1.30G/3.86G [01:31<03:00, 14.2MB/s][A[A[A[A

[1A
[1Amodel-00004-of-00004.safetensors:  99%|█████████▊| 3.51G/3.56G [01:31<00:01, 29.2MB/s][A


[1A
[1Amodel-00002-of-00004.safetensors:  35%|███▍      | 1.34G/3.86G [01:32<02:51, 14.7MB/s][A[A




[1A
[1Amodel-00003-of-00004.safetensors:  34%|███▎      | 1.30G/3.86G [01:31<02:54, 14.7MB/s][A[A[A[A



[1A
[1Amodel-00001-of-00004.safetensors:  30%|███       | 1.19G/3.95G [01:32<04:19, 10.6MB/s][A[A[A

[1A
[1Amodel-00004-of-00004.safetensors:  99%|█████████▉| 3.51G/3.56G [01:31<00:01, 29.4MB/s][A


[1Amodel-00002-of-00004.safetensors:  35%|███▍      | 1.34G/3.86G [01:32<02:46, 15.2MB/s][A[A




[1A
[1Amodel-00003-of-00004.safetensors:  34%|███▍      | 1.31G/3.86G [01:32<02:48, 15.1MB/s][A[A[A[A

[1Amodel-00004-of-00004.safetensors:  99%|█████████▉| 3.52G/3.56G [01:31<00:01, 29.7MB/s][A



[1Amodel-00001-of-00004.safetensors:  30%|███       | 1.19G/3.95G [01:32<04:10, 11.0MB/s][A[A[A


[1A
[1Amodel-00002-of-00004.safetensors:  35%|███▍      | 1.34G/3.86G [01:32<02:42, 15.5MB/s][A[A




[1A
[1Amodel-00003-of-00004.safetensors:  34%|███▍      | 1.31G/3.86G [01:32<02:43, 15.7MB/s][A[A[A[A

[1Amodel-00004-of-00004.safetensors:  99%|█████████▉| 3.52G/3.56G [01:31<00:01, 30.0MB/s][A

[1A
[1Amodel-00004-of-00004.safetensors:  99%|█████████▉| 3.52G/3.56G [01:31<00:01, 30.3MB/s][A


[1A
[1Amodel-00002-of-00004.safetensors:  35%|███▍      | 1.34G/3.86G [01:32<02:37, 16.0MB/s][A[A




[1A
[1Amodel-00003-of-00004.safetensors:  34%|███▍      | 1.31G/3.86G [01:32<02:38, 16.2MB/s][A[A[A[A



[1A
[1Amodel-00001-of-00004.safetensors:  30%|███       | 1.20G/3.95G [01:32<04:01, 11.4MB/s][A[A[A


[1A
[1Amodel-00002-of-00004.safetensors:  35%|███▍      | 1.35G/3.86G [01:32<02:32, 16.6MB/s][A[A




[1A
[1Amodel-00003-of-00004.safetensors:  34%|███▍      | 1.31G/3.86G [01:32<02:33, 16.7MB/s][A[A[A[A

[1A
[1Amodel-00004-of-00004.safetensors:  99%|█████████▉| 3.53G/3.56G [01:31<00:00, 30.9MB/s][A



[1A
[1Amodel-00001-of-00004.safetensors:  30%|███       | 1.20G/3.95G [01:32<03:50, 11.9MB/s][A[A[A


[1A
[1Amodel-00002-of-00004.safetensors:  35%|███▍      | 1.35G/3.86G [01:32<02:27, 17.0MB/s][A[A




[1A
[1Amodel-00003-of-00004.safetensors:  34%|███▍      | 1.31G/3.86G [01:32<02:28, 17.2MB/s][A[A[A[A

[1A
[1Amodel-00004-of-00004.safetensors:  99%|█████████▉| 3.53G/3.56G [01:31<00:00, 31.4MB/s][A



[1A
[1Amodel-00001-of-00004.safetensors:  30%|███       | 1.20G/3.95G [01:33<03:41, 12.4MB/s][A[A[A


[1A
[1Amodel-00002-of-00004.safetensors:  35%|███▍      | 1.35G/3.86G [01:32<02:23, 17.5MB/s][A[A




[1A
[1Amodel-00003-of-00004.safetensors:  34%|███▍      | 1.32G/3.86G [01:32<02:24, 17.7MB/s][A[A[A[A

[1A
[1Amodel-00004-of-00004.safetensors:  99%|█████████▉| 3.53G/3.56G [01:32<00:00, 31.8MB/s][A




[1A
[1Amodel-00003-of-00004.safetensors:  34%|███▍      | 1.32G/3.86G [01:32<02:31, 16.8MB/s][A[A[A[A


[1A
[1Amodel-00002-of-00004.safetensors:  35%|███▌      | 1.35G/3.86G [01:32<02:34, 16.3MB/s][A[A

[1Amodel-00004-of-00004.safetensors: 100%|█████████▉| 3.54G/3.56G [01:32<00:00, 32.2MB/s][A



[1Amodel-00001-of-00004.safetensors:  30%|███       | 1.20G/3.95G [01:33<03:52, 11.8MB/s][A[A[A




[1A
[1Amodel-00003-of-00004.safetensors:  34%|███▍      | 1.32G/3.86G [01:32<02:39, 15.9MB/s][A[A[A[A

[1A
[1Amodel-00004-of-00004.safetensors: 100%|█████████▉| 3.54G/3.56G [01:32<00:00, 32.8MB/s][A


[1Amodel-00002-of-00004.safetensors:  35%|███▌      | 1.35G/3.86G [01:33<02:43, 15.4MB/s][A[A



[1A
[1Amodel-00001-of-00004.safetensors:  31%|███       | 1.20G/3.95G [01:33<03:59, 11.4MB/s][A[A[A

[1Amodel-00004-of-00004.safetensors: 100%|█████████▉| 3.55G/3.56G [01:32<00:00, 33.2MB/s][A




[1Amodel-00003-of-00004.safetensors:  34%|███▍      | 1.32G/3.86G [01:33<02:43, 15.6MB/s][A[A[A[A


[1Amodel-00002-of-00004.safetensors:  35%|███▌      | 1.36G/3.86G [01:33<02:45, 15.1MB/s][A[A

[1A
[1Amodel-00004-of-00004.safetensors: 100%|█████████▉| 3.55G/3.56G [01:32<00:00, 33.8MB/s][A



[1A
[1Amodel-00001-of-00004.safetensors:  31%|███       | 1.21G/3.95G [01:33<03:58, 11.5MB/s][A[A[A




[1Amodel-00003-of-00004.safetensors:  34%|███▍      | 1.32G/3.86G [01:33<02:43, 15.5MB/s][A[A[A[A


[1Amodel-00002-of-00004.safetensors:  35%|███▌      | 1.36G/3.86G [01:33<02:46, 15.1MB/s][A[A

[1A
[1Amodel-00004-of-00004.safetensors: 100%|█████████▉| 3.56G/3.56G [01:32<00:00, 34.2MB/s][A

[1A
[1A                                                                                      [A




[1A
[1Amodel-00003-of-00004.safetensors:  34%|███▍      | 1.33G/3.86G [01:33<02:43, 15.6MB/s][A[A[A[A


[1A
[1Amodel-00002-of-00004.safetensors:  35%|███▌      | 1.36G/3.86G [01:33<02:43, 15.3MB/s][A[A



[1A
[1Amodel-00001-of-00004.safetensors:  31%|███       | 1.21G/3.95G [01:33<03:54, 11.7MB/s][A[A[A




[1A
[1Amodel-00003-of-00004.safetensors:  34%|███▍      | 1.33G/3.86G [01:33<02:41, 15.7MB/s][A[A[A[A


[1A
[1Amodel-00002-of-00004.safetensors:  35%|███▌      | 1.36G/3.86G [01:33<02:40, 15.6MB/s][A[A



[1Amodel-00001-of-00004.safetensors:  31%|███       | 1.21G/3.95G [01:34<03:49, 11.9MB/s][A[A[A




[1Amodel-00003-of-00004.safetensors:  34%|███▍      | 1.33G/3.86G [01:33<02:41, 15.7MB/s][A[A[A[A


[1Amodel-00002-of-00004.safetensors:  35%|███▌      | 1.37G/3.86G [01:33<02:47, 14.9MB/s][A[A



[1Amodel-00001-of-00004.safetensors:  31%|███       | 1.21G/3.95G [01:34<03:40, 12.4MB/s][A[A[A




[1A
[1Amodel-00003-of-00004.safetensors:  34%|███▍      | 1.33G/3.86G [01:33<02:54, 14.5MB/s][A[A[A[A


[1Amodel-00002-of-00004.safetensors:  35%|███▌      | 1.37G/3.86G [01:34<02:58, 14.0MB/s][A[A



[1A
[1Amodel-00001-of-00004.safetensors:  31%|███       | 1.22G/3.95G [01:34<03:34, 12.7MB/s][A[A[A




[1A
[1Amodel-00003-of-00004.safetensors:  35%|███▍      | 1.33G/3.86G [01:33<02:59, 14.1MB/s][A[A[A[A


[1A
[1Amodel-00002-of-00004.safetensors:  35%|███▌      | 1.37G/3.86G [01:34<03:02, 13.7MB/s][A[A



[1A
[1Amodel-00001-of-00004.safetensors:  31%|███       | 1.22G/3.95G [01:34<03:26, 13.2MB/s][A[A[A




[1Amodel-00003-of-00004.safetensors:  35%|███▍      | 1.34G/3.86G [01:34<03:00, 14.0MB/s][A[A[A[A



[1A
[1Amodel-00001-of-00004.safetensors:  31%|███       | 1.22G/3.95G [01:34<03:18, 13.7MB/s][A[A[A


[1A
[1Amodel-00002-of-00004.safetensors:  35%|███▌      | 1.37G/3.86G [01:34<03:02, 13.7MB/s][A[A




[1Amodel-00003-of-00004.safetensors:  35%|███▍      | 1.34G/3.86G [01:34<02:59, 14.1MB/s][A[A[A[A



[1A
[1Amodel-00001-of-00004.safetensors:  31%|███       | 1.22G/3.95G [01:34<03:11, 14.2MB/s][A[A[A


[1A
[1Amodel-00002-of-00004.safetensors:  36%|███▌      | 1.37G/3.86G [01:34<03:01, 13.7MB/s][A[A




[1A
[1Amodel-00003-of-00004.safetensors:  35%|███▍      | 1.34G/3.86G [01:34<02:59, 14.1MB/s][A[A[A[A



[1Amodel-00001-of-00004.safetensors:  31%|███       | 1.22G/3.95G [01:34<03:10, 14.3MB/s][A[A[A


[1A
[1Amodel-00002-of-00004.safetensors:  36%|███▌      | 1.38G/3.86G [01:34<03:09, 13.1MB/s][A[A




[1Amodel-00003-of-00004.safetensors:  35%|███▍      | 1.34G/3.86G [01:34<03:13, 13.0MB/s][A[A[A[A



[1Amodel-00001-of-00004.safetensors:  31%|███       | 1.23G/3.95G [01:35<03:24, 13.3MB/s][A[A[A


[1A
[1Amodel-00002-of-00004.safetensors:  36%|███▌      | 1.38G/3.86G [01:34<03:20, 12.4MB/s][A[A




[1Amodel-00003-of-00004.safetensors:  35%|███▍      | 1.35G/3.86G [01:34<03:19, 12.6MB/s][A[A[A[A



[1A
[1Amodel-00001-of-00004.safetensors:  31%|███       | 1.23G/3.95G [01:35<03:29, 13.0MB/s][A[A[A


[1A
[1Amodel-00002-of-00004.safetensors:  36%|███▌      | 1.38G/3.86G [01:35<03:24, 12.1MB/s][A[A




[1A
[1Amodel-00003-of-00004.safetensors:  35%|███▍      | 1.35G/3.86G [01:34<03:19, 12.6MB/s][A[A[A[A



[1A
[1Amodel-00001-of-00004.safetensors:  31%|███       | 1.23G/3.95G [01:35<03:29, 13.0MB/s][A[A[A


[1A
[1Amodel-00002-of-00004.safetensors:  36%|███▌      | 1.38G/3.86G [01:35<03:22, 12.3MB/s][A[A



[1A
[1Amodel-00001-of-00004.safetensors:  31%|███       | 1.23G/3.95G [01:35<03:25, 13.2MB/s][A[A[A




[1A
[1Amodel-00003-of-00004.safetensors:  35%|███▍      | 1.35G/3.86G [01:35<03:17, 12.7MB/s][A[A[A[A


[1Amodel-00002-of-00004.safetensors:  36%|███▌      | 1.38G/3.86G [01:35<03:20, 12.4MB/s][A[A



[1A
[1Amodel-00001-of-00004.safetensors:  31%|███▏      | 1.23G/3.95G [01:35<03:20, 13.5MB/s][A[A[A




[1A
[1Amodel-00003-of-00004.safetensors:  35%|███▍      | 1.35G/3.86G [01:35<03:11, 13.1MB/s][A[A[A[A


[1A
[1Amodel-00002-of-00004.safetensors:  36%|███▌      | 1.39G/3.86G [01:35<03:15, 12.7MB/s][A[A




[1A
[1Amodel-00003-of-00004.safetensors:  35%|███▌      | 1.35G/3.86G [01:35<03:16, 12.8MB/s][A[A[A[A



[1A
[1Amodel-00001-of-00004.safetensors:  31%|███▏      | 1.24G/3.95G [01:35<03:37, 12.5MB/s][A[A[A




[1A
[1Amodel-00003-of-00004.safetensors:  35%|███▌      | 1.36G/3.86G [01:35<03:04, 13.6MB/s][A[A[A[A



[1A
[1Amodel-00001-of-00004.safetensors:  31%|███▏      | 1.24G/3.95G [01:36<03:25, 13.2MB/s][A[A[A


[1A
[1Amodel-00002-of-00004.safetensors:  36%|███▌      | 1.39G/3.86G [01:35<03:40, 11.2MB/s][A[A




[1A
[1Amodel-00003-of-00004.safetensors:  35%|███▌      | 1.36G/3.86G [01:35<03:00, 13.9MB/s][A[A[A[A




[1Amodel-00003-of-00004.safetensors:  35%|███▌      | 1.36G/3.86G [01:35<02:51, 14.6MB/s][A[A[A[A




[1Amodel-00003-of-00004.safetensors:  35%|███▌      | 1.36G/3.86G [01:35<02:45, 15.1MB/s][A[A[A[A


[1Amodel-00002-of-00004.safetensors:  36%|███▌      | 1.39G/3.86G [01:36<04:48, 8.58MB/s][A[A



[1Amodel-00001-of-00004.safetensors:  31%|███▏      | 1.24G/3.95G [01:36<04:53, 9.22MB/s][A[A[A




[1A
[1Amodel-00003-of-00004.safetensors:  35%|███▌      | 1.36G/3.86G [01:36<02:42, 15.4MB/s][A[A[A[A


[1A
[1Amodel-00002-of-00004.safetensors:  36%|███▌      | 1.39G/3.86G [01:36<04:59, 8.26MB/s][A[A




[1Amodel-00003-of-00004.safetensors:  35%|███▌      | 1.37G/3.86G [01:36<02:36, 16.0MB/s][A[A[A[A


[1Amodel-00002-of-00004.safetensors:  36%|███▌      | 1.39G/3.86G [01:36<04:13, 9.74MB/s][A[A



[1A
[1Amodel-00001-of-00004.safetensors:  31%|███▏      | 1.24G/3.95G [01:36<05:21, 8.40MB/s][A[A[A




[1Amodel-00003-of-00004.safetensors:  35%|███▌      | 1.37G/3.86G [01:36<02:26, 17.0MB/s][A[A[A[A


[1A
[1Amodel-00002-of-00004.safetensors:  36%|███▌      | 1.40G/3.86G [01:36<03:42, 11.1MB/s][A[A



[1A
[1Amodel-00001-of-00004.safetensors:  32%|███▏      | 1.24G/3.95G [01:36<04:42, 9.57MB/s][A[A[A




[1A
[1Amodel-00003-of-00004.safetensors:  35%|███▌      | 1.37G/3.86G [01:36<02:23, 17.4MB/s][A[A[A[A


[1A
[1Amodel-00002-of-00004.safetensors:  36%|███▌      | 1.40G/3.86G [01:36<03:25, 12.0MB/s][A[A




[1A
[1Amodel-00003-of-00004.safetensors:  36%|███▌      | 1.37G/3.86G [01:36<02:19, 17.8MB/s][A[A[A[A



[1Amodel-00001-of-00004.safetensors:  32%|███▏      | 1.25G/3.95G [01:37<04:08, 10.8MB/s][A[A[A




[1A
[1Amodel-00003-of-00004.safetensors:  36%|███▌      | 1.37G/3.86G [01:36<02:18, 18.0MB/s][A[A[A[A


[1Amodel-00002-of-00004.safetensors:  36%|███▌      | 1.40G/3.86G [01:36<03:05, 13.3MB/s][A[A



[1A
[1Amodel-00001-of-00004.safetensors:  32%|███▏      | 1.25G/3.95G [01:37<03:41, 12.2MB/s][A[A[A




[1A
[1Amodel-00003-of-00004.safetensors:  36%|███▌      | 1.38G/3.86G [01:36<02:13, 18.7MB/s][A[A[A[A


[1A
[1Amodel-00002-of-00004.safetensors:  36%|███▋      | 1.40G/3.86G [01:36<02:52, 14.3MB/s][A[A



[1A
[1Amodel-00001-of-00004.safetensors:  32%|███▏      | 1.25G/3.95G [01:37<03:22, 13.3MB/s][A[A[A




[1Amodel-00003-of-00004.safetensors:  36%|███▌      | 1.38G/3.86G [01:36<02:09, 19.2MB/s][A[A[A[A


[1Amodel-00002-of-00004.safetensors:  36%|███▋      | 1.40G/3.86G [01:37<02:44, 15.0MB/s][A[A



[1Amodel-00001-of-00004.safetensors:  32%|███▏      | 1.25G/3.95G [01:37<03:07, 14.3MB/s][A[A[A
[1ADownloading:  53%|█████▎    | 8/15 [01:39<03:27, 29.60s/file]




[1A
[1Amodel-00003-of-00004.safetensors:  36%|███▌      | 1.38G/3.86G [01:37<02:04, 19.9MB/s][A[A[A[A


[1Amodel-00002-of-00004.safetensors:  36%|███▋      | 1.41G/3.86G [01:37<02:36, 15.7MB/s][A[A



[1A
[1Amodel-00001-of-00004.safetensors:  32%|███▏      | 1.26G/3.95G [01:37<02:53, 15.5MB/s][A[A[A


[1Amodel-00002-of-00004.safetensors:  36%|███▋      | 1.41G/3.86G [01:37<02:27, 16.7MB/s][A[A



[1Amodel-00001-of-00004.safetensors:  32%|███▏      | 1.26G/3.95G [01:37<02:43, 16.5MB/s][A[A[A




[1A
[1Amodel-00003-of-00004.safetensors:  36%|███▌      | 1.39G/3.86G [01:37<02:01, 20.3MB/s][A[A[A[A


[1A
[1Amodel-00002-of-00004.safetensors:  36%|███▋      | 1.41G/3.86G [01:37<02:23, 17.1MB/s][A[A




[1A
[1Amodel-00003-of-00004.safetensors:  36%|███▌      | 1.39G/3.86G [01:37<02:09, 19.1MB/s][A[A[A[A



[1Amodel-00001-of-00004.safetensors:  32%|███▏      | 1.26G/3.95G [01:37<03:16, 13.6MB/s][A[A[A


[1Amodel-00002-of-00004.safetensors:  37%|███▋      | 1.41G/3.86G [01:37<02:34, 15.9MB/s][A[A




[1A
[1Amodel-00003-of-00004.safetensors:  36%|███▌      | 1.39G/3.86G [01:37<02:16, 18.1MB/s][A[A[A[A

[1Amodel.safetensors.index.json:   0%|          | 0.00/27.8k [00:00<?, ?B/s][A

[1A
[1A                                                                         [A
[1ADownloading:  60%|██████    | 9/15 [01:39<02:04, 20.80s/file]




[1Amodel-00003-of-00004.safetensors:  36%|███▌      | 1.39G/3.86G [01:37<02:19, 17.7MB/s][A[A[A[A


[1A
[1Amodel-00002-of-00004.safetensors:  37%|███▋      | 1.41G/3.86G [01:37<02:42, 15.1MB/s][A[A



[1A
[1Amodel-00001-of-00004.safetensors:  32%|███▏      | 1.26G/3.95G [01:38<03:38, 12.3MB/s][A[A[A




[1A
[1Amodel-00003-of-00004.safetensors:  36%|███▌      | 1.39G/3.86G [01:37<02:22, 17.3MB/s][A[A[A[A


[1Amodel-00002-of-00004.safetensors:  37%|███▋      | 1.42G/3.86G [01:37<02:41, 15.2MB/s][A[A



[1A
[1Amodel-00001-of-00004.safetensors:  32%|███▏      | 1.26G/3.95G [01:38<03:49, 11.7MB/s][A[A[A




[1A
[1Amodel-00003-of-00004.safetensors:  36%|███▌      | 1.40G/3.86G [01:37<02:21, 17.5MB/s][A[A[A[A


[1A
[1Amodel-00002-of-00004.safetensors:  37%|███▋      | 1.42G/3.86G [01:37<02:40, 15.3MB/s][A[A




[1Amodel-00003-of-00004.safetensors:  36%|███▌      | 1.40G/3.86G [01:37<02:21, 17.5MB/s][A[A[A[A


[1Amodel-00002-of-00004.safetensors:  37%|███▋      | 1.42G/3.86G [01:38<02:38, 15.4MB/s][A[A



[1A
[1Amodel-00001-of-00004.safetensors:  32%|███▏      | 1.27G/3.95G [01:38<03:58, 11.2MB/s][A[A[A

[1Atokenizer.json: 0.00B [00:00, ?B/s][A




[1A
[1Amodel-00003-of-00004.safetensors:  36%|███▌      | 1.40G/3.86G [01:38<02:24, 17.1MB/s][A[A[A[A

[1A
[1Atokenizer.json: 774kB [00:00, 7.67MB/s][A


[1A
[1Amodel-00002-of-00004.safetensors:  37%|███▋      | 1.42G/3.86G [01:38<02:58, 13.7MB/s][A[A



[1A
[1Amodel-00001-of-00004.safetensors:  32%|███▏      | 1.27G/3.95G [01:38<03:57, 11.3MB/s][A[A[A




[1A
[1Amodel-00003-of-00004.safetensors:  36%|███▋      | 1.40G/3.86G [01:38<02:38, 15.5MB/s][A[A[A[A

[1A
[1Atokenizer.json: 1.54MB [00:00, 7.64MB/s][A

[1A
[1Atokenizer.json: 2.41MB [00:00, 8.10MB/s][A


[1A
[1Amodel-00002-of-00004.safetensors:  37%|███▋      | 1.43G/3.86G [01:38<03:04, 13.2MB/s][A[A



[1A
[1Amodel-00001-of-00004.safetensors:  32%|███▏      | 1.27G/3.95G [01:38<03:55, 11.4MB/s][A[A[A




[1A
[1Amodel-00003-of-00004.safetensors:  36%|███▋      | 1.40G/3.86G [01:38<02:44, 15.0MB/s][A[A[A[A

[1A
[1Atokenizer.json: 3.23MB [00:00, 8.12MB/s][A




[1Amodel-00003-of-00004.safetensors:  36%|███▋      | 1.41G/3.86G [01:38<02:48, 14.6MB/s][A[A[A[A


[1A
[1Amodel-00002-of-00004.safetensors:  37%|███▋      | 1.43G/3.86G [01:38<03:12, 12.7MB/s][A[A

[1A
[1Atokenizer.json: 4.04MB [00:00, 8.06MB/s][A



[1A
[1Amodel-00001-of-00004.safetensors:  32%|███▏      | 1.27G/3.95G [01:39<03:53, 11.4MB/s][A[A[A

[1Atokenizer.json: 4.86MB [00:00, 8.09MB/s][A




[1A
[1Amodel-00003-of-00004.safetensors:  36%|███▋      | 1.41G/3.86G [01:38<02:47, 14.7MB/s][A[A[A[A


[1A
[1Amodel-00002-of-00004.safetensors:  37%|███▋      | 1.43G/3.86G [01:38<03:11, 12.7MB/s][A[A



[1A
[1Amodel-00001-of-00004.safetensors:  32%|███▏      | 1.27G/3.95G [01:39<03:44, 11.9MB/s][A[A[A

[1A
[1Atokenizer.json: 5.69MB [00:00, 8.16MB/s][A




[1A
[1Amodel-00003-of-00004.safetensors:  36%|███▋      | 1.41G/3.86G [01:38<02:46, 14.7MB/s][A[A[A[A

[1A
[1Atokenizer.json: 6.64MB [00:00, 8.58MB/s][A


[1Amodel-00002-of-00004.safetensors:  37%|███▋      | 1.43G/3.86G [01:38<03:06, 13.1MB/s][A[A



[1A
[1Amodel-00001-of-00004.safetensors:  32%|███▏      | 1.28G/3.95G [01:39<03:39, 12.2MB/s][A[A[A

[1A
[1A                                        [A




[1Amodel-00003-of-00004.safetensors:  37%|███▋      | 1.41G/3.86G [01:38<02:37, 15.6MB/s][A[A[A[A


[1A
[1Amodel-00002-of-00004.safetensors:  37%|███▋      | 1.43G/3.86G [01:39<03:00, 13.4MB/s][A[A



[1Amodel-00001-of-00004.safetensors:  32%|███▏      | 1.28G/3.95G [01:39<03:28, 12.8MB/s][A[A[A




[1A
[1Amodel-00003-of-00004.safetensors:  37%|███▋      | 1.41G/3.86G [01:39<02:34, 15.9MB/s][A[A[A[A
[1ADownloading:  67%|██████▋   | 10/15 [01:41<01:15, 15.01s/file]


[1Amodel-00002-of-00004.safetensors:  37%|███▋      | 1.44G/3.86G [01:39<02:54, 14.0MB/s][A[A



[1A
[1Amodel-00001-of-00004.safetensors:  32%|███▏      | 1.28G/3.95G [01:39<03:15, 13.6MB/s][A[A[A




[1A
[1Amodel-00003-of-00004.safetensors:  37%|███▋      | 1.42G/3.86G [01:39<02:30, 16.3MB/s][A[A[A[A



[1A
[1Amodel-00001-of-00004.safetensors:  33%|███▎      | 1.28G/3.95G [01:39<03:10, 14.0MB/s][A[A[A


[1Amodel-00002-of-00004.safetensors:  37%|███▋      | 1.44G/3.86G [01:39<03:09, 12.8MB/s][A[A




[1A
[1Amodel-00003-of-00004.safetensors:  37%|███▋      | 1.42G/3.86G [01:39<02:42, 15.1MB/s][A[A[A[A



[1A
[1Amodel-00001-of-00004.safetensors:  33%|███▎      | 1.28G/3.95G [01:39<03:03, 14.5MB/s][A[A[A




[1A
[1Amodel-00003-of-00004.safetensors:  37%|███▋      | 1.42G/3.86G [01:39<02:47, 14.6MB/s][A[A[A[A


[1A
[1Amodel-00002-of-00004.safetensors:  37%|███▋      | 1.44G/3.86G [01:39<03:17, 12.3MB/s][A[A



[1A
[1Amodel-00001-of-00004.safetensors:  33%|███▎      | 1.29G/3.95G [01:40<02:55, 15.1MB/s][A[A[A

[1Atokenizer_config.json: 0.00B [00:00, ?B/s][A

[1A
[1A                                          [A
[1ADownloading:  73%|███████▎  | 11/15 [01:41<00:42, 10.64s/file]




[1A
[1Amodel-00003-of-00004.safetensors:  37%|███▋      | 1.42G/3.86G [01:39<02:52, 14.1MB/s][A[A[A[A



[1Amodel-00001-of-00004.safetensors:  33%|███▎      | 1.29G/3.95G [01:40<02:53, 15.3MB/s][A[A[A


[1Amodel-00002-of-00004.safetensors:  37%|███▋      | 1.44G/3.86G [01:39<03:19, 12.1MB/s][A[A



[1A
[1Amodel-00001-of-00004.safetensors:  33%|███▎      | 1.29G/3.95G [01:40<02:44, 16.1MB/s][A[A[A




[1Amodel-00003-of-00004.safetensors:  37%|███▋      | 1.43G/3.86G [01:39<02:49, 14.4MB/s][A[A[A[A


[1Amodel-00002-of-00004.safetensors:  37%|███▋      | 1.44G/3.86G [01:40<03:18, 12.2MB/s][A[A



[1A
[1Amodel-00001-of-00004.safetensors:  33%|███▎      | 1.29G/3.95G [01:40<02:46, 16.0MB/s][A[A[A




[1Amodel-00003-of-00004.safetensors:  37%|███▋      | 1.43G/3.86G [01:39<03:02, 13.4MB/s][A[A[A[A



[1Amodel-00001-of-00004.safetensors:  33%|███▎      | 1.29G/3.95G [01:40<02:52, 15.3MB/s][A[A[A


[1A
[1Amodel-00002-of-00004.safetensors:  37%|███▋      | 1.45G/3.86G [01:40<03:32, 11.4MB/s][A[A

[1Avocab.json: 0.00B [00:00, ?B/s][A




[1A
[1Amodel-00003-of-00004.safetensors:  37%|███▋      | 1.43G/3.86G [01:40<03:11, 12.7MB/s][A[A[A[A

[1A
[1Avocab.json: 1.22MB [00:00, 12.2MB/s][A



[1A
[1Amodel-00001-of-00004.safetensors:  33%|███▎      | 1.30G/3.95G [01:40<03:00, 14.7MB/s][A[A[A


[1A
[1Amodel-00002-of-00004.safetensors:  37%|███▋      | 1.45G/3.86G [01:40<03:37, 11.1MB/s][A[A

[1A
[1Avocab.json: 2.53MB [00:00, 12.7MB/s][A




[1A
[1Amodel-00003-of-00004.safetensors:  37%|███▋      | 1.43G/3.86G [01:40<03:14, 12.5MB/s][A[A[A[A

[1A
[1A                                    [A



[1A
[1Amodel-00001-of-00004.safetensors:  33%|███▎      | 1.30G/3.95G [01:40<03:00, 14.7MB/s][A[A[A
[1ADownloading:  80%|████████  | 12/15 [01:42<00:23,  7.69s/file]


[1A
[1Amodel-00002-of-00004.safetensors:  38%|███▊      | 1.45G/3.86G [01:40<03:36, 11.2MB/s][A[A




[1Amodel-00003-of-00004.safetensors:  37%|███▋      | 1.43G/3.86G [01:40<03:14, 12.5MB/s][A[A[A[A



[1Amodel-00001-of-00004.safetensors:  33%|███▎      | 1.30G/3.95G [01:40<02:59, 14.7MB/s][A[A[A


[1A
[1Amodel-00002-of-00004.safetensors:  38%|███▊      | 1.45G/3.86G [01:40<03:31, 11.4MB/s][A[A



[1Amodel-00001-of-00004.safetensors:  33%|███▎      | 1.30G/3.95G [01:41<02:57, 14.9MB/s][A[A[A




[1Amodel-00003-of-00004.safetensors:  37%|███▋      | 1.44G/3.86G [01:40<03:09, 12.8MB/s][A[A[A[A



[1A
[1Amodel-00001-of-00004.safetensors:  33%|███▎      | 1.31G/3.95G [01:41<02:52, 15.3MB/s][A[A[A


[1Amodel-00002-of-00004.safetensors:  38%|███▊      | 1.45G/3.86G [01:40<03:24, 11.8MB/s][A[A




[1Amodel-00003-of-00004.safetensors:  37%|███▋      | 1.44G/3.86G [01:40<03:03, 13.2MB/s][A[A[A[A



[1Amodel-00001-of-00004.safetensors:  33%|███▎      | 1.31G/3.95G [01:41<02:47, 15.7MB/s][A[A[A




[1Amodel-00003-of-00004.safetensors:  37%|███▋      | 1.44G/3.86G [01:40<02:57, 13.6MB/s][A[A[A[A


[1A
[1Amodel-00002-of-00004.safetensors:  38%|███▊      | 1.46G/3.86G [01:41<03:16, 12.3MB/s][A[A



[1A
[1Amodel-00001-of-00004.safetensors:  33%|███▎      | 1.31G/3.95G [01:41<02:44, 16.0MB/s][A[A[A




[1A
[1Amodel-00003-of-00004.safetensors:  37%|███▋      | 1.44G/3.86G [01:41<02:52, 14.1MB/s][A[A[A[A


[1A
[1Amodel-00002-of-00004.safetensors:  38%|███▊      | 1.46G/3.86G [01:41<03:08, 12.7MB/s][A[A



[1Amodel-00001-of-00004.safetensors:  33%|███▎      | 1.31G/3.95G [01:41<02:39, 16.5MB/s][A[A[A




[1Amodel-00003-of-00004.safetensors:  37%|███▋      | 1.44G/3.86G [01:41<02:45, 14.6MB/s][A[A[A[A


[1A
[1Amodel-00002-of-00004.safetensors:  38%|███▊      | 1.46G/3.86G [01:41<03:00, 13.3MB/s][A[A



[1Amodel-00001-of-00004.safetensors:  33%|███▎      | 1.31G/3.95G [01:41<02:34, 17.0MB/s][A[A[A




[1A
[1Amodel-00003-of-00004.safetensors:  37%|███▋      | 1.45G/3.86G [01:41<02:39, 15.1MB/s][A[A[A[A



[1A
[1Amodel-00001-of-00004.safetensors:  33%|███▎      | 1.32G/3.95G [01:41<02:38, 16.6MB/s][A[A[A


[1A
[1Amodel-00002-of-00004.safetensors:  38%|███▊      | 1.46G/3.86G [01:41<03:00, 13.3MB/s][A[A




[1A
[1Amodel-00003-of-00004.safetensors:  37%|███▋      | 1.45G/3.86G [01:41<02:57, 13.6MB/s][A[A[A[A



[1Amodel-00001-of-00004.safetensors:  33%|███▎      | 1.32G/3.95G [01:42<02:51, 15.3MB/s][A[A[A


[1A
[1Amodel-00002-of-00004.safetensors:  38%|███▊      | 1.46G/3.86G [01:41<03:12, 12.5MB/s][A[A




[1A
[1Amodel-00003-of-00004.safetensors:  38%|███▊      | 1.45G/3.86G [01:41<02:57, 13.6MB/s][A[A[A[A



[1A
[1Amodel-00001-of-00004.safetensors:  33%|███▎      | 1.32G/3.95G [01:42<02:56, 14.9MB/s][A[A[A


[1A
[1Amodel-00002-of-00004.safetensors:  38%|███▊      | 1.47G/3.86G [01:41<03:12, 12.4MB/s][A[A




[1A
[1Amodel-00003-of-00004.safetensors:  38%|███▊      | 1.45G/3.86G [01:41<02:59, 13.4MB/s][A[A[A[A



[1A
[1Amodel-00001-of-00004.safetensors:  34%|███▎      | 1.32G/3.95G [01:42<02:58, 14.7MB/s][A[A[A


[1Amodel-00002-of-00004.safetensors:  38%|███▊      | 1.47G/3.86G [01:42<03:12, 12.4MB/s][A[A



[1Amodel-00001-of-00004.safetensors:  34%|███▎      | 1.32G/3.95G [01:42<02:58, 14.7MB/s][A[A[A




[1A
[1Amodel-00003-of-00004.safetensors:  38%|███▊      | 1.45G/3.86G [01:41<02:57, 13.6MB/s][A[A[A[A


[1A
[1Amodel-00002-of-00004.safetensors:  38%|███▊      | 1.47G/3.86G [01:42<03:09, 12.6MB/s][A[A



[1A
[1Amodel-00001-of-00004.safetensors:  34%|███▎      | 1.33G/3.95G [01:42<02:55, 14.9MB/s][A[A[A




[1Amodel-00003-of-00004.safetensors:  38%|███▊      | 1.46G/3.86G [01:42<02:52, 14.0MB/s][A[A[A[A


[1A
[1Amodel-00002-of-00004.safetensors:  38%|███▊      | 1.47G/3.86G [01:42<03:04, 13.0MB/s][A[A



[1Amodel-00001-of-00004.safetensors:  34%|███▎      | 1.33G/3.95G [01:42<02:50, 15.3MB/s][A[A[A




[1Amodel-00003-of-00004.safetensors:  38%|███▊      | 1.46G/3.86G [01:42<02:48, 14.3MB/s][A[A[A[A


[1A
[1Amodel-00002-of-00004.safetensors:  38%|███▊      | 1.48G/3.86G [01:42<02:58, 13.4MB/s][A[A



[1A
[1Amodel-00001-of-00004.safetensors:  34%|███▎      | 1.33G/3.95G [01:42<02:47, 15.6MB/s][A[A[A




[1A
[1Amodel-00003-of-00004.safetensors:  38%|███▊      | 1.46G/3.86G [01:42<02:42, 14.8MB/s][A[A[A[A



[1Amodel-00001-of-00004.safetensors:  34%|███▍      | 1.33G/3.95G [01:43<03:01, 14.4MB/s][A[A[A


[1A
[1Amodel-00002-of-00004.safetensors:  38%|███▊      | 1.48G/3.86G [01:42<03:06, 12.8MB/s][A[A




[1Amodel-00003-of-00004.safetensors:  38%|███▊      | 1.46G/3.86G [01:42<02:55, 13.7MB/s][A[A[A[A



[1Amodel-00001-of-00004.safetensors:  34%|███▍      | 1.33G/3.95G [01:43<03:08, 13.9MB/s][A[A[A


[1Amodel-00002-of-00004.safetensors:  38%|███▊      | 1.48G/3.86G [01:42<03:13, 12.3MB/s][A[A




[1Amodel-00003-of-00004.safetensors:  38%|███▊      | 1.46G/3.86G [01:42<03:01, 13.3MB/s][A[A[A[A



[1A
[1Amodel-00001-of-00004.safetensors:  34%|███▍      | 1.34G/3.95G [01:43<03:12, 13.6MB/s][A[A[A




[1A
[1Amodel-00003-of-00004.safetensors:  38%|███▊      | 1.47G/3.86G [01:42<03:03, 13.1MB/s][A[A[A[A


[1A
[1Amodel-00002-of-00004.safetensors:  38%|███▊      | 1.48G/3.86G [01:43<03:16, 12.2MB/s][A[A



[1Amodel-00001-of-00004.safetensors:  34%|███▍      | 1.34G/3.95G [01:43<03:13, 13.5MB/s][A[A[A




[1A
[1Amodel-00003-of-00004.safetensors:  38%|███▊      | 1.47G/3.86G [01:43<03:00, 13.3MB/s][A[A[A[A


[1A
[1Amodel-00002-of-00004.safetensors:  38%|███▊      | 1.48G/3.86G [01:43<03:13, 12.3MB/s][A[A



[1A
[1Amodel-00001-of-00004.safetensors:  34%|███▍      | 1.34G/3.95G [01:43<03:09, 13.7MB/s][A[A[A




[1A
[1Amodel-00003-of-00004.safetensors:  38%|███▊      | 1.47G/3.86G [01:43<02:57, 13.5MB/s][A[A[A[A


[1A
[1Amodel-00002-of-00004.safetensors:  38%|███▊      | 1.49G/3.86G [01:43<03:08, 12.6MB/s][A[A



[1A
[1Amodel-00001-of-00004.safetensors:  34%|███▍      | 1.34G/3.95G [01:43<03:06, 14.0MB/s][A[A[A




[1Amodel-00003-of-00004.safetensors:  38%|███▊      | 1.47G/3.86G [01:43<02:52, 13.9MB/s][A[A[A[A


[1A
[1Amodel-00002-of-00004.safetensors:  39%|███▊      | 1.49G/3.86G [01:43<03:02, 13.0MB/s][A[A



[1Amodel-00001-of-00004.safetensors:  34%|███▍      | 1.35G/3.95G [01:43<03:01, 14.3MB/s][A[A[A




[1Amodel-00003-of-00004.safetensors:  38%|███▊      | 1.48G/3.86G [01:43<02:46, 14.4MB/s][A[A[A[A


[1A
[1Amodel-00002-of-00004.safetensors:  39%|███▊      | 1.49G/3.86G [01:43<02:56, 13.5MB/s][A[A



[1A
[1Amodel-00001-of-00004.safetensors:  34%|███▍      | 1.35G/3.95G [01:44<02:56, 14.7MB/s][A[A[A




[1A
[1Amodel-00003-of-00004.safetensors:  38%|███▊      | 1.48G/3.86G [01:43<02:41, 14.8MB/s][A[A[A[A


[1Amodel-00002-of-00004.safetensors:  39%|███▊      | 1.49G/3.86G [01:43<02:50, 13.9MB/s][A[A



[1Amodel-00001-of-00004.safetensors:  34%|███▍      | 1.35G/3.95G [01:44<02:51, 15.1MB/s][A[A[A




[1A
[1Amodel-00003-of-00004.safetensors:  38%|███▊      | 1.48G/3.86G [01:43<02:35, 15.3MB/s][A[A[A[A


[1Amodel-00002-of-00004.safetensors:  39%|███▊      | 1.49G/3.86G [01:43<02:44, 14.4MB/s][A[A



[1A
[1Amodel-00001-of-00004.safetensors:  34%|███▍      | 1.35G/3.95G [01:44<02:52, 15.0MB/s][A[A[A




[1A
[1Amodel-00003-of-00004.safetensors:  38%|███▊      | 1.48G/3.86G [01:43<02:41, 14.8MB/s][A[A[A[A


[1A
[1Amodel-00002-of-00004.safetensors:  39%|███▊      | 1.50G/3.86G [01:44<02:55, 13.5MB/s][A[A



[1Amodel-00001-of-00004.safetensors:  34%|███▍      | 1.35G/3.95G [01:44<03:07, 13.9MB/s][A[A[A




[1A
[1Amodel-00003-of-00004.safetensors:  38%|███▊      | 1.48G/3.86G [01:44<02:49, 14.0MB/s][A[A[A[A


[1A
[1Amodel-00002-of-00004.safetensors:  39%|███▉      | 1.50G/3.86G [01:44<03:01, 13.0MB/s][A[A



[1A
[1Amodel-00001-of-00004.safetensors:  34%|███▍      | 1.36G/3.95G [01:44<03:10, 13.6MB/s][A[A[A




[1A
[1Amodel-00003-of-00004.safetensors:  38%|███▊      | 1.49G/3.86G [01:44<02:53, 13.7MB/s][A[A[A[A


[1A
[1Amodel-00002-of-00004.safetensors:  39%|███▉      | 1.50G/3.86G [01:44<03:02, 13.0MB/s][A[A



[1A
[1Amodel-00001-of-00004.safetensors:  34%|███▍      | 1.36G/3.95G [01:44<03:12, 13.4MB/s][A[A[A




[1Amodel-00003-of-00004.safetensors:  39%|███▊      | 1.49G/3.86G [01:44<02:52, 13.8MB/s][A[A[A[A


[1Amodel-00002-of-00004.safetensors:  39%|███▉      | 1.50G/3.86G [01:44<02:59, 13.1MB/s][A[A



[1Amodel-00001-of-00004.safetensors:  34%|███▍      | 1.36G/3.95G [01:44<03:09, 13.6MB/s][A[A[A




[1Amodel-00003-of-00004.safetensors:  39%|███▊      | 1.49G/3.86G [01:44<02:49, 14.0MB/s][A[A[A[A


[1A
[1Amodel-00002-of-00004.safetensors:  39%|███▉      | 1.50G/3.86G [01:44<02:57, 13.3MB/s][A[A




[1A
[1Amodel-00003-of-00004.safetensors:  39%|███▊      | 1.49G/3.86G [01:44<02:45, 14.4MB/s][A[A[A[A



[1Amodel-00001-of-00004.safetensors:  35%|███▍      | 1.36G/3.95G [01:45<03:07, 13.8MB/s][A[A[A


[1Amodel-00002-of-00004.safetensors:  39%|███▉      | 1.51G/3.86G [01:44<02:51, 13.7MB/s][A[A




[1Amodel-00003-of-00004.safetensors:  39%|███▊      | 1.49G/3.86G [01:44<02:40, 14.8MB/s][A[A[A[A



[1Amodel-00001-of-00004.safetensors:  35%|███▍      | 1.36G/3.95G [01:45<03:03, 14.1MB/s][A[A[A


[1A
[1Amodel-00002-of-00004.safetensors:  39%|███▉      | 1.51G/3.86G [01:45<02:46, 14.2MB/s][A[A




[1A
[1Amodel-00003-of-00004.safetensors:  39%|███▊      | 1.50G/3.86G [01:44<02:36, 15.2MB/s][A[A[A[A



[1A
[1Amodel-00001-of-00004.safetensors:  35%|███▍      | 1.37G/3.95G [01:45<02:57, 14.5MB/s][A[A[A


[1A
[1Amodel-00002-of-00004.safetensors:  39%|███▉      | 1.51G/3.86G [01:45<02:48, 14.0MB/s][A[A




[1Amodel-00003-of-00004.safetensors:  39%|███▉      | 1.50G/3.86G [01:45<02:38, 14.9MB/s][A[A[A[A



[1A
[1Amodel-00001-of-00004.safetensors:  35%|███▍      | 1.37G/3.95G [01:45<03:03, 14.0MB/s][A[A[A




[1Amodel-00003-of-00004.safetensors:  39%|███▉      | 1.50G/3.86G [01:45<02:49, 14.0MB/s][A[A[A[A


[1Amodel-00002-of-00004.safetensors:  39%|███▉      | 1.51G/3.86G [01:45<02:58, 13.2MB/s][A[A



[1Amodel-00001-of-00004.safetensors:  35%|███▍      | 1.37G/3.95G [01:45<03:13, 13.3MB/s][A[A[A




[1Amodel-00003-of-00004.safetensors:  39%|███▉      | 1.50G/3.86G [01:45<02:52, 13.7MB/s][A[A[A[A


[1Amodel-00002-of-00004.safetensors:  39%|███▉      | 1.52G/3.86G [01:45<03:01, 12.9MB/s][A[A



[1Amodel-00001-of-00004.safetensors:  35%|███▍      | 1.37G/3.95G [01:45<03:17, 13.0MB/s][A[A[A




[1A
[1Amodel-00003-of-00004.safetensors:  39%|███▉      | 1.50G/3.86G [01:45<02:52, 13.7MB/s][A[A[A[A


[1A
[1Amodel-00002-of-00004.safetensors:  39%|███▉      | 1.52G/3.86G [01:45<03:02, 12.9MB/s][A[A



[1Amodel-00001-of-00004.safetensors:  35%|███▍      | 1.37G/3.95G [01:46<03:17, 13.0MB/s][A[A[A




[1A
[1Amodel-00003-of-00004.safetensors:  39%|███▉      | 1.51G/3.86G [01:45<02:51, 13.8MB/s][A[A[A[A


[1A
[1Amodel-00002-of-00004.safetensors:  39%|███▉      | 1.52G/3.86G [01:45<02:59, 13.1MB/s][A[A



[1Amodel-00001-of-00004.safetensors:  35%|███▍      | 1.38G/3.95G [01:46<03:15, 13.1MB/s][A[A[A




[1Amodel-00003-of-00004.safetensors:  39%|███▉      | 1.51G/3.86G [01:45<02:46, 14.2MB/s][A[A[A[A


[1A
[1Amodel-00002-of-00004.safetensors:  39%|███▉      | 1.52G/3.86G [01:46<02:54, 13.4MB/s][A[A



[1A
[1Amodel-00001-of-00004.safetensors:  35%|███▍      | 1.38G/3.95G [01:46<03:10, 13.5MB/s][A[A[A




[1A
[1Amodel-00003-of-00004.safetensors:  39%|███▉      | 1.51G/3.86G [01:45<02:42, 14.5MB/s][A[A[A[A


[1Amodel-00002-of-00004.safetensors:  39%|███▉      | 1.52G/3.86G [01:46<02:49, 13.8MB/s][A[A



[1A
[1Amodel-00001-of-00004.safetensors:  35%|███▌      | 1.38G/3.95G [01:46<03:04, 13.9MB/s][A[A[A




[1A
[1Amodel-00003-of-00004.safetensors:  39%|███▉      | 1.51G/3.86G [01:46<02:39, 14.8MB/s][A[A[A[A


[1A
[1Amodel-00002-of-00004.safetensors:  39%|███▉      | 1.53G/3.86G [01:46<02:44, 14.2MB/s][A[A



[1Amodel-00001-of-00004.safetensors:  35%|███▌      | 1.38G/3.95G [01:46<02:58, 14.3MB/s][A[A[A




[1A
[1Amodel-00003-of-00004.safetensors:  39%|███▉      | 1.52G/3.86G [01:46<02:31, 15.5MB/s][A[A[A[A


[1A
[1Amodel-00002-of-00004.safetensors:  40%|███▉      | 1.53G/3.86G [01:46<02:42, 14.4MB/s][A[A



[1A
[1Amodel-00001-of-00004.safetensors:  35%|███▌      | 1.39G/3.95G [01:46<03:05, 13.8MB/s][A[A[A




[1A
[1Amodel-00003-of-00004.safetensors:  39%|███▉      | 1.52G/3.86G [01:46<02:41, 14.6MB/s][A[A[A[A


[1A
[1Amodel-00002-of-00004.safetensors:  40%|███▉      | 1.53G/3.86G [01:46<02:53, 13.4MB/s][A[A



[1A
[1Amodel-00001-of-00004.safetensors:  35%|███▌      | 1.39G/3.95G [01:47<03:15, 13.1MB/s][A[A[A




[1Amodel-00003-of-00004.safetensors:  39%|███▉      | 1.52G/3.86G [01:46<02:48, 13.9MB/s][A[A[A[A


[1Amodel-00002-of-00004.safetensors:  40%|███▉      | 1.53G/3.86G [01:46<02:59, 13.0MB/s][A[A



[1A
[1Amodel-00001-of-00004.safetensors:  35%|███▌      | 1.39G/3.95G [01:47<03:19, 12.8MB/s][A[A[A




[1Amodel-00003-of-00004.safetensors:  39%|███▉      | 1.52G/3.86G [01:46<02:50, 13.7MB/s][A[A[A[A


[1A
[1Amodel-00002-of-00004.safetensors:  40%|███▉      | 1.53G/3.86G [01:46<02:58, 13.1MB/s][A[A



[1Amodel-00001-of-00004.safetensors:  35%|███▌      | 1.39G/3.95G [01:47<03:18, 12.9MB/s][A[A[A




[1A
[1Amodel-00003-of-00004.safetensors:  39%|███▉      | 1.52G/3.86G [01:46<02:49, 13.8MB/s][A[A[A[A


[1A
[1Amodel-00002-of-00004.safetensors:  40%|███▉      | 1.54G/3.86G [01:47<02:56, 13.2MB/s][A[A



[1A
[1Amodel-00001-of-00004.safetensors:  35%|███▌      | 1.39G/3.95G [01:47<03:15, 13.1MB/s][A[A[A




[1A
[1Amodel-00003-of-00004.safetensors:  39%|███▉      | 1.53G/3.86G [01:47<02:46, 14.0MB/s][A[A[A[A


[1A
[1Amodel-00002-of-00004.safetensors:  40%|███▉      | 1.54G/3.86G [01:47<02:52, 13.5MB/s][A[A




[1Amodel-00003-of-00004.safetensors:  40%|███▉      | 1.53G/3.86G [01:47<02:41, 14.4MB/s][A[A[A[A



[1Amodel-00001-of-00004.safetensors:  35%|███▌      | 1.40G/3.95G [01:47<03:10, 13.4MB/s][A[A[A


[1Amodel-00002-of-00004.safetensors:  40%|███▉      | 1.54G/3.86G [01:47<02:47, 13.9MB/s][A[A




[1Amodel-00003-of-00004.safetensors:  40%|███▉      | 1.53G/3.86G [01:47<02:38, 14.7MB/s][A[A[A[A



[1A
[1Amodel-00001-of-00004.safetensors:  35%|███▌      | 1.40G/3.95G [01:47<03:06, 13.7MB/s][A[A[A


[1A
[1Amodel-00002-of-00004.safetensors:  40%|███▉      | 1.54G/3.86G [01:47<02:42, 14.2MB/s][A[A




[1Amodel-00003-of-00004.safetensors:  40%|███▉      | 1.53G/3.86G [01:47<02:33, 15.2MB/s][A[A[A[A



[1Amodel-00001-of-00004.safetensors:  35%|███▌      | 1.40G/3.95G [01:47<03:00, 14.1MB/s][A[A[A


[1Amodel-00002-of-00004.safetensors:  40%|███▉      | 1.54G/3.86G [01:47<02:37, 14.7MB/s][A[A




[1A
[1Amodel-00003-of-00004.safetensors:  40%|███▉      | 1.53G/3.86G [01:47<02:27, 15.8MB/s][A[A[A[A



[1A
[1Amodel-00001-of-00004.safetensors:  36%|███▌      | 1.40G/3.95G [01:48<02:58, 14.2MB/s][A[A[A


[1A
[1Amodel-00002-of-00004.safetensors:  40%|████      | 1.55G/3.86G [01:47<02:48, 13.8MB/s][A[A




[1A
[1Amodel-00003-of-00004.safetensors:  40%|███▉      | 1.54G/3.86G [01:47<02:39, 14.6MB/s][A[A[A[A



[1Amodel-00001-of-00004.safetensors:  36%|███▌      | 1.40G/3.95G [01:48<03:11, 13.3MB/s][A[A[A




[1Amodel-00003-of-00004.safetensors:  40%|███▉      | 1.54G/3.86G [01:47<02:45, 14.1MB/s][A[A[A[A


[1A
[1Amodel-00002-of-00004.safetensors:  40%|████      | 1.55G/3.86G [01:48<02:54, 13.2MB/s][A[A



[1A
[1Amodel-00001-of-00004.safetensors:  36%|███▌      | 1.41G/3.95G [01:48<03:17, 12.9MB/s][A[A[A




[1Amodel-00003-of-00004.safetensors:  40%|███▉      | 1.54G/3.86G [01:48<02:46, 14.0MB/s][A[A[A[A


[1A
[1Amodel-00002-of-00004.safetensors:  40%|████      | 1.55G/3.86G [01:48<02:57, 13.1MB/s][A[A



[1A
[1Amodel-00001-of-00004.safetensors:  36%|███▌      | 1.41G/3.95G [01:48<03:17, 12.9MB/s][A[A[A




[1A
[1Amodel-00003-of-00004.safetensors:  40%|███▉      | 1.54G/3.86G [01:48<02:45, 14.1MB/s][A[A[A[A


[1A
[1Amodel-00002-of-00004.safetensors:  40%|████      | 1.55G/3.86G [01:48<02:54, 13.2MB/s][A[A



[1Amodel-00001-of-00004.safetensors:  36%|███▌      | 1.41G/3.95G [01:48<03:15, 12.9MB/s][A[A[A




[1A
[1Amodel-00003-of-00004.safetensors:  40%|███▉      | 1.54G/3.86G [01:48<02:42, 14.3MB/s][A[A[A[A


[1A
[1Amodel-00002-of-00004.safetensors:  40%|████      | 1.56G/3.86G [01:48<02:52, 13.4MB/s][A[A



[1A
[1Amodel-00001-of-00004.safetensors:  36%|███▌      | 1.41G/3.95G [01:48<03:11, 13.2MB/s][A[A[A




[1A
[1Amodel-00003-of-00004.safetensors:  40%|████      | 1.55G/3.86G [01:48<02:38, 14.6MB/s][A[A[A[A


[1A
[1Amodel-00002-of-00004.safetensors:  40%|████      | 1.56G/3.86G [01:48<02:47, 13.8MB/s][A[A



[1Amodel-00001-of-00004.safetensors:  36%|███▌      | 1.41G/3.95G [01:49<03:06, 13.6MB/s][A[A[A




[1A
[1Amodel-00003-of-00004.safetensors:  40%|████      | 1.55G/3.86G [01:48<02:34, 15.0MB/s][A[A[A[A


[1Amodel-00002-of-00004.safetensors:  40%|████      | 1.56G/3.86G [01:48<02:41, 14.3MB/s][A[A




[1Amodel-00003-of-00004.safetensors:  40%|████      | 1.55G/3.86G [01:48<02:29, 15.5MB/s][A[A[A[A



[1A
[1Amodel-00001-of-00004.safetensors:  36%|███▌      | 1.42G/3.95G [01:49<03:01, 13.9MB/s][A[A[A


[1Amodel-00002-of-00004.safetensors:  40%|████      | 1.56G/3.86G [01:48<02:36, 14.7MB/s][A[A




[1A
[1Amodel-00003-of-00004.safetensors:  40%|████      | 1.55G/3.86G [01:48<02:31, 15.3MB/s][A[A[A[A



[1Amodel-00001-of-00004.safetensors:  36%|███▌      | 1.42G/3.95G [01:49<03:06, 13.5MB/s][A[A[A


[1Amodel-00002-of-00004.safetensors:  40%|████      | 1.56G/3.86G [01:49<02:47, 13.7MB/s][A[A




[1Amodel-00003-of-00004.safetensors:  40%|████      | 1.56G/3.86G [01:49<02:41, 14.3MB/s][A[A[A[A



[1A
[1Amodel-00001-of-00004.safetensors:  36%|███▌      | 1.42G/3.95G [01:49<03:17, 12.8MB/s][A[A[A


[1A
[1Amodel-00002-of-00004.safetensors:  41%|████      | 1.57G/3.86G [01:49<02:54, 13.2MB/s][A[A




[1A
[1Amodel-00003-of-00004.safetensors:  40%|████      | 1.56G/3.86G [01:49<02:44, 14.0MB/s][A[A[A[A



[1Amodel-00001-of-00004.safetensors:  36%|███▌      | 1.42G/3.95G [01:49<03:21, 12.5MB/s][A[A[A


[1A
[1Amodel-00002-of-00004.safetensors:  41%|████      | 1.57G/3.86G [01:49<02:56, 13.0MB/s][A[A




[1Amodel-00003-of-00004.safetensors:  40%|████      | 1.56G/3.86G [01:49<02:44, 14.0MB/s][A[A[A[A



[1A
[1Amodel-00001-of-00004.safetensors:  36%|███▌      | 1.43G/3.95G [01:49<03:19, 12.6MB/s][A[A[A


[1Amodel-00002-of-00004.safetensors:  41%|████      | 1.57G/3.86G [01:49<02:54, 13.1MB/s][A[A




[1A
[1Amodel-00003-of-00004.safetensors:  40%|████      | 1.56G/3.86G [01:49<02:42, 14.2MB/s][A[A[A[A



[1A
[1Amodel-00001-of-00004.safetensors:  36%|███▌      | 1.43G/3.95G [01:50<03:16, 12.8MB/s][A[A[A


[1A
[1Amodel-00002-of-00004.safetensors:  41%|████      | 1.57G/3.86G [01:49<02:50, 13.4MB/s][A[A




[1Amodel-00003-of-00004.safetensors:  40%|████      | 1.56G/3.86G [01:49<02:39, 14.5MB/s][A[A[A[A



[1A
[1Amodel-00001-of-00004.safetensors:  36%|███▌      | 1.43G/3.95G [01:50<03:12, 13.1MB/s][A[A[A


[1A
[1Amodel-00002-of-00004.safetensors:  41%|████      | 1.57G/3.86G [01:49<02:45, 13.8MB/s][A[A




[1A
[1Amodel-00003-of-00004.safetensors:  41%|████      | 1.57G/3.86G [01:49<02:34, 14.9MB/s][A[A[A[A



[1Amodel-00001-of-00004.safetensors:  36%|███▋      | 1.43G/3.95G [01:50<03:05, 13.6MB/s][A[A[A


[1A
[1Amodel-00002-of-00004.safetensors:  41%|████      | 1.58G/3.86G [01:50<02:41, 14.2MB/s][A[A




[1A
[1Amodel-00003-of-00004.safetensors:  41%|████      | 1.57G/3.86G [01:49<02:30, 15.3MB/s][A[A[A[A




[1A
[1Amodel-00003-of-00004.safetensors:  41%|████      | 1.57G/3.86G [01:49<02:25, 15.8MB/s][A[A[A[A


[1A
[1Amodel-00002-of-00004.safetensors:  41%|████      | 1.58G/3.86G [01:50<02:35, 14.7MB/s][A[A



[1Amodel-00001-of-00004.safetensors:  36%|███▋      | 1.43G/3.95G [01:50<03:00, 13.9MB/s][A[A[A




[1Amodel-00003-of-00004.safetensors:  41%|████      | 1.57G/3.86G [01:50<02:29, 15.3MB/s][A[A[A[A


[1A
[1Amodel-00002-of-00004.safetensors:  41%|████      | 1.58G/3.86G [01:50<02:39, 14.3MB/s][A[A



[1A
[1Amodel-00001-of-00004.safetensors:  36%|███▋      | 1.44G/3.95G [01:50<03:07, 13.4MB/s][A[A[A




[1A
[1Amodel-00003-of-00004.safetensors:  41%|████      | 1.57G/3.86G [01:50<02:38, 14.4MB/s][A[A[A[A


[1A
[1Amodel-00002-of-00004.safetensors:  41%|████      | 1.58G/3.86G [01:50<02:48, 13.5MB/s][A[A



[1Amodel-00001-of-00004.safetensors:  36%|███▋      | 1.44G/3.95G [01:50<03:16, 12.8MB/s][A[A[A




[1A
[1Amodel-00003-of-00004.safetensors:  41%|████      | 1.58G/3.86G [01:50<02:42, 14.1MB/s][A[A[A[A


[1A
[1Amodel-00002-of-00004.safetensors:  41%|████      | 1.58G/3.86G [01:50<02:51, 13.3MB/s][A[A



[1A
[1Amodel-00001-of-00004.safetensors:  36%|███▋      | 1.44G/3.95G [01:50<03:19, 12.6MB/s][A[A[A




[1Amodel-00003-of-00004.safetensors:  41%|████      | 1.58G/3.86G [01:50<02:42, 14.1MB/s][A[A[A[A


[1Amodel-00002-of-00004.safetensors:  41%|████      | 1.59G/3.86G [01:50<02:50, 13.4MB/s][A[A



[1A
[1Amodel-00001-of-00004.safetensors:  37%|███▋      | 1.44G/3.95G [01:51<03:19, 12.6MB/s][A[A[A




[1A
[1Amodel-00003-of-00004.safetensors:  41%|████      | 1.58G/3.86G [01:50<02:40, 14.2MB/s][A[A[A[A


[1Amodel-00002-of-00004.safetensors:  41%|████      | 1.59G/3.86G [01:50<02:49, 13.5MB/s][A[A



[1A
[1Amodel-00001-of-00004.safetensors:  37%|███▋      | 1.44G/3.95G [01:51<03:16, 12.7MB/s][A[A[A




[1A
[1Amodel-00003-of-00004.safetensors:  41%|████      | 1.58G/3.86G [01:50<02:36, 14.6MB/s][A[A[A[A


[1A
[1Amodel-00002-of-00004.safetensors:  41%|████      | 1.59G/3.86G [01:51<02:44, 13.9MB/s][A[A



[1A
[1Amodel-00001-of-00004.safetensors:  37%|███▋      | 1.45G/3.95G [01:51<03:10, 13.1MB/s][A[A[A




[1Amodel-00003-of-00004.safetensors:  41%|████      | 1.58G/3.86G [01:51<02:33, 14.8MB/s][A[A[A[A


[1A
[1Amodel-00002-of-00004.safetensors:  41%|████      | 1.59G/3.86G [01:51<02:40, 14.2MB/s][A[A



[1Amodel-00001-of-00004.safetensors:  37%|███▋      | 1.45G/3.95G [01:51<03:05, 13.5MB/s][A[A[A




[1A
[1Amodel-00003-of-00004.safetensors:  41%|████      | 1.59G/3.86G [01:51<02:29, 15.3MB/s][A[A[A[A


[1A
[1Amodel-00002-of-00004.safetensors:  41%|████▏     | 1.59G/3.86G [01:51<02:35, 14.6MB/s][A[A




[1A
[1Amodel-00003-of-00004.safetensors:  41%|████      | 1.59G/3.86G [01:51<02:23, 15.8MB/s][A[A[A[A



[1A
[1Amodel-00001-of-00004.safetensors:  37%|███▋      | 1.45G/3.95G [01:51<03:04, 13.5MB/s][A[A[A


[1A
[1Amodel-00002-of-00004.safetensors:  41%|████▏     | 1.60G/3.86G [01:51<02:34, 14.7MB/s][A[A




[1Amodel-00003-of-00004.safetensors:  41%|████      | 1.59G/3.86G [01:51<02:35, 14.7MB/s][A[A[A[A



[1A
[1Amodel-00001-of-00004.safetensors:  37%|███▋      | 1.45G/3.95G [01:51<03:13, 12.9MB/s][A[A[A


[1Amodel-00002-of-00004.safetensors:  41%|████▏     | 1.60G/3.86G [01:51<02:45, 13.7MB/s][A[A




[1A
[1Amodel-00003-of-00004.safetensors:  41%|████      | 1.59G/3.86G [01:51<02:41, 14.1MB/s][A[A[A[A



[1A
[1Amodel-00001-of-00004.safetensors:  37%|███▋      | 1.45G/3.95G [01:52<03:19, 12.5MB/s][A[A[A


[1Amodel-00002-of-00004.safetensors:  41%|████▏     | 1.60G/3.86G [01:51<02:49, 13.4MB/s][A[A




[1A
[1Amodel-00003-of-00004.safetensors:  41%|████▏     | 1.59G/3.86G [01:51<02:42, 14.0MB/s][A[A[A[A



[1A
[1Amodel-00001-of-00004.safetensors:  37%|███▋      | 1.46G/3.95G [01:52<03:20, 12.4MB/s][A[A[A


[1A
[1Amodel-00002-of-00004.safetensors:  41%|████▏     | 1.60G/3.86G [01:51<02:48, 13.4MB/s][A[A




[1A
[1Amodel-00003-of-00004.safetensors:  41%|████▏     | 1.60G/3.86G [01:51<02:41, 14.0MB/s][A[A[A[A



[1A
[1Amodel-00001-of-00004.safetensors:  37%|███▋      | 1.46G/3.95G [01:52<03:17, 12.6MB/s][A[A[A


[1A
[1Amodel-00002-of-00004.safetensors:  42%|████▏     | 1.61G/3.86G [01:52<02:46, 13.6MB/s][A[A




[1A
[1Amodel-00003-of-00004.safetensors:  41%|████▏     | 1.60G/3.86G [01:52<02:38, 14.3MB/s][A[A[A[A


[1Amodel-00002-of-00004.safetensors:  42%|████▏     | 1.61G/3.86G [01:52<02:43, 13.8MB/s][A[A



[1A
[1Amodel-00001-of-00004.safetensors:  37%|███▋      | 1.46G/3.95G [01:52<03:13, 12.9MB/s][A[A[A




[1Amodel-00003-of-00004.safetensors:  41%|████▏     | 1.60G/3.86G [01:52<02:33, 14.7MB/s][A[A[A[A


[1Amodel-00002-of-00004.safetensors:  42%|████▏     | 1.61G/3.86G [01:52<02:37, 14.3MB/s][A[A



[1A
[1Amodel-00001-of-00004.safetensors:  37%|███▋      | 1.46G/3.95G [01:52<03:07, 13.2MB/s][A[A[A




[1Amodel-00003-of-00004.safetensors:  41%|████▏     | 1.60G/3.86G [01:52<02:29, 15.1MB/s][A[A[A[A


[1A
[1Amodel-00002-of-00004.safetensors:  42%|████▏     | 1.61G/3.86G [01:52<02:34, 14.6MB/s][A[A




[1Amodel-00003-of-00004.safetensors:  42%|████▏     | 1.61G/3.86G [01:52<02:24, 15.6MB/s][A[A[A[A



[1A
[1Amodel-00001-of-00004.safetensors:  37%|███▋      | 1.46G/3.95G [01:52<03:02, 13.6MB/s][A[A[A


[1A
[1Amodel-00002-of-00004.safetensors:  42%|████▏     | 1.61G/3.86G [01:52<02:37, 14.3MB/s][A[A




[1Amodel-00003-of-00004.safetensors:  42%|████▏     | 1.61G/3.86G [01:52<02:30, 15.0MB/s][A[A[A[A



[1Amodel-00001-of-00004.safetensors:  37%|███▋      | 1.47G/3.95G [01:53<03:14, 12.8MB/s][A[A[A


[1Amodel-00002-of-00004.safetensors:  42%|████▏     | 1.62G/3.86G [01:52<02:47, 13.4MB/s][A[A




[1Amodel-00003-of-00004.safetensors:  42%|████▏     | 1.61G/3.86G [01:52<02:38, 14.2MB/s][A[A[A[A



[1A
[1Amodel-00001-of-00004.safetensors:  37%|███▋      | 1.47G/3.95G [01:53<03:19, 12.4MB/s][A[A[A




[1Amodel-00003-of-00004.safetensors:  42%|████▏     | 1.61G/3.86G [01:52<02:41, 14.0MB/s][A[A[A[A


[1A
[1Amodel-00002-of-00004.safetensors:  42%|████▏     | 1.62G/3.86G [01:53<02:51, 13.1MB/s][A[A



[1Amodel-00001-of-00004.safetensors:  37%|███▋      | 1.47G/3.95G [01:53<03:21, 12.3MB/s][A[A[A




[1Amodel-00003-of-00004.safetensors:  42%|████▏     | 1.61G/3.86G [01:53<02:41, 13.9MB/s][A[A[A[A


[1Amodel-00002-of-00004.safetensors:  42%|████▏     | 1.62G/3.86G [01:53<02:50, 13.2MB/s][A[A



[1A
[1Amodel-00001-of-00004.safetensors:  37%|███▋      | 1.47G/3.95G [01:53<03:20, 12.3MB/s][A[A[A




[1A
[1Amodel-00003-of-00004.safetensors:  42%|████▏     | 1.62G/3.86G [01:53<02:40, 14.1MB/s][A[A[A[A


[1Amodel-00002-of-00004.safetensors:  42%|████▏     | 1.62G/3.86G [01:53<02:48, 13.3MB/s][A[A



[1A
[1Amodel-00001-of-00004.safetensors:  37%|███▋      | 1.48G/3.95G [01:53<03:15, 12.7MB/s][A[A[A




[1A
[1Amodel-00003-of-00004.safetensors:  42%|████▏     | 1.62G/3.86G [01:53<02:36, 14.4MB/s][A[A[A[A


[1A
[1Amodel-00002-of-00004.safetensors:  42%|████▏     | 1.62G/3.86G [01:53<02:44, 13.6MB/s][A[A



[1A
[1Amodel-00001-of-00004.safetensors:  37%|███▋      | 1.48G/3.95G [01:53<03:11, 12.9MB/s][A[A[A




[1A
[1Amodel-00003-of-00004.safetensors:  42%|████▏     | 1.62G/3.86G [01:53<02:31, 14.8MB/s][A[A[A[A


[1A
[1Amodel-00002-of-00004.safetensors:  42%|████▏     | 1.63G/3.86G [01:53<02:39, 14.0MB/s][A[A




[1A
[1Amodel-00003-of-00004.safetensors:  42%|████▏     | 1.62G/3.86G [01:53<02:27, 15.2MB/s][A[A[A[A



[1A
[1Amodel-00001-of-00004.safetensors:  38%|███▊      | 1.48G/3.95G [01:54<03:04, 13.3MB/s][A[A[A


[1Amodel-00002-of-00004.safetensors:  42%|████▏     | 1.63G/3.86G [01:53<02:35, 14.3MB/s][A[A




[1Amodel-00003-of-00004.safetensors:  42%|████▏     | 1.62G/3.86G [01:53<02:22, 15.7MB/s][A[A[A[A



[1Amodel-00001-of-00004.safetensors:  38%|███▊      | 1.48G/3.95G [01:54<02:58, 13.8MB/s][A[A[A


[1A
[1Amodel-00002-of-00004.safetensors:  42%|████▏     | 1.63G/3.86G [01:53<02:29, 14.9MB/s][A[A




[1Amodel-00003-of-00004.safetensors:  42%|████▏     | 1.63G/3.86G [01:53<02:34, 14.5MB/s][A[A[A[A



[1Amodel-00001-of-00004.safetensors:  38%|███▊      | 1.48G/3.95G [01:54<03:01, 13.6MB/s][A[A[A


[1Amodel-00002-of-00004.safetensors:  42%|████▏     | 1.63G/3.86G [01:54<02:36, 14.3MB/s][A[A



[1A
[1Amodel-00001-of-00004.safetensors:  38%|███▊      | 1.49G/3.95G [01:54<03:11, 12.8MB/s][A[A[A


[1A
[1Amodel-00002-of-00004.safetensors:  42%|████▏     | 1.63G/3.86G [01:54<02:45, 13.5MB/s][A[A




[1Amodel-00003-of-00004.safetensors:  42%|████▏     | 1.63G/3.86G [01:54<03:00, 12.4MB/s][A[A[A[A



[1A
[1Amodel-00001-of-00004.safetensors:  38%|███▊      | 1.49G/3.95G [01:54<03:15, 12.6MB/s][A[A[A


[1Amodel-00002-of-00004.safetensors:  42%|████▏     | 1.64G/3.86G [01:54<02:48, 13.2MB/s][A[A




[1Amodel-00003-of-00004.safetensors:  42%|████▏     | 1.63G/3.86G [01:54<03:13, 11.5MB/s][A[A[A[A


[1Amodel-00002-of-00004.safetensors:  42%|████▏     | 1.64G/3.86G [01:54<02:46, 13.4MB/s][A[A



[1A
[1Amodel-00001-of-00004.safetensors:  38%|███▊      | 1.49G/3.95G [01:54<03:15, 12.6MB/s][A[A[A




[1A
[1Amodel-00003-of-00004.safetensors:  42%|████▏     | 1.63G/3.86G [01:54<03:16, 11.3MB/s][A[A[A[A


[1Amodel-00002-of-00004.safetensors:  42%|████▏     | 1.64G/3.86G [01:54<02:44, 13.5MB/s][A[A



[1Amodel-00001-of-00004.safetensors:  38%|███▊      | 1.49G/3.95G [01:55<03:11, 12.8MB/s][A[A[A




[1Amodel-00003-of-00004.safetensors:  42%|████▏     | 1.63G/3.86G [01:54<03:16, 11.4MB/s][A[A[A[A


[1A
[1Amodel-00002-of-00004.safetensors:  43%|████▎     | 1.64G/3.86G [01:54<02:40, 13.9MB/s][A[A



[1A
[1Amodel-00001-of-00004.safetensors:  38%|███▊      | 1.49G/3.95G [01:55<03:07, 13.1MB/s][A[A[A


[1Amodel-00002-of-00004.safetensors:  43%|████▎     | 1.65G/3.86G [01:55<02:36, 14.2MB/s][A[A




[1Amodel-00003-of-00004.safetensors:  42%|████▏     | 1.64G/3.86G [01:54<03:10, 11.7MB/s][A[A[A[A



[1Amodel-00001-of-00004.safetensors:  38%|███▊      | 1.50G/3.95G [01:55<03:01, 13.5MB/s][A[A[A


[1Amodel-00002-of-00004.safetensors:  43%|████▎     | 1.65G/3.86G [01:55<02:30, 14.7MB/s][A[A



[1A
[1Amodel-00001-of-00004.safetensors:  38%|███▊      | 1.50G/3.95G [01:55<02:57, 13.8MB/s][A[A[A




[1A
[1Amodel-00003-of-00004.safetensors:  42%|████▏     | 1.64G/3.86G [01:55<03:04, 12.1MB/s][A[A[A[A


[1Amodel-00002-of-00004.safetensors:  43%|████▎     | 1.65G/3.86G [01:55<02:25, 15.3MB/s][A[A



[1Amodel-00001-of-00004.safetensors:  38%|███▊      | 1.50G/3.95G [01:55<02:51, 14.3MB/s][A[A[A




[1Amodel-00003-of-00004.safetensors:  42%|████▏     | 1.64G/3.86G [01:55<02:56, 12.6MB/s][A[A[A[A


[1Amodel-00002-of-00004.safetensors:  43%|████▎     | 1.65G/3.86G [01:55<02:20, 15.7MB/s][A[A



[1A
[1Amodel-00001-of-00004.safetensors:  38%|███▊      | 1.50G/3.95G [01:55<02:45, 14.7MB/s][A[A[A




[1Amodel-00003-of-00004.safetensors:  43%|████▎     | 1.64G/3.86G [01:55<02:49, 13.1MB/s][A[A[A[A


[1Amodel-00002-of-00004.safetensors:  43%|████▎     | 1.65G/3.86G [01:55<02:17, 16.1MB/s][A[A



[1A
[1Amodel-00001-of-00004.safetensors:  38%|███▊      | 1.50G/3.95G [01:55<02:39, 15.3MB/s][A[A[A




[1Amodel-00003-of-00004.safetensors:  43%|████▎     | 1.65G/3.86G [01:55<02:42, 13.6MB/s][A[A[A[A


[1A
[1Amodel-00002-of-00004.safetensors:  43%|████▎     | 1.66G/3.86G [01:55<02:12, 16.7MB/s][A[A



[1Amodel-00001-of-00004.safetensors:  38%|███▊      | 1.51G/3.95G [01:56<02:34, 15.8MB/s][A[A[A


[1Amodel-00002-of-00004.safetensors:  43%|████▎     | 1.66G/3.86G [01:55<02:08, 17.2MB/s][A[A




[1A
[1Amodel-00003-of-00004.safetensors:  43%|████▎     | 1.65G/3.86G [01:55<02:35, 14.2MB/s][A[A[A[A



[1Amodel-00001-of-00004.safetensors:  38%|███▊      | 1.51G/3.95G [01:56<02:36, 15.6MB/s][A[A[A


[1A
[1Amodel-00002-of-00004.safetensors:  43%|████▎     | 1.66G/3.86G [01:55<02:12, 16.6MB/s][A[A




[1A
[1Amodel-00003-of-00004.safetensors:  43%|████▎     | 1.65G/3.86G [01:55<02:42, 13.7MB/s][A[A[A[A



[1Amodel-00001-of-00004.safetensors:  38%|███▊      | 1.51G/3.95G [01:56<02:41, 15.1MB/s][A[A[A


[1Amodel-00002-of-00004.safetensors:  43%|████▎     | 1.66G/3.86G [01:56<02:21, 15.5MB/s][A[A




[1Amodel-00003-of-00004.safetensors:  43%|████▎     | 1.65G/3.86G [01:55<02:49, 13.1MB/s][A[A[A[A



[1Amodel-00001-of-00004.safetensors:  38%|███▊      | 1.51G/3.95G [01:56<02:48, 14.4MB/s][A[A[A


[1Amodel-00002-of-00004.safetensors:  43%|████▎     | 1.66G/3.86G [01:56<02:25, 15.1MB/s][A[A




[1A
[1Amodel-00003-of-00004.safetensors:  43%|████▎     | 1.65G/3.86G [01:56<02:50, 13.0MB/s][A[A[A[A



[1Amodel-00001-of-00004.safetensors:  38%|███▊      | 1.52G/3.95G [01:56<02:51, 14.2MB/s][A[A[A


[1A
[1Amodel-00002-of-00004.safetensors:  43%|████▎     | 1.67G/3.86G [01:56<02:25, 15.1MB/s][A[A




[1Amodel-00003-of-00004.safetensors:  43%|████▎     | 1.66G/3.86G [01:56<02:49, 13.0MB/s][A[A[A[A



[1Amodel-00001-of-00004.safetensors:  38%|███▊      | 1.52G/3.95G [01:56<02:50, 14.3MB/s][A[A[A


[1Amodel-00002-of-00004.safetensors:  43%|████▎     | 1.67G/3.86G [01:56<02:24, 15.1MB/s][A[A




[1Amodel-00003-of-00004.safetensors:  43%|████▎     | 1.66G/3.86G [01:56<02:45, 13.3MB/s][A[A[A[A



[1Amodel-00001-of-00004.safetensors:  39%|███▊      | 1.52G/3.95G [01:56<02:48, 14.4MB/s][A[A[A


[1Amodel-00002-of-00004.safetensors:  43%|████▎     | 1.67G/3.86G [01:56<02:22, 15.4MB/s][A[A




[1A
[1Amodel-00003-of-00004.safetensors:  43%|████▎     | 1.66G/3.86G [01:56<02:47, 13.2MB/s][A[A[A[A



[1A
[1Amodel-00001-of-00004.safetensors:  39%|███▊      | 1.52G/3.95G [01:57<02:54, 13.9MB/s][A[A[A


[1Amodel-00002-of-00004.safetensors:  43%|████▎     | 1.67G/3.86G [01:56<02:28, 14.8MB/s][A[A




[1A
[1Amodel-00003-of-00004.safetensors:  43%|████▎     | 1.66G/3.86G [01:56<02:57, 12.4MB/s][A[A[A[A


[1A
[1Amodel-00002-of-00004.safetensors:  43%|████▎     | 1.67G/3.86G [01:56<02:39, 13.7MB/s][A[A



[1Amodel-00001-of-00004.safetensors:  39%|███▊      | 1.52G/3.95G [01:57<03:05, 13.1MB/s][A[A[A


[1A
[1Amodel-00002-of-00004.safetensors:  43%|████▎     | 1.68G/3.86G [01:57<02:43, 13.4MB/s][A[A



[1A
[1Amodel-00001-of-00004.safetensors:  39%|███▊      | 1.53G/3.95G [01:57<03:10, 12.7MB/s][A[A[A




[1Amodel-00003-of-00004.safetensors:  43%|████▎     | 1.66G/3.86G [01:56<03:01, 12.1MB/s][A[A[A[A


[1A
[1Amodel-00002-of-00004.safetensors:  43%|████▎     | 1.68G/3.86G [01:57<02:43, 13.4MB/s][A[A



[1A
[1Amodel-00001-of-00004.safetensors:  39%|███▊      | 1.53G/3.95G [01:57<03:11, 12.6MB/s][A[A[A




[1A
[1Amodel-00003-of-00004.safetensors:  43%|████▎     | 1.67G/3.86G [01:57<03:00, 12.2MB/s][A[A[A[A


[1A
[1Amodel-00002-of-00004.safetensors:  43%|████▎     | 1.68G/3.86G [01:57<02:41, 13.5MB/s][A[A



[1A
[1Amodel-00001-of-00004.safetensors:  39%|███▉      | 1.53G/3.95G [01:57<03:07, 12.9MB/s][A[A[A




[1Amodel-00003-of-00004.safetensors:  43%|████▎     | 1.67G/3.86G [01:57<02:56, 12.4MB/s][A[A[A[A


[1Amodel-00002-of-00004.safetensors:  44%|████▎     | 1.68G/3.86G [01:57<02:37, 13.8MB/s][A[A



[1Amodel-00001-of-00004.safetensors:  39%|███▉      | 1.53G/3.95G [01:57<03:04, 13.1MB/s][A[A[A




[1Amodel-00003-of-00004.safetensors:  43%|████▎     | 1.67G/3.86G [01:57<02:51, 12.8MB/s][A[A[A[A


[1A
[1Amodel-00002-of-00004.safetensors:  44%|████▎     | 1.69G/3.86G [01:57<02:34, 14.1MB/s][A[A



[1Amodel-00001-of-00004.safetensors:  39%|███▉      | 1.53G/3.95G [01:58<02:59, 13.4MB/s][A[A[A




[1Amodel-00003-of-00004.safetensors:  43%|████▎     | 1.67G/3.86G [01:57<02:46, 13.1MB/s][A[A[A[A


[1A
[1Amodel-00002-of-00004.safetensors:  44%|████▎     | 1.69G/3.86G [01:57<02:28, 14.7MB/s][A[A



[1Amodel-00001-of-00004.safetensors:  39%|███▉      | 1.54G/3.95G [01:58<02:54, 13.8MB/s][A[A[A




[1Amodel-00003-of-00004.safetensors:  43%|████▎     | 1.67G/3.86G [01:57<02:37, 13.9MB/s][A[A[A[A


[1Amodel-00002-of-00004.safetensors:  44%|████▎     | 1.69G/3.86G [01:57<02:23, 15.2MB/s][A[A



[1Amodel-00001-of-00004.safetensors:  39%|███▉      | 1.54G/3.95G [01:58<02:48, 14.3MB/s][A[A[A




[1Amodel-00003-of-00004.safetensors:  43%|████▎     | 1.68G/3.86G [01:57<02:33, 14.3MB/s][A[A[A[A


[1Amodel-00002-of-00004.safetensors:  44%|████▍     | 1.69G/3.86G [01:58<02:19, 15.6MB/s][A[A



[1Amodel-00001-of-00004.safetensors:  39%|███▉      | 1.54G/3.95G [01:58<02:43, 14.7MB/s][A[A[A




[1Amodel-00003-of-00004.safetensors:  43%|████▎     | 1.68G/3.86G [01:57<02:27, 14.8MB/s][A[A[A[A


[1A
[1Amodel-00002-of-00004.safetensors:  44%|████▍     | 1.69G/3.86G [01:58<02:18, 15.7MB/s][A[A



[1Amodel-00001-of-00004.safetensors:  39%|███▉      | 1.54G/3.95G [01:58<02:49, 14.1MB/s][A[A[A




[1A
[1Amodel-00003-of-00004.safetensors:  43%|████▎     | 1.68G/3.86G [01:58<02:37, 13.9MB/s][A[A[A[A


[1Amodel-00002-of-00004.safetensors:  44%|████▍     | 1.70G/3.86G [01:58<02:28, 14.6MB/s][A[A



[1A
[1Amodel-00001-of-00004.safetensors:  39%|███▉      | 1.54G/3.95G [01:58<02:59, 13.4MB/s][A[A[A




[1A
[1Amodel-00003-of-00004.safetensors:  44%|████▎     | 1.68G/3.86G [01:58<02:43, 13.4MB/s][A[A[A[A


[1Amodel-00002-of-00004.safetensors:  44%|████▍     | 1.70G/3.86G [01:58<02:32, 14.2MB/s][A[A




[1A
[1Amodel-00003-of-00004.safetensors:  44%|████▎     | 1.69G/3.86G [01:58<02:43, 13.3MB/s][A[A[A[A



[1A
[1Amodel-00001-of-00004.safetensors:  39%|███▉      | 1.55G/3.95G [01:58<03:02, 13.1MB/s][A[A[A


[1Amodel-00002-of-00004.safetensors:  44%|████▍     | 1.70G/3.86G [01:58<02:34, 14.0MB/s][A[A




[1Amodel-00003-of-00004.safetensors:  44%|████▎     | 1.69G/3.86G [01:58<02:42, 13.4MB/s][A[A[A[A



[1Amodel-00001-of-00004.safetensors:  39%|███▉      | 1.55G/3.95G [01:59<03:01, 13.2MB/s][A[A[A


[1Amodel-00002-of-00004.safetensors:  44%|████▍     | 1.70G/3.86G [01:58<02:33, 14.1MB/s][A[A




[1Amodel-00003-of-00004.safetensors:  44%|████▎     | 1.69G/3.86G [01:58<02:38, 13.7MB/s][A[A[A[A



[1Amodel-00001-of-00004.safetensors:  39%|███▉      | 1.55G/3.95G [01:59<02:58, 13.4MB/s][A[A[A


[1A
[1Amodel-00002-of-00004.safetensors:  44%|████▍     | 1.70G/3.86G [01:58<02:30, 14.4MB/s][A[A




[1A
[1Amodel-00003-of-00004.safetensors:  44%|████▍     | 1.69G/3.86G [01:58<02:34, 14.1MB/s][A[A[A[A



[1Amodel-00001-of-00004.safetensors:  39%|███▉      | 1.55G/3.95G [01:59<02:53, 13.8MB/s][A[A[A


[1A
[1Amodel-00002-of-00004.safetensors:  44%|████▍     | 1.71G/3.86G [01:59<02:27, 14.6MB/s][A[A




[1A
[1Amodel-00003-of-00004.safetensors:  44%|████▍     | 1.69G/3.86G [01:59<02:30, 14.4MB/s][A[A[A[A


[1A
[1Amodel-00002-of-00004.safetensors:  44%|████▍     | 1.71G/3.86G [01:59<02:22, 15.1MB/s][A[A



[1Amodel-00001-of-00004.safetensors:  39%|███▉      | 1.56G/3.95G [01:59<02:50, 14.0MB/s][A[A[A




[1A
[1Amodel-00003-of-00004.safetensors:  44%|████▍     | 1.70G/3.86G [01:59<02:30, 14.4MB/s][A[A[A[A


[1A
[1Amodel-00002-of-00004.safetensors:  44%|████▍     | 1.71G/3.86G [01:59<02:26, 14.7MB/s][A[A



[1A
[1Amodel-00001-of-00004.safetensors:  39%|███▉      | 1.56G/3.95G [01:59<02:54, 13.7MB/s][A[A[A




[1A
[1Amodel-00003-of-00004.safetensors:  44%|████▍     | 1.70G/3.86G [01:59<02:40, 13.5MB/s][A[A[A[A


[1A
[1Amodel-00002-of-00004.safetensors:  44%|████▍     | 1.71G/3.86G [01:59<02:35, 13.9MB/s][A[A



[1A
[1Amodel-00001-of-00004.safetensors:  40%|███▉      | 1.56G/3.95G [01:59<03:03, 13.0MB/s][A[A[A




[1Amodel-00003-of-00004.safetensors:  44%|████▍     | 1.70G/3.86G [01:59<02:43, 13.2MB/s][A[A[A[A


[1A
[1Amodel-00002-of-00004.safetensors:  44%|████▍     | 1.71G/3.86G [01:59<02:39, 13.5MB/s][A[A



[1Amodel-00001-of-00004.safetensors:  40%|███▉      | 1.56G/3.95G [02:00<03:07, 12.7MB/s][A[A[A




[1A
[1Amodel-00003-of-00004.safetensors:  44%|████▍     | 1.70G/3.86G [01:59<02:44, 13.2MB/s][A[A[A[A


[1A
[1Amodel-00002-of-00004.safetensors:  44%|████▍     | 1.72G/3.86G [01:59<02:39, 13.5MB/s][A[A



[1Amodel-00001-of-00004.safetensors:  40%|███▉      | 1.56G/3.95G [02:00<03:07, 12.7MB/s][A[A[A




[1Amodel-00003-of-00004.safetensors:  44%|████▍     | 1.70G/3.86G [01:59<02:40, 13.4MB/s][A[A[A[A


[1A
[1Amodel-00002-of-00004.safetensors:  44%|████▍     | 1.72G/3.86G [02:00<02:36, 13.7MB/s][A[A



[1A
[1Amodel-00001-of-00004.safetensors:  40%|███▉      | 1.57G/3.95G [02:00<03:05, 12.9MB/s][A[A[A


[1A
[1Amodel-00002-of-00004.safetensors:  45%|████▍     | 1.72G/3.86G [02:00<02:33, 14.0MB/s][A[A




[1A
[1Amodel-00003-of-00004.safetensors:  44%|████▍     | 1.71G/3.86G [02:00<02:38, 13.6MB/s][A[A[A[A



[1Amodel-00001-of-00004.safetensors:  40%|███▉      | 1.57G/3.95G [02:00<03:01, 13.1MB/s][A[A[A


[1Amodel-00002-of-00004.safetensors:  45%|████▍     | 1.72G/3.86G [02:00<02:29, 14.3MB/s][A[A




[1Amodel-00003-of-00004.safetensors:  44%|████▍     | 1.71G/3.86G [02:00<02:33, 14.1MB/s][A[A[A[A



[1A
[1Amodel-00001-of-00004.safetensors:  40%|███▉      | 1.57G/3.95G [02:00<02:55, 13.5MB/s][A[A[A


[1Amodel-00002-of-00004.safetensors:  45%|████▍     | 1.72G/3.86G [02:00<02:24, 14.8MB/s][A[A




[1A
[1Amodel-00003-of-00004.safetensors:  44%|████▍     | 1.71G/3.86G [02:00<02:27, 14.6MB/s][A[A[A[A



[1A
[1Amodel-00001-of-00004.safetensors:  40%|███▉      | 1.57G/3.95G [02:00<02:50, 13.9MB/s][A[A[A


[1Amodel-00002-of-00004.safetensors:  45%|████▍     | 1.73G/3.86G [02:00<02:19, 15.3MB/s][A[A




[1A
[1Amodel-00003-of-00004.safetensors:  44%|████▍     | 1.71G/3.86G [02:00<02:22, 15.1MB/s][A[A[A[A



[1A
[1Amodel-00001-of-00004.safetensors:  40%|███▉      | 1.57G/3.95G [02:00<02:48, 14.1MB/s][A[A[A




[1A
[1Amodel-00003-of-00004.safetensors:  44%|████▍     | 1.71G/3.86G [02:00<02:25, 14.8MB/s][A[A[A[A


[1A
[1Amodel-00002-of-00004.safetensors:  45%|████▍     | 1.73G/3.86G [02:00<02:37, 13.5MB/s][A[A



[1Amodel-00001-of-00004.safetensors:  40%|███▉      | 1.58G/3.95G [02:01<03:00, 13.1MB/s][A[A[A




[1A
[1Amodel-00003-of-00004.safetensors:  44%|████▍     | 1.72G/3.86G [02:00<02:34, 13.9MB/s][A[A[A[A


[1A
[1Amodel-00002-of-00004.safetensors:  45%|████▍     | 1.73G/3.86G [02:00<03:02, 11.7MB/s][A[A



[1Amodel-00001-of-00004.safetensors:  40%|███▉      | 1.58G/3.95G [02:01<03:05, 12.8MB/s][A[A[A




[1A
[1Amodel-00003-of-00004.safetensors:  44%|████▍     | 1.72G/3.86G [02:00<02:37, 13.6MB/s][A[A[A[A



[1Amodel-00001-of-00004.safetensors:  40%|████      | 1.58G/3.95G [02:01<03:05, 12.7MB/s][A[A[A




[1A
[1Amodel-00003-of-00004.safetensors:  45%|████▍     | 1.72G/3.86G [02:01<02:37, 13.6MB/s][A[A[A[A


[1Amodel-00002-of-00004.safetensors:  45%|████▍     | 1.73G/3.86G [02:01<03:11, 11.1MB/s][A[A



[1A
[1Amodel-00001-of-00004.safetensors:  40%|████      | 1.58G/3.95G [02:01<03:03, 12.9MB/s][A[A[A




[1Amodel-00003-of-00004.safetensors:  45%|████▍     | 1.72G/3.86G [02:01<02:35, 13.8MB/s][A[A[A[A


[1Amodel-00002-of-00004.safetensors:  45%|████▍     | 1.74G/3.86G [02:01<03:14, 11.0MB/s][A[A




[1Amodel-00003-of-00004.safetensors:  45%|████▍     | 1.72G/3.86G [02:01<02:32, 14.1MB/s][A[A[A[A



[1A
[1Amodel-00001-of-00004.safetensors:  40%|████      | 1.58G/3.95G [02:01<02:59, 13.2MB/s][A[A[A


[1Amodel-00002-of-00004.safetensors:  45%|████▍     | 1.74G/3.86G [02:01<03:11, 11.1MB/s][A[A




[1Amodel-00003-of-00004.safetensors:  45%|████▍     | 1.73G/3.86G [02:01<02:27, 14.5MB/s][A[A[A[A



[1A
[1Amodel-00001-of-00004.safetensors:  40%|████      | 1.59G/3.95G [02:01<02:54, 13.6MB/s][A[A[A


[1Amodel-00002-of-00004.safetensors:  45%|████▌     | 1.74G/3.86G [02:01<03:05, 11.4MB/s][A[A




[1A
[1Amodel-00003-of-00004.safetensors:  45%|████▍     | 1.73G/3.86G [02:01<02:24, 14.8MB/s][A[A[A[A



[1Amodel-00001-of-00004.safetensors:  40%|████      | 1.59G/3.95G [02:02<02:49, 13.9MB/s][A[A[A




[1A
[1Amodel-00003-of-00004.safetensors:  45%|████▍     | 1.73G/3.86G [02:01<02:18, 15.4MB/s][A[A[A[A



[1A
[1Amodel-00001-of-00004.safetensors:  40%|████      | 1.59G/3.95G [02:02<02:43, 14.4MB/s][A[A[A


[1Amodel-00002-of-00004.safetensors:  45%|████▌     | 1.74G/3.86G [02:01<02:59, 11.9MB/s][A[A




[1Amodel-00003-of-00004.safetensors:  45%|████▍     | 1.73G/3.86G [02:01<02:13, 16.0MB/s][A[A[A[A



[1Amodel-00001-of-00004.safetensors:  40%|████      | 1.59G/3.95G [02:02<02:39, 14.8MB/s][A[A[A


[1Amodel-00002-of-00004.safetensors:  45%|████▌     | 1.74G/3.86G [02:02<02:51, 12.3MB/s][A[A




[1Amodel-00003-of-00004.safetensors:  45%|████▍     | 1.74G/3.86G [02:01<02:09, 16.4MB/s][A[A[A[A



[1A
[1Amodel-00001-of-00004.safetensors:  40%|████      | 1.59G/3.95G [02:02<02:33, 15.3MB/s][A[A[A


[1A
[1Amodel-00002-of-00004.safetensors:  45%|████▌     | 1.75G/3.86G [02:02<02:46, 12.7MB/s][A[A




[1A
[1Amodel-00003-of-00004.safetensors:  45%|████▍     | 1.74G/3.86G [02:02<02:06, 16.9MB/s][A[A[A[A



[1A
[1Amodel-00001-of-00004.safetensors:  40%|████      | 1.60G/3.95G [02:02<02:28, 15.8MB/s][A[A[A




[1A
[1Amodel-00003-of-00004.safetensors:  45%|████▌     | 1.74G/3.86G [02:02<02:01, 17.5MB/s][A[A[A[A


[1A
[1Amodel-00002-of-00004.safetensors:  45%|████▌     | 1.75G/3.86G [02:02<02:38, 13.4MB/s][A[A



[1Amodel-00001-of-00004.safetensors:  41%|████      | 1.60G/3.95G [02:02<02:23, 16.3MB/s][A[A[A




[1Amodel-00003-of-00004.safetensors:  45%|████▌     | 1.74G/3.86G [02:02<02:02, 17.3MB/s][A[A[A[A


[1Amodel-00002-of-00004.safetensors:  45%|████▌     | 1.75G/3.86G [02:02<02:38, 13.3MB/s][A[A



[1A
[1Amodel-00001-of-00004.safetensors:  41%|████      | 1.60G/3.95G [02:02<02:36, 15.0MB/s][A[A[A




[1A
[1Amodel-00003-of-00004.safetensors:  45%|████▌     | 1.74G/3.86G [02:02<02:11, 16.1MB/s][A[A[A[A


[1A
[1Amodel-00002-of-00004.safetensors:  45%|████▌     | 1.75G/3.86G [02:02<02:50, 12.4MB/s][A[A



[1Amodel-00001-of-00004.safetensors:  41%|████      | 1.60G/3.95G [02:03<02:41, 14.5MB/s][A[A[A




[1Amodel-00003-of-00004.safetensors:  45%|████▌     | 1.75G/3.86G [02:02<02:17, 15.4MB/s][A[A[A[A


[1Amodel-00002-of-00004.safetensors:  45%|████▌     | 1.75G/3.86G [02:02<02:50, 12.4MB/s][A[A



[1A
[1Amodel-00001-of-00004.safetensors:  41%|████      | 1.61G/3.95G [02:03<02:43, 14.3MB/s][A[A[A




[1Amodel-00003-of-00004.safetensors:  45%|████▌     | 1.75G/3.86G [02:02<02:15, 15.6MB/s][A[A[A[A



[1Amodel-00001-of-00004.safetensors:  41%|████      | 1.61G/3.95G [02:03<02:43, 14.3MB/s][A[A[A




[1Amodel-00003-of-00004.safetensors:  45%|████▌     | 1.75G/3.86G [02:02<02:16, 15.5MB/s][A[A[A[A


[1A
[1Amodel-00002-of-00004.safetensors:  45%|████▌     | 1.76G/3.86G [02:03<02:46, 12.7MB/s][A[A




[1A
[1Amodel-00003-of-00004.safetensors:  45%|████▌     | 1.75G/3.86G [02:03<02:13, 15.8MB/s][A[A[A[A



[1A
[1Amodel-00001-of-00004.safetensors:  41%|████      | 1.61G/3.95G [02:03<02:43, 14.3MB/s][A[A[A


[1A
[1Amodel-00002-of-00004.safetensors:  46%|████▌     | 1.76G/3.86G [02:03<02:43, 12.9MB/s][A[A




[1Amodel-00003-of-00004.safetensors:  45%|████▌     | 1.75G/3.86G [02:03<02:16, 15.5MB/s][A[A[A[A



[1A
[1Amodel-00001-of-00004.safetensors:  41%|████      | 1.61G/3.95G [02:03<02:48, 13.8MB/s][A[A[A


[1A
[1Amodel-00002-of-00004.safetensors:  46%|████▌     | 1.76G/3.86G [02:03<02:40, 13.1MB/s][A[A




[1A
[1Amodel-00003-of-00004.safetensors:  45%|████▌     | 1.76G/3.86G [02:03<02:27, 14.3MB/s][A[A[A[A


[1A
[1Amodel-00002-of-00004.safetensors:  46%|████▌     | 1.76G/3.86G [02:03<02:34, 13.6MB/s][A[A



[1Amodel-00001-of-00004.safetensors:  41%|████      | 1.61G/3.95G [02:03<03:00, 12.9MB/s][A[A[A


[1Amodel-00002-of-00004.safetensors:  46%|████▌     | 1.76G/3.86G [02:03<02:30, 14.0MB/s][A[A




[1A
[1Amodel-00003-of-00004.safetensors:  46%|████▌     | 1.76G/3.86G [02:03<02:32, 13.8MB/s][A[A[A[A



[1A
[1Amodel-00001-of-00004.safetensors:  41%|████      | 1.62G/3.95G [02:04<03:04, 12.6MB/s][A[A[A


[1A
[1Amodel-00002-of-00004.safetensors:  46%|████▌     | 1.77G/3.86G [02:03<02:25, 14.4MB/s][A[A




[1A
[1Amodel-00003-of-00004.safetensors:  46%|████▌     | 1.76G/3.86G [02:03<02:32, 13.8MB/s][A[A[A[A



[1A
[1Amodel-00001-of-00004.safetensors:  41%|████      | 1.62G/3.95G [02:04<03:04, 12.6MB/s][A[A[A


[1Amodel-00002-of-00004.safetensors:  46%|████▌     | 1.77G/3.86G [02:03<02:20, 14.9MB/s][A[A




[1Amodel-00003-of-00004.safetensors:  46%|████▌     | 1.76G/3.86G [02:03<02:31, 13.9MB/s][A[A[A[A


[1A
[1Amodel-00002-of-00004.safetensors:  46%|████▌     | 1.77G/3.86G [02:04<02:14, 15.6MB/s][A[A



[1A
[1Amodel-00001-of-00004.safetensors:  41%|████      | 1.62G/3.95G [02:04<03:01, 12.8MB/s][A[A[A




[1A
[1Amodel-00003-of-00004.safetensors:  46%|████▌     | 1.76G/3.86G [02:03<02:28, 14.2MB/s][A[A[A[A


[1A
[1Amodel-00002-of-00004.safetensors:  46%|████▌     | 1.77G/3.86G [02:04<02:11, 16.0MB/s][A[A



[1Amodel-00001-of-00004.safetensors:  41%|████      | 1.62G/3.95G [02:04<03:02, 12.7MB/s][A[A[A




[1A
[1Amodel-00003-of-00004.safetensors:  46%|████▌     | 1.77G/3.86G [02:04<02:32, 13.8MB/s][A[A[A[A


[1A
[1Amodel-00002-of-00004.safetensors:  46%|████▌     | 1.78G/3.86G [02:04<02:19, 15.0MB/s][A[A



[1A
[1Amodel-00001-of-00004.safetensors:  41%|████      | 1.62G/3.95G [02:04<03:14, 11.9MB/s][A[A[A




[1A
[1Amodel-00003-of-00004.safetensors:  46%|████▌     | 1.77G/3.86G [02:04<02:42, 12.9MB/s][A[A[A[A


[1A
[1Amodel-00002-of-00004.safetensors:  46%|████▌     | 1.78G/3.86G [02:04<02:25, 14.4MB/s][A[A



[1Amodel-00001-of-00004.safetensors:  41%|████      | 1.63G/3.95G [02:04<03:19, 11.6MB/s][A[A[A




[1A
[1Amodel-00003-of-00004.safetensors:  46%|████▌     | 1.77G/3.86G [02:04<02:45, 12.7MB/s][A[A[A[A


[1A
[1Amodel-00002-of-00004.safetensors:  46%|████▌     | 1.78G/3.86G [02:04<02:26, 14.2MB/s][A[A


[1Amodel-00002-of-00004.safetensors:  46%|████▌     | 1.78G/3.86G [02:04<02:26, 14.2MB/s][A[A



[1Amodel-00001-of-00004.safetensors:  41%|████▏     | 1.63G/3.95G [02:05<03:19, 11.6MB/s][A[A[A




[1Amodel-00003-of-00004.safetensors:  46%|████▌     | 1.77G/3.86G [02:04<02:44, 12.7MB/s][A[A[A[A


[1Amodel-00002-of-00004.safetensors:  46%|████▌     | 1.78G/3.86G [02:04<02:23, 14.5MB/s][A[A




[1A
[1Amodel-00003-of-00004.safetensors:  46%|████▌     | 1.78G/3.86G [02:04<02:41, 13.0MB/s][A[A[A[A



[1A
[1Amodel-00001-of-00004.safetensors:  41%|████▏     | 1.63G/3.95G [02:05<03:16, 11.8MB/s][A[A[A


[1Amodel-00002-of-00004.safetensors:  46%|████▌     | 1.79G/3.86G [02:05<02:21, 14.7MB/s][A[A




[1Amodel-00003-of-00004.safetensors:  46%|████▌     | 1.78G/3.86G [02:04<02:36, 13.3MB/s][A[A[A[A



[1Amodel-00001-of-00004.safetensors:  41%|████▏     | 1.63G/3.95G [02:05<03:11, 12.1MB/s][A[A[A


[1A
[1Amodel-00002-of-00004.safetensors:  46%|████▋     | 1.79G/3.86G [02:05<02:16, 15.2MB/s][A[A




[1A
[1Amodel-00003-of-00004.safetensors:  46%|████▌     | 1.78G/3.86G [02:05<02:32, 13.7MB/s][A[A[A[A



[1A
[1Amodel-00001-of-00004.safetensors:  41%|████▏     | 1.63G/3.95G [02:05<03:04, 12.6MB/s][A[A[A


[1A
[1Amodel-00002-of-00004.safetensors:  46%|████▋     | 1.79G/3.86G [02:05<02:13, 15.6MB/s][A[A




[1A
[1Amodel-00003-of-00004.safetensors:  46%|████▌     | 1.78G/3.86G [02:05<02:26, 14.2MB/s][A[A[A[A



[1A
[1Amodel-00001-of-00004.safetensors:  41%|████▏     | 1.64G/3.95G [02:05<02:59, 12.9MB/s][A[A[A


[1A
[1Amodel-00002-of-00004.safetensors:  46%|████▋     | 1.79G/3.86G [02:05<02:09, 16.1MB/s][A[A




[1A
[1Amodel-00003-of-00004.safetensors:  46%|████▌     | 1.78G/3.86G [02:05<02:22, 14.6MB/s][A[A[A[A


[1A
[1Amodel-00002-of-00004.safetensors:  46%|████▋     | 1.79G/3.86G [02:05<02:06, 16.4MB/s][A[A



[1Amodel-00001-of-00004.safetensors:  42%|████▏     | 1.64G/3.95G [02:05<02:51, 13.4MB/s][A[A[A




[1A
[1Amodel-00003-of-00004.safetensors:  46%|████▌     | 1.79G/3.86G [02:05<02:19, 14.9MB/s][A[A[A[A


[1Amodel-00002-of-00004.safetensors:  46%|████▋     | 1.80G/3.86G [02:05<02:06, 16.4MB/s][A[A



[1Amodel-00001-of-00004.safetensors:  42%|████▏     | 1.64G/3.95G [02:06<03:00, 12.8MB/s][A[A[A




[1A
[1Amodel-00003-of-00004.safetensors:  46%|████▋     | 1.79G/3.86G [02:05<02:26, 14.2MB/s][A[A[A[A


[1Amodel-00002-of-00004.safetensors:  47%|████▋     | 1.80G/3.86G [02:05<02:16, 15.2MB/s][A[A



[1A
[1Amodel-00001-of-00004.safetensors:  42%|████▏     | 1.64G/3.95G [02:06<03:07, 12.3MB/s][A[A[A




[1Amodel-00003-of-00004.safetensors:  46%|████▋     | 1.79G/3.86G [02:05<02:31, 13.7MB/s][A[A[A[A


[1Amodel-00002-of-00004.safetensors:  47%|████▋     | 1.80G/3.86G [02:05<02:20, 14.7MB/s][A[A



[1A
[1Amodel-00001-of-00004.safetensors:  42%|████▏     | 1.65G/3.95G [02:06<03:08, 12.2MB/s][A[A[A




[1Amodel-00003-of-00004.safetensors:  46%|████▋     | 1.79G/3.86G [02:05<02:32, 13.5MB/s][A[A[A[A


[1Amodel-00002-of-00004.safetensors:  47%|████▋     | 1.80G/3.86G [02:06<02:21, 14.5MB/s][A[A



[1A
[1Amodel-00001-of-00004.safetensors:  42%|████▏     | 1.65G/3.95G [02:06<03:06, 12.3MB/s][A[A[A




[1A
[1Amodel-00003-of-00004.safetensors:  46%|████▋     | 1.79G/3.86G [02:06<02:31, 13.7MB/s][A[A[A[A


[1A
[1Amodel-00002-of-00004.safetensors:  47%|████▋     | 1.80G/3.86G [02:06<02:20, 14.6MB/s][A[A


[1A
[1Amodel-00002-of-00004.safetensors:  47%|████▋     | 1.81G/3.86G [02:06<02:18, 14.9MB/s][A[A




[1Amodel-00003-of-00004.safetensors:  46%|████▋     | 1.80G/3.86G [02:06<02:28, 14.0MB/s][A[A[A[A



[1A
[1Amodel-00001-of-00004.safetensors:  42%|████▏     | 1.65G/3.95G [02:06<03:02, 12.6MB/s][A[A[A


[1A
[1Amodel-00002-of-00004.safetensors:  47%|████▋     | 1.81G/3.86G [02:06<02:16, 15.1MB/s][A[A




[1Amodel-00003-of-00004.safetensors:  47%|████▋     | 1.80G/3.86G [02:06<02:24, 14.3MB/s][A[A[A[A



[1Amodel-00001-of-00004.safetensors:  42%|████▏     | 1.65G/3.95G [02:06<02:57, 12.9MB/s][A[A[A


[1A
[1Amodel-00002-of-00004.safetensors:  47%|████▋     | 1.81G/3.86G [02:06<02:11, 15.6MB/s][A[A




[1A
[1Amodel-00003-of-00004.safetensors:  47%|████▋     | 1.80G/3.86G [02:06<02:19, 14.8MB/s][A[A[A[A



[1Amodel-00001-of-00004.safetensors:  42%|████▏     | 1.65G/3.95G [02:07<02:52, 13.3MB/s][A[A[A


[1A
[1Amodel-00002-of-00004.safetensors:  47%|████▋     | 1.81G/3.86G [02:06<02:15, 15.1MB/s][A[A




[1A
[1Amodel-00003-of-00004.safetensors:  47%|████▋     | 1.80G/3.86G [02:06<02:20, 14.7MB/s][A[A[A[A



[1A
[1Amodel-00001-of-00004.safetensors:  42%|████▏     | 1.66G/3.95G [02:07<02:54, 13.1MB/s][A[A[A




[1Amodel-00003-of-00004.safetensors:  47%|████▋     | 1.80G/3.86G [02:06<02:27, 13.9MB/s][A[A[A[A


[1Amodel-00002-of-00004.safetensors:  47%|████▋     | 1.82G/3.86G [02:07<03:07, 10.9MB/s][A[A




[1A
[1Amodel-00003-of-00004.safetensors:  47%|████▋     | 1.81G/3.86G [02:07<02:44, 12.5MB/s][A[A[A[A



[1Amodel-00001-of-00004.safetensors:  42%|████▏     | 1.66G/3.95G [02:07<03:45, 10.1MB/s][A[A[A


[1A
[1Amodel-00002-of-00004.safetensors:  47%|████▋     | 1.82G/3.86G [02:07<02:55, 11.6MB/s][A[A




[1A
[1Amodel-00003-of-00004.safetensors:  47%|████▋     | 1.81G/3.86G [02:07<02:28, 13.8MB/s][A[A[A[A



[1Amodel-00001-of-00004.safetensors:  42%|████▏     | 1.66G/3.95G [02:07<03:35, 10.6MB/s][A[A[A




[1A
[1Amodel-00003-of-00004.safetensors:  47%|████▋     | 1.81G/3.86G [02:07<02:17, 15.0MB/s][A[A[A[A


[1A
[1Amodel-00002-of-00004.safetensors:  47%|████▋     | 1.82G/3.86G [02:07<02:48, 12.2MB/s][A[A




[1A
[1Amodel-00003-of-00004.safetensors:  47%|████▋     | 1.81G/3.86G [02:07<02:06, 16.2MB/s][A[A[A[A



[1A
[1Amodel-00001-of-00004.safetensors:  42%|████▏     | 1.66G/3.95G [02:07<03:27, 11.0MB/s][A[A[A


[1A
[1Amodel-00002-of-00004.safetensors:  47%|████▋     | 1.82G/3.86G [02:07<02:39, 12.8MB/s][A[A




[1A
[1Amodel-00003-of-00004.safetensors:  47%|████▋     | 1.82G/3.86G [02:07<02:01, 16.9MB/s][A[A[A[A



[1Amodel-00001-of-00004.safetensors:  42%|████▏     | 1.66G/3.95G [02:08<03:17, 11.5MB/s][A[A[A


[1A
[1Amodel-00002-of-00004.safetensors:  47%|████▋     | 1.82G/3.86G [02:07<02:34, 13.3MB/s][A[A




[1A
[1Amodel-00003-of-00004.safetensors:  47%|████▋     | 1.82G/3.86G [02:07<01:54, 17.9MB/s][A[A[A[A




[1A
[1Amodel-00003-of-00004.safetensors:  47%|████▋     | 1.82G/3.86G [02:07<01:49, 18.6MB/s][A[A[A[A


[1A
[1Amodel-00002-of-00004.safetensors:  47%|████▋     | 1.83G/3.86G [02:07<02:27, 13.9MB/s][A[A



[1A
[1Amodel-00001-of-00004.safetensors:  42%|████▏     | 1.67G/3.95G [02:08<03:08, 12.1MB/s][A[A[A




[1A
[1Amodel-00003-of-00004.safetensors:  47%|████▋     | 1.82G/3.86G [02:07<01:46, 19.2MB/s][A[A[A[A


[1A
[1Amodel-00002-of-00004.safetensors:  47%|████▋     | 1.83G/3.86G [02:07<02:22, 14.3MB/s][A[A



[1A
[1Amodel-00001-of-00004.safetensors:  42%|████▏     | 1.67G/3.95G [02:08<03:02, 12.5MB/s][A[A[A




[1A
[1Amodel-00003-of-00004.safetensors:  47%|████▋     | 1.82G/3.86G [02:07<01:42, 19.9MB/s][A[A[A[A


[1A
[1Amodel-00002-of-00004.safetensors:  47%|████▋     | 1.83G/3.86G [02:08<02:16, 14.9MB/s][A[A



[1Amodel-00001-of-00004.safetensors:  42%|████▏     | 1.67G/3.95G [02:08<02:56, 12.9MB/s][A[A[A




[1A
[1Amodel-00003-of-00004.safetensors:  47%|████▋     | 1.83G/3.86G [02:08<01:47, 18.9MB/s][A[A[A[A


[1Amodel-00002-of-00004.safetensors:  47%|████▋     | 1.83G/3.86G [02:08<02:24, 14.1MB/s][A[A




[1Amodel-00003-of-00004.safetensors:  47%|████▋     | 1.83G/3.86G [02:08<01:54, 17.8MB/s][A[A[A[A



[1Amodel-00001-of-00004.safetensors:  42%|████▏     | 1.67G/3.95G [02:08<03:08, 12.1MB/s][A[A[A


[1Amodel-00002-of-00004.safetensors:  47%|████▋     | 1.83G/3.86G [02:08<02:31, 13.4MB/s][A[A




[1A
[1Amodel-00003-of-00004.safetensors:  47%|████▋     | 1.83G/3.86G [02:08<01:57, 17.4MB/s][A[A[A[A



[1A
[1Amodel-00001-of-00004.safetensors:  42%|████▏     | 1.67G/3.95G [02:08<03:11, 11.9MB/s][A[A[A




[1Amodel-00003-of-00004.safetensors:  47%|████▋     | 1.83G/3.86G [02:08<01:57, 17.2MB/s][A[A[A[A


[1Amodel-00002-of-00004.safetensors:  48%|████▊     | 1.84G/3.86G [02:08<02:32, 13.3MB/s][A[A



[1Amodel-00001-of-00004.safetensors:  42%|████▏     | 1.68G/3.95G [02:09<03:09, 12.0MB/s][A[A[A




[1A
[1Amodel-00003-of-00004.safetensors:  47%|████▋     | 1.84G/3.86G [02:08<01:58, 17.2MB/s][A[A[A[A


[1Amodel-00002-of-00004.safetensors:  48%|████▊     | 1.84G/3.86G [02:08<02:31, 13.4MB/s][A[A




[1Amodel-00003-of-00004.safetensors:  48%|████▊     | 1.84G/3.86G [02:08<01:56, 17.4MB/s][A[A[A[A



[1Amodel-00001-of-00004.safetensors:  43%|████▎     | 1.68G/3.95G [02:09<03:06, 12.1MB/s][A[A[A


[1A
[1Amodel-00002-of-00004.safetensors:  48%|████▊     | 1.84G/3.86G [02:08<02:27, 13.7MB/s][A[A




[1A
[1Amodel-00003-of-00004.safetensors:  48%|████▊     | 1.84G/3.86G [02:08<01:59, 16.9MB/s][A[A[A[A



[1Amodel-00001-of-00004.safetensors:  43%|████▎     | 1.68G/3.95G [02:09<03:13, 11.7MB/s][A[A[A


[1Amodel-00002-of-00004.safetensors:  48%|████▊     | 1.84G/3.86G [02:09<02:35, 13.0MB/s][A[A




[1Amodel-00003-of-00004.safetensors:  48%|████▊     | 1.84G/3.86G [02:08<02:04, 16.2MB/s][A[A[A[A




[1A
[1Amodel-00003-of-00004.safetensors:  48%|████▊     | 1.84G/3.86G [02:09<02:11, 15.4MB/s][A[A[A[A


[1Amodel-00002-of-00004.safetensors:  48%|████▊     | 1.84G/3.86G [02:09<02:43, 12.3MB/s][A[A



[1A
[1Amodel-00001-of-00004.safetensors:  43%|████▎     | 1.68G/3.95G [02:09<03:24, 11.1MB/s][A[A[A




[1Amodel-00003-of-00004.safetensors:  48%|████▊     | 1.85G/3.86G [02:09<02:14, 15.0MB/s][A[A[A[A


[1Amodel-00002-of-00004.safetensors:  48%|████▊     | 1.85G/3.86G [02:09<02:46, 12.1MB/s][A[A



[1A
[1Amodel-00001-of-00004.safetensors:  43%|████▎     | 1.69G/3.95G [02:09<03:24, 11.0MB/s][A[A[A




[1A
[1Amodel-00003-of-00004.safetensors:  48%|████▊     | 1.85G/3.86G [02:09<02:13, 15.1MB/s][A[A[A[A


[1Amodel-00002-of-00004.safetensors:  48%|████▊     | 1.85G/3.86G [02:09<02:44, 12.3MB/s][A[A



[1Amodel-00001-of-00004.safetensors:  43%|████▎     | 1.69G/3.95G [02:09<03:22, 11.1MB/s][A[A[A




[1A
[1Amodel-00003-of-00004.safetensors:  48%|████▊     | 1.85G/3.86G [02:09<02:11, 15.3MB/s][A[A[A[A


[1A
[1Amodel-00002-of-00004.safetensors:  48%|████▊     | 1.85G/3.86G [02:09<02:42, 12.4MB/s][A[A




[1A
[1Amodel-00003-of-00004.safetensors:  48%|████▊     | 1.85G/3.86G [02:09<02:09, 15.5MB/s][A[A[A[A



[1A
[1Amodel-00001-of-00004.safetensors:  43%|████▎     | 1.69G/3.95G [02:10<03:17, 11.4MB/s][A[A[A




[1A
[1Amodel-00003-of-00004.safetensors:  48%|████▊     | 1.85G/3.86G [02:09<02:06, 15.9MB/s][A[A[A[A


[1Amodel-00002-of-00004.safetensors:  48%|████▊     | 1.85G/3.86G [02:09<02:37, 12.8MB/s][A[A



[1Amodel-00001-of-00004.safetensors:  43%|████▎     | 1.69G/3.95G [02:10<03:11, 11.8MB/s][A[A[A




[1Amodel-00003-of-00004.safetensors:  48%|████▊     | 1.86G/3.86G [02:09<02:02, 16.3MB/s][A[A[A[A


[1Amodel-00002-of-00004.safetensors:  48%|████▊     | 1.85G/3.86G [02:10<02:31, 13.3MB/s][A[A



[1Amodel-00001-of-00004.safetensors:  43%|████▎     | 1.69G/3.95G [02:10<03:04, 12.2MB/s][A[A[A




[1Amodel-00003-of-00004.safetensors:  48%|████▊     | 1.86G/3.86G [02:10<02:00, 16.7MB/s][A[A[A[A


[1Amodel-00002-of-00004.safetensors:  48%|████▊     | 1.86G/3.86G [02:10<02:24, 13.9MB/s][A[A




[1Amodel-00003-of-00004.safetensors:  48%|████▊     | 1.86G/3.86G [02:10<01:56, 17.2MB/s][A[A[A[A



[1Amodel-00001-of-00004.safetensors:  43%|████▎     | 1.70G/3.95G [02:10<02:56, 12.7MB/s][A[A[A


[1A
[1Amodel-00002-of-00004.safetensors:  48%|████▊     | 1.86G/3.86G [02:10<02:20, 14.3MB/s][A[A




[1Amodel-00003-of-00004.safetensors:  48%|████▊     | 1.86G/3.86G [02:10<01:53, 17.6MB/s][A[A[A[A



[1Amodel-00001-of-00004.safetensors:  43%|████▎     | 1.70G/3.95G [02:10<02:50, 13.2MB/s][A[A[A


[1A
[1Amodel-00002-of-00004.safetensors:  48%|████▊     | 1.86G/3.86G [02:10<02:20, 14.3MB/s][A[A




[1A
[1Amodel-00003-of-00004.safetensors:  48%|████▊     | 1.86G/3.86G [02:10<02:00, 16.7MB/s][A[A[A[A



[1Amodel-00001-of-00004.safetensors:  43%|████▎     | 1.70G/3.95G [02:10<03:02, 12.3MB/s][A[A[A


[1Amodel-00002-of-00004.safetensors:  48%|████▊     | 1.86G/3.86G [02:10<02:29, 13.4MB/s][A[A




[1Amodel-00003-of-00004.safetensors:  48%|████▊     | 1.87G/3.86G [02:10<02:24, 13.8MB/s][A[A[A[A



[1Amodel-00001-of-00004.safetensors:  43%|████▎     | 1.70G/3.95G [02:11<03:07, 12.0MB/s][A[A[A


[1Amodel-00002-of-00004.safetensors:  48%|████▊     | 1.87G/3.86G [02:10<02:32, 13.1MB/s][A[A




[1Amodel-00003-of-00004.safetensors:  48%|████▊     | 1.87G/3.86G [02:10<02:35, 12.8MB/s][A[A[A[A


[1A
[1Amodel-00002-of-00004.safetensors:  48%|████▊     | 1.87G/3.86G [02:11<02:31, 13.1MB/s][A[A



[1A
[1Amodel-00001-of-00004.safetensors:  43%|████▎     | 1.70G/3.95G [02:11<03:08, 11.9MB/s][A[A[A




[1A
[1Amodel-00003-of-00004.safetensors:  48%|████▊     | 1.87G/3.86G [02:10<02:39, 12.5MB/s][A[A[A[A


[1Amodel-00002-of-00004.safetensors:  48%|████▊     | 1.87G/3.86G [02:11<02:29, 13.3MB/s][A[A



[1Amodel-00001-of-00004.safetensors:  43%|████▎     | 1.71G/3.95G [02:11<03:05, 12.1MB/s][A[A[A




[1A
[1Amodel-00003-of-00004.safetensors:  48%|████▊     | 1.87G/3.86G [02:11<02:39, 12.5MB/s][A[A[A[A


[1Amodel-00002-of-00004.safetensors:  48%|████▊     | 1.87G/3.86G [02:11<02:25, 13.7MB/s][A[A



[1A
[1Amodel-00001-of-00004.safetensors:  43%|████▎     | 1.71G/3.95G [02:11<02:59, 12.5MB/s][A[A[A


[1A
[1Amodel-00002-of-00004.safetensors:  48%|████▊     | 1.87G/3.86G [02:11<02:21, 14.0MB/s][A[A




[1A
[1Amodel-00003-of-00004.safetensors:  49%|████▊     | 1.87G/3.86G [02:11<02:36, 12.7MB/s][A[A[A[A



[1A
[1Amodel-00001-of-00004.safetensors:  43%|████▎     | 1.71G/3.95G [02:11<02:55, 12.7MB/s][A[A[A


[1A
[1Amodel-00002-of-00004.safetensors:  49%|████▊     | 1.88G/3.86G [02:11<02:17, 14.5MB/s][A[A




[1Amodel-00003-of-00004.safetensors:  49%|████▊     | 1.88G/3.86G [02:11<02:32, 13.1MB/s][A[A[A[A



[1A
[1Amodel-00001-of-00004.safetensors:  43%|████▎     | 1.71G/3.95G [02:11<02:49, 13.2MB/s][A[A[A


[1A
[1Amodel-00002-of-00004.safetensors:  49%|████▊     | 1.88G/3.86G [02:11<02:13, 14.9MB/s][A[A




[1Amodel-00003-of-00004.safetensors:  49%|████▊     | 1.88G/3.86G [02:11<02:28, 13.4MB/s][A[A[A[A



[1A
[1Amodel-00001-of-00004.safetensors:  43%|████▎     | 1.71G/3.95G [02:12<02:43, 13.7MB/s][A[A[A


[1Amodel-00002-of-00004.safetensors:  49%|████▊     | 1.88G/3.86G [02:11<02:08, 15.4MB/s][A[A




[1Amodel-00003-of-00004.safetensors:  49%|████▊     | 1.88G/3.86G [02:11<02:22, 13.9MB/s][A[A[A[A



[1Amodel-00001-of-00004.safetensors:  44%|████▎     | 1.72G/3.95G [02:12<02:38, 14.1MB/s][A[A[A


[1Amodel-00002-of-00004.safetensors:  49%|████▊     | 1.88G/3.86G [02:11<02:04, 15.9MB/s][A[A




[1Amodel-00003-of-00004.safetensors:  49%|████▊     | 1.88G/3.86G [02:11<02:17, 14.4MB/s][A[A[A[A



[1A
[1Amodel-00001-of-00004.safetensors:  44%|████▎     | 1.72G/3.95G [02:12<02:31, 14.7MB/s][A[A[A


[1Amodel-00002-of-00004.safetensors:  49%|████▉     | 1.88G/3.86G [02:12<02:01, 16.3MB/s][A[A




[1A
[1Amodel-00003-of-00004.safetensors:  49%|████▉     | 1.89G/3.86G [02:11<02:12, 14.9MB/s][A[A[A[A



[1A
[1Amodel-00001-of-00004.safetensors:  44%|████▎     | 1.72G/3.95G [02:12<02:27, 15.1MB/s][A[A[A


[1A
[1Amodel-00002-of-00004.safetensors:  49%|████▉     | 1.89G/3.86G [02:12<01:56, 17.0MB/s][A[A




[1Amodel-00003-of-00004.safetensors:  49%|████▉     | 1.89G/3.86G [02:12<02:17, 14.4MB/s][A[A[A[A


[1Amodel-00002-of-00004.safetensors:  49%|████▉     | 1.89G/3.86G [02:12<02:07, 15.6MB/s][A[A



[1Amodel-00001-of-00004.safetensors:  44%|████▎     | 1.72G/3.95G [02:12<02:39, 13.9MB/s][A[A[A




[1Amodel-00003-of-00004.safetensors:  49%|████▉     | 1.89G/3.86G [02:12<02:23, 13.7MB/s][A[A[A[A


[1A
[1Amodel-00002-of-00004.safetensors:  49%|████▉     | 1.89G/3.86G [02:12<02:11, 15.0MB/s][A[A



[1Amodel-00001-of-00004.safetensors:  44%|████▎     | 1.72G/3.95G [02:12<02:44, 13.5MB/s][A[A[A




[1A
[1Amodel-00003-of-00004.safetensors:  49%|████▉     | 1.89G/3.86G [02:12<02:26, 13.5MB/s][A[A[A[A


[1Amodel-00002-of-00004.safetensors:  49%|████▉     | 1.89G/3.86G [02:12<02:13, 14.8MB/s][A[A



[1Amodel-00001-of-00004.safetensors:  44%|████▍     | 1.73G/3.95G [02:13<02:45, 13.4MB/s][A[A[A




[1A
[1Amodel-00003-of-00004.safetensors:  49%|████▉     | 1.89G/3.86G [02:12<02:24, 13.7MB/s][A[A[A[A


[1A
[1Amodel-00002-of-00004.safetensors:  49%|████▉     | 1.89G/3.86G [02:12<02:12, 14.8MB/s][A[A



[1A
[1Amodel-00001-of-00004.safetensors:  44%|████▍     | 1.73G/3.95G [02:13<02:45, 13.4MB/s][A[A[A


[1A
[1Amodel-00002-of-00004.safetensors:  49%|████▉     | 1.90G/3.86G [02:12<02:11, 14.9MB/s][A[A




[1A
[1Amodel-00003-of-00004.safetensors:  49%|████▉     | 1.90G/3.86G [02:12<02:22, 13.9MB/s][A[A[A[A



[1A
[1Amodel-00001-of-00004.safetensors:  44%|████▍     | 1.73G/3.95G [02:13<02:42, 13.7MB/s][A[A[A


[1Amodel-00002-of-00004.safetensors:  49%|████▉     | 1.90G/3.86G [02:13<02:08, 15.2MB/s][A[A




[1A
[1Amodel-00003-of-00004.safetensors:  49%|████▉     | 1.90G/3.86G [02:12<02:18, 14.2MB/s][A[A[A[A



[1A
[1Amodel-00001-of-00004.safetensors:  44%|████▍     | 1.73G/3.95G [02:13<02:42, 13.6MB/s][A[A[A


[1A
[1Amodel-00002-of-00004.safetensors:  49%|████▉     | 1.90G/3.86G [02:13<02:10, 15.0MB/s][A[A




[1Amodel-00003-of-00004.safetensors:  49%|████▉     | 1.90G/3.86G [02:13<02:23, 13.7MB/s][A[A[A[A



[1Amodel-00001-of-00004.safetensors:  44%|████▍     | 1.74G/3.95G [02:13<02:50, 12.9MB/s][A[A[A


[1Amodel-00002-of-00004.safetensors:  49%|████▉     | 1.90G/3.86G [02:13<02:20, 14.0MB/s][A[A




[1Amodel-00003-of-00004.safetensors:  49%|████▉     | 1.90G/3.86G [02:13<02:31, 12.9MB/s][A[A[A[A



[1A
[1Amodel-00001-of-00004.safetensors:  44%|████▍     | 1.74G/3.95G [02:13<02:56, 12.5MB/s][A[A[A


[1A
[1Amodel-00002-of-00004.safetensors:  49%|████▉     | 1.91G/3.86G [02:13<02:23, 13.7MB/s][A[A




[1A
[1Amodel-00003-of-00004.safetensors:  49%|████▉     | 1.90G/3.86G [02:13<02:33, 12.7MB/s][A[A[A[A



[1Amodel-00001-of-00004.safetensors:  44%|████▍     | 1.74G/3.95G [02:14<02:57, 12.4MB/s][A[A[A


[1Amodel-00002-of-00004.safetensors:  49%|████▉     | 1.91G/3.86G [02:13<02:23, 13.6MB/s][A[A




[1A
[1Amodel-00003-of-00004.safetensors:  49%|████▉     | 1.91G/3.86G [02:13<02:32, 12.8MB/s][A[A[A[A



[1A
[1Amodel-00001-of-00004.safetensors:  44%|████▍     | 1.74G/3.95G [02:14<02:56, 12.5MB/s][A[A[A


[1A
[1Amodel-00002-of-00004.safetensors:  49%|████▉     | 1.91G/3.86G [02:13<02:23, 13.6MB/s][A[A




[1Amodel-00003-of-00004.safetensors:  49%|████▉     | 1.91G/3.86G [02:13<02:29, 13.1MB/s][A[A[A[A


[1Amodel-00002-of-00004.safetensors:  49%|████▉     | 1.91G/3.86G [02:13<02:18, 14.1MB/s][A[A



[1A
[1Amodel-00001-of-00004.safetensors:  44%|████▍     | 1.74G/3.95G [02:14<02:52, 12.7MB/s][A[A[A




[1A
[1Amodel-00003-of-00004.safetensors:  49%|████▉     | 1.91G/3.86G [02:13<02:25, 13.5MB/s][A[A[A[A


[1Amodel-00002-of-00004.safetensors:  50%|████▉     | 1.91G/3.86G [02:14<02:15, 14.4MB/s][A[A



[1Amodel-00001-of-00004.safetensors:  44%|████▍     | 1.75G/3.95G [02:14<02:47, 13.1MB/s][A[A[A




[1Amodel-00003-of-00004.safetensors:  49%|████▉     | 1.91G/3.86G [02:14<02:20, 13.9MB/s][A[A[A[A


[1A
[1Amodel-00002-of-00004.safetensors:  50%|████▉     | 1.92G/3.86G [02:14<02:11, 14.8MB/s][A[A



[1Amodel-00001-of-00004.safetensors:  44%|████▍     | 1.75G/3.95G [02:14<02:43, 13.5MB/s][A[A[A




[1A
[1Amodel-00003-of-00004.safetensors:  50%|████▉     | 1.91G/3.86G [02:14<02:16, 14.3MB/s][A[A[A[A


[1A
[1Amodel-00002-of-00004.safetensors:  50%|████▉     | 1.92G/3.86G [02:14<02:07, 15.3MB/s][A[A



[1A
[1Amodel-00001-of-00004.safetensors:  44%|████▍     | 1.75G/3.95G [02:14<02:38, 13.9MB/s][A[A[A




[1A
[1Amodel-00003-of-00004.safetensors:  50%|████▉     | 1.92G/3.86G [02:14<02:11, 14.8MB/s][A[A[A[A


[1A
[1Amodel-00002-of-00004.safetensors:  50%|████▉     | 1.92G/3.86G [02:14<02:03, 15.7MB/s][A[A



[1A
[1Amodel-00001-of-00004.safetensors:  44%|████▍     | 1.75G/3.95G [02:14<02:32, 14.4MB/s][A[A[A




[1A
[1Amodel-00003-of-00004.safetensors:  50%|████▉     | 1.92G/3.86G [02:14<02:06, 15.4MB/s][A[A[A[A


[1Amodel-00002-of-00004.safetensors:  50%|████▉     | 1.92G/3.86G [02:14<02:06, 15.4MB/s][A[A



[1Amodel-00001-of-00004.safetensors:  44%|████▍     | 1.75G/3.95G [02:15<02:41, 13.6MB/s][A[A[A




[1A
[1Amodel-00003-of-00004.safetensors:  50%|████▉     | 1.92G/3.86G [02:14<02:17, 14.2MB/s][A[A[A[A


[1A
[1Amodel-00002-of-00004.safetensors:  50%|████▉     | 1.92G/3.86G [02:14<02:14, 14.5MB/s][A[A



[1Amodel-00001-of-00004.safetensors:  45%|████▍     | 1.76G/3.95G [02:15<02:48, 13.0MB/s][A[A[A




[1A
[1Amodel-00003-of-00004.safetensors:  50%|████▉     | 1.92G/3.86G [02:14<02:22, 13.6MB/s][A[A[A[A


[1Amodel-00002-of-00004.safetensors:  50%|████▉     | 1.93G/3.86G [02:14<02:18, 14.0MB/s][A[A




[1A
[1Amodel-00003-of-00004.safetensors:  50%|████▉     | 1.93G/3.86G [02:14<02:21, 13.7MB/s][A[A[A[A



[1Amodel-00001-of-00004.safetensors:  45%|████▍     | 1.76G/3.95G [02:15<02:50, 12.8MB/s][A[A[A


[1Amodel-00002-of-00004.safetensors:  50%|████▉     | 1.93G/3.86G [02:15<02:18, 14.0MB/s][A[A




[1A
[1Amodel-00003-of-00004.safetensors:  50%|████▉     | 1.93G/3.86G [02:15<02:20, 13.7MB/s][A[A[A[A



[1Amodel-00001-of-00004.safetensors:  45%|████▍     | 1.76G/3.95G [02:15<02:49, 12.9MB/s][A[A[A


[1Amodel-00002-of-00004.safetensors:  50%|████▉     | 1.93G/3.86G [02:15<02:16, 14.1MB/s][A[A




[1Amodel-00003-of-00004.safetensors:  50%|████▉     | 1.93G/3.86G [02:15<02:17, 14.1MB/s][A[A[A[A



[1A
[1Amodel-00001-of-00004.safetensors:  45%|████▍     | 1.76G/3.95G [02:15<02:47, 13.1MB/s][A[A[A


[1Amodel-00002-of-00004.safetensors:  50%|█████     | 1.93G/3.86G [02:15<02:13, 14.5MB/s][A[A




[1A
[1Amodel-00003-of-00004.safetensors:  50%|████▉     | 1.93G/3.86G [02:15<02:14, 14.4MB/s][A[A[A[A



[1Amodel-00001-of-00004.safetensors:  45%|████▍     | 1.76G/3.95G [02:15<02:41, 13.5MB/s][A[A[A


[1Amodel-00002-of-00004.safetensors:  50%|█████     | 1.93G/3.86G [02:15<02:11, 14.7MB/s][A[A




[1A
[1Amodel-00003-of-00004.safetensors:  50%|█████     | 1.93G/3.86G [02:15<02:10, 14.8MB/s][A[A[A[A


[1A
[1Amodel-00002-of-00004.safetensors:  50%|█████     | 1.94G/3.86G [02:15<02:06, 15.2MB/s][A[A



[1Amodel-00001-of-00004.safetensors:  45%|████▍     | 1.77G/3.95G [02:16<02:37, 13.8MB/s][A[A[A




[1A
[1Amodel-00003-of-00004.safetensors:  50%|█████     | 1.94G/3.86G [02:15<02:10, 14.8MB/s][A[A[A[A


[1A
[1Amodel-00002-of-00004.safetensors:  50%|█████     | 1.94G/3.86G [02:15<02:15, 14.2MB/s][A[A



[1Amodel-00001-of-00004.safetensors:  45%|████▍     | 1.77G/3.95G [02:16<02:45, 13.1MB/s][A[A[A




[1Amodel-00003-of-00004.safetensors:  50%|█████     | 1.94G/3.86G [02:15<02:18, 13.9MB/s][A[A[A[A


[1A
[1Amodel-00002-of-00004.safetensors:  50%|█████     | 1.94G/3.86G [02:16<02:22, 13.5MB/s][A[A



[1A
[1Amodel-00001-of-00004.safetensors:  45%|████▍     | 1.77G/3.95G [02:16<02:53, 12.5MB/s][A[A[A




[1A
[1Amodel-00003-of-00004.safetensors:  50%|█████     | 1.94G/3.86G [02:15<02:22, 13.5MB/s][A[A[A[A


[1Amodel-00002-of-00004.safetensors:  50%|█████     | 1.94G/3.86G [02:16<02:24, 13.3MB/s][A[A



[1Amodel-00001-of-00004.safetensors:  45%|████▍     | 1.77G/3.95G [02:16<02:55, 12.4MB/s][A[A[A




[1A
[1Amodel-00003-of-00004.safetensors:  50%|█████     | 1.94G/3.86G [02:16<02:23, 13.4MB/s][A[A[A[A


[1Amodel-00002-of-00004.safetensors:  50%|█████     | 1.95G/3.86G [02:16<02:22, 13.5MB/s][A[A



[1A
[1Amodel-00001-of-00004.safetensors:  45%|████▍     | 1.78G/3.95G [02:16<02:54, 12.4MB/s][A[A[A




[1Amodel-00003-of-00004.safetensors:  50%|█████     | 1.94G/3.86G [02:16<02:21, 13.6MB/s][A[A[A[A


[1A
[1Amodel-00002-of-00004.safetensors:  50%|█████     | 1.95G/3.86G [02:16<02:21, 13.6MB/s][A[A



[1Amodel-00001-of-00004.safetensors:  45%|████▌     | 1.78G/3.95G [02:16<02:50, 12.7MB/s][A[A[A




[1Amodel-00003-of-00004.safetensors:  50%|█████     | 1.95G/3.86G [02:16<02:17, 14.0MB/s][A[A[A[A


[1A
[1Amodel-00002-of-00004.safetensors:  50%|█████     | 1.95G/3.86G [02:16<02:17, 14.0MB/s][A[A




[1A
[1Amodel-00003-of-00004.safetensors:  50%|█████     | 1.95G/3.86G [02:16<02:14, 14.3MB/s][A[A[A[A



[1A
[1Amodel-00001-of-00004.safetensors:  45%|████▌     | 1.78G/3.95G [02:17<02:46, 13.0MB/s][A[A[A


[1A
[1Amodel-00002-of-00004.safetensors:  50%|█████     | 1.95G/3.86G [02:16<02:12, 14.4MB/s][A[A




[1Amodel-00003-of-00004.safetensors:  50%|█████     | 1.95G/3.86G [02:16<02:10, 14.7MB/s][A[A[A[A



[1Amodel-00001-of-00004.safetensors:  45%|████▌     | 1.78G/3.95G [02:17<02:41, 13.4MB/s][A[A[A


[1Amodel-00002-of-00004.safetensors:  51%|█████     | 1.95G/3.86G [02:16<02:08, 14.9MB/s][A[A




[1Amodel-00003-of-00004.safetensors:  51%|█████     | 1.95G/3.86G [02:16<02:05, 15.2MB/s][A[A[A[A



[1A
[1Amodel-00001-of-00004.safetensors:  45%|████▌     | 1.78G/3.95G [02:17<02:36, 13.8MB/s][A[A[A


[1A
[1Amodel-00002-of-00004.safetensors:  51%|█████     | 1.96G/3.86G [02:17<02:05, 15.3MB/s][A[A




[1A
[1Amodel-00003-of-00004.safetensors:  51%|█████     | 1.95G/3.86G [02:16<02:03, 15.5MB/s][A[A[A[A



[1Amodel-00001-of-00004.safetensors:  45%|████▌     | 1.79G/3.95G [02:17<02:38, 13.6MB/s][A[A[A


[1A
[1Amodel-00002-of-00004.safetensors:  51%|█████     | 1.96G/3.86G [02:17<02:09, 14.7MB/s][A[A




[1A
[1Amodel-00003-of-00004.safetensors:  51%|█████     | 1.96G/3.86G [02:17<02:12, 14.4MB/s][A[A[A[A



[1Amodel-00001-of-00004.safetensors:  45%|████▌     | 1.79G/3.95G [02:17<02:47, 12.9MB/s][A[A[A


[1Amodel-00002-of-00004.safetensors:  51%|█████     | 1.96G/3.86G [02:17<02:16, 13.9MB/s][A[A




[1Amodel-00003-of-00004.safetensors:  51%|█████     | 1.96G/3.86G [02:17<02:15, 14.0MB/s][A[A[A[A


[1A
[1Amodel-00002-of-00004.safetensors:  51%|█████     | 1.96G/3.86G [02:17<02:18, 13.7MB/s][A[A



[1Amodel-00001-of-00004.safetensors:  45%|████▌     | 1.79G/3.95G [02:17<02:50, 12.6MB/s][A[A[A




[1A
[1Amodel-00003-of-00004.safetensors:  51%|█████     | 1.96G/3.86G [02:17<02:16, 14.0MB/s][A[A[A[A


[1A
[1Amodel-00002-of-00004.safetensors:  51%|█████     | 1.96G/3.86G [02:17<02:18, 13.7MB/s][A[A



[1Amodel-00001-of-00004.safetensors:  45%|████▌     | 1.79G/3.95G [02:17<02:49, 12.7MB/s][A[A[A




[1A
[1Amodel-00003-of-00004.safetensors:  51%|█████     | 1.96G/3.86G [02:17<02:15, 14.1MB/s][A[A[A[A


[1Amodel-00002-of-00004.safetensors:  51%|█████     | 1.97G/3.86G [02:17<02:16, 13.9MB/s][A[A



[1A
[1Amodel-00001-of-00004.safetensors:  45%|████▌     | 1.79G/3.95G [02:18<02:47, 12.8MB/s][A[A[A




[1Amodel-00003-of-00004.safetensors:  51%|█████     | 1.97G/3.86G [02:17<02:11, 14.4MB/s][A[A[A[A


[1Amodel-00002-of-00004.safetensors:  51%|█████     | 1.97G/3.86G [02:17<02:14, 14.1MB/s][A[A



[1A
[1Amodel-00001-of-00004.safetensors:  46%|████▌     | 1.80G/3.95G [02:18<02:46, 12.9MB/s][A[A[A




[1Amodel-00003-of-00004.safetensors:  51%|█████     | 1.97G/3.86G [02:17<02:10, 14.5MB/s][A[A[A[A


[1A
[1Amodel-00002-of-00004.safetensors:  51%|█████     | 1.97G/3.86G [02:18<02:11, 14.4MB/s][A[A




[1A
[1Amodel-00003-of-00004.safetensors:  51%|█████     | 1.97G/3.86G [02:17<02:05, 15.1MB/s][A[A[A[A



[1A
[1Amodel-00001-of-00004.safetensors:  46%|████▌     | 1.80G/3.95G [02:18<02:38, 13.5MB/s][A[A[A


[1A
[1Amodel-00002-of-00004.safetensors:  51%|█████     | 1.97G/3.86G [02:18<02:07, 14.8MB/s][A[A



[1Amodel-00001-of-00004.safetensors:  46%|████▌     | 1.80G/3.95G [02:18<02:34, 13.9MB/s][A[A[A




[1A
[1Amodel-00003-of-00004.safetensors:  51%|█████     | 1.97G/3.86G [02:18<02:07, 14.9MB/s][A[A[A[A


[1A
[1Amodel-00002-of-00004.safetensors:  51%|█████     | 1.97G/3.86G [02:18<02:17, 13.7MB/s][A[A



[1A
[1Amodel-00001-of-00004.safetensors:  46%|████▌     | 1.80G/3.95G [02:18<02:29, 14.4MB/s][A[A[A




[1A
[1Amodel-00003-of-00004.safetensors:  51%|█████     | 1.97G/3.86G [02:18<02:14, 14.0MB/s][A[A[A[A



[1Amodel-00001-of-00004.safetensors:  46%|████▌     | 1.80G/3.95G [02:18<02:24, 14.8MB/s][A[A[A


[1A
[1Amodel-00002-of-00004.safetensors:  51%|█████     | 1.98G/3.86G [02:18<02:21, 13.3MB/s][A[A




[1Amodel-00003-of-00004.safetensors:  51%|█████     | 1.98G/3.86G [02:18<02:18, 13.7MB/s][A[A[A[A



[1A
[1Amodel-00001-of-00004.safetensors:  46%|████▌     | 1.81G/3.95G [02:18<02:19, 15.3MB/s][A[A[A


[1Amodel-00002-of-00004.safetensors:  51%|█████     | 1.98G/3.86G [02:18<02:27, 12.8MB/s][A[A




[1A
[1Amodel-00003-of-00004.safetensors:  51%|█████     | 1.98G/3.86G [02:18<02:17, 13.7MB/s][A[A[A[A



[1A
[1Amodel-00001-of-00004.safetensors:  46%|████▌     | 1.81G/3.95G [02:19<02:15, 15.8MB/s][A[A[A



[1A
[1Amodel-00001-of-00004.safetensors:  46%|████▌     | 1.81G/3.95G [02:19<02:10, 16.3MB/s][A[A[A




[1Amodel-00003-of-00004.safetensors:  51%|█████     | 1.98G/3.86G [02:18<02:16, 13.8MB/s][A[A[A[A


[1A
[1Amodel-00002-of-00004.safetensors:  51%|█████▏    | 1.98G/3.86G [02:18<02:40, 11.8MB/s][A[A



[1A
[1Amodel-00001-of-00004.safetensors:  46%|████▌     | 1.81G/3.95G [02:19<02:07, 16.7MB/s][A[A[A




[1Amodel-00003-of-00004.safetensors:  51%|█████▏    | 1.98G/3.86G [02:18<02:13, 14.1MB/s][A[A[A[A


[1A
[1Amodel-00002-of-00004.safetensors:  51%|█████▏    | 1.98G/3.86G [02:19<02:52, 10.9MB/s][A[A



[1A
[1Amodel-00001-of-00004.safetensors:  46%|████▌     | 1.82G/3.95G [02:19<02:17, 15.5MB/s][A[A[A




[1A
[1Amodel-00003-of-00004.safetensors:  51%|█████▏    | 1.98G/3.86G [02:19<02:20, 13.4MB/s][A[A[A[A



[1Amodel-00001-of-00004.safetensors:  46%|████▌     | 1.82G/3.95G [02:19<02:42, 13.1MB/s][A[A[A




[1A
[1Amodel-00003-of-00004.safetensors:  51%|█████▏    | 1.99G/3.86G [02:19<02:26, 12.8MB/s][A[A[A[A


[1A
[1Amodel-00002-of-00004.safetensors:  51%|█████▏    | 1.98G/3.86G [02:19<03:09, 9.94MB/s][A[A


[1A
[1Amodel-00002-of-00004.safetensors:  51%|█████▏    | 1.99G/3.86G [02:19<03:12, 9.74MB/s][A[A




[1A
[1Amodel-00003-of-00004.safetensors:  51%|█████▏    | 1.99G/3.86G [02:19<02:27, 12.7MB/s][A[A[A[A



[1A
[1Amodel-00001-of-00004.safetensors:  46%|████▌     | 1.82G/3.95G [02:19<02:55, 12.1MB/s][A[A[A


[1Amodel-00002-of-00004.safetensors:  51%|█████▏    | 1.99G/3.86G [02:19<03:13, 9.69MB/s][A[A




[1A
[1Amodel-00003-of-00004.safetensors:  51%|█████▏    | 1.99G/3.86G [02:19<02:27, 12.7MB/s][A[A[A[A


[1A
[1Amodel-00002-of-00004.safetensors:  51%|█████▏    | 1.99G/3.86G [02:19<03:12, 9.75MB/s][A[A



[1Amodel-00001-of-00004.safetensors:  46%|████▌     | 1.82G/3.95G [02:20<03:01, 11.7MB/s][A[A[A


[1A
[1Amodel-00002-of-00004.safetensors:  51%|█████▏    | 1.99G/3.86G [02:19<03:10, 9.87MB/s][A[A




[1Amodel-00003-of-00004.safetensors:  52%|█████▏    | 1.99G/3.86G [02:19<02:23, 13.1MB/s][A[A[A[A



[1A
[1Amodel-00001-of-00004.safetensors:  46%|████▌     | 1.82G/3.95G [02:20<03:00, 11.8MB/s][A[A[A




[1A
[1Amodel-00003-of-00004.safetensors:  52%|█████▏    | 1.99G/3.86G [02:19<02:19, 13.4MB/s][A[A[A[A


[1A
[1Amodel-00002-of-00004.safetensors:  52%|█████▏    | 1.99G/3.86G [02:20<03:02, 10.3MB/s][A[A



[1A
[1Amodel-00001-of-00004.safetensors:  46%|████▋     | 1.83G/3.95G [02:20<02:56, 12.0MB/s][A[A[A




[1Amodel-00003-of-00004.safetensors:  52%|█████▏    | 2.00G/3.86G [02:20<02:14, 13.9MB/s][A[A[A[A


[1A
[1Amodel-00002-of-00004.safetensors:  52%|█████▏    | 1.99G/3.86G [02:20<02:54, 10.7MB/s][A[A



[1Amodel-00001-of-00004.safetensors:  46%|████▋     | 1.83G/3.95G [02:20<02:52, 12.3MB/s][A[A[A




[1A
[1Amodel-00003-of-00004.safetensors:  52%|█████▏    | 2.00G/3.86G [02:20<02:10, 14.3MB/s][A[A[A[A


[1A
[1Amodel-00002-of-00004.safetensors:  52%|█████▏    | 2.00G/3.86G [02:20<02:45, 11.3MB/s][A[A




[1A
[1Amodel-00003-of-00004.safetensors:  52%|█████▏    | 2.00G/3.86G [02:20<02:05, 14.8MB/s][A[A[A[A



[1A
[1Amodel-00001-of-00004.safetensors:  46%|████▋     | 1.83G/3.95G [02:20<02:47, 12.7MB/s][A[A[A




[1A
[1Amodel-00003-of-00004.safetensors:  52%|█████▏    | 2.00G/3.86G [02:20<02:01, 15.3MB/s][A[A[A[A


[1A
[1Amodel-00002-of-00004.safetensors:  52%|█████▏    | 2.00G/3.86G [02:20<02:37, 11.8MB/s][A[A



[1Amodel-00001-of-00004.safetensors:  46%|████▋     | 1.83G/3.95G [02:20<02:40, 13.2MB/s][A[A[A




[1Amodel-00003-of-00004.safetensors:  52%|█████▏    | 2.00G/3.86G [02:20<01:56, 16.0MB/s][A[A[A[A


[1Amodel-00002-of-00004.safetensors:  52%|█████▏    | 2.00G/3.86G [02:20<02:30, 12.4MB/s][A[A



[1A
[1Amodel-00001-of-00004.safetensors:  46%|████▋     | 1.83G/3.95G [02:21<02:35, 13.6MB/s][A[A[A




[1Amodel-00003-of-00004.safetensors:  52%|█████▏    | 2.01G/3.86G [02:20<01:54, 16.3MB/s][A[A[A[A


[1Amodel-00002-of-00004.safetensors:  52%|█████▏    | 2.00G/3.86G [02:20<02:24, 12.9MB/s][A[A



[1Amodel-00001-of-00004.safetensors:  47%|████▋     | 1.84G/3.95G [02:21<02:29, 14.1MB/s][A[A[A




[1A
[1Amodel-00003-of-00004.safetensors:  52%|█████▏    | 2.01G/3.86G [02:20<01:50, 16.9MB/s][A[A[A[A


[1A
[1Amodel-00002-of-00004.safetensors:  52%|█████▏    | 2.00G/3.86G [02:21<02:17, 13.5MB/s][A[A



[1Amodel-00001-of-00004.safetensors:  47%|████▋     | 1.84G/3.95G [02:21<02:24, 14.6MB/s][A[A[A




[1A
[1Amodel-00003-of-00004.safetensors:  52%|█████▏    | 2.01G/3.86G [02:20<01:46, 17.4MB/s][A[A[A[A




[1Amodel-00003-of-00004.safetensors:  52%|█████▏    | 2.01G/3.86G [02:20<01:42, 18.1MB/s][A[A[A[A



[1Amodel-00001-of-00004.safetensors:  47%|████▋     | 1.84G/3.95G [02:21<02:19, 15.1MB/s][A[A[A


[1Amodel-00002-of-00004.safetensors:  52%|█████▏    | 2.01G/3.86G [02:21<02:12, 14.0MB/s][A[A




[1Amodel-00003-of-00004.safetensors:  52%|█████▏    | 2.02G/3.86G [02:21<01:40, 18.5MB/s][A[A[A[A



[1A
[1Amodel-00001-of-00004.safetensors:  47%|████▋     | 1.84G/3.95G [02:21<02:15, 15.6MB/s][A[A[A


[1Amodel-00002-of-00004.safetensors:  52%|█████▏    | 2.01G/3.86G [02:21<02:06, 14.7MB/s][A[A




[1A
[1Amodel-00003-of-00004.safetensors:  52%|█████▏    | 2.02G/3.86G [02:21<01:36, 19.0MB/s][A[A[A[A



[1Amodel-00001-of-00004.safetensors:  47%|████▋     | 1.84G/3.95G [02:21<02:09, 16.2MB/s][A[A[A


[1Amodel-00002-of-00004.safetensors:  52%|█████▏    | 2.01G/3.86G [02:21<02:01, 15.3MB/s][A[A




[1A
[1Amodel-00003-of-00004.safetensors:  52%|█████▏    | 2.02G/3.86G [02:21<01:39, 18.5MB/s][A[A[A[A



[1A
[1Amodel-00001-of-00004.safetensors:  47%|████▋     | 1.85G/3.95G [02:21<02:13, 15.7MB/s][A[A[A


[1Amodel-00002-of-00004.safetensors:  52%|█████▏    | 2.01G/3.86G [02:21<02:04, 14.9MB/s][A[A




[1Amodel-00003-of-00004.safetensors:  52%|█████▏    | 2.02G/3.86G [02:21<01:43, 17.8MB/s][A[A[A[A



[1Amodel-00001-of-00004.safetensors:  47%|████▋     | 1.85G/3.95G [02:22<02:21, 14.8MB/s][A[A[A


[1A
[1Amodel-00002-of-00004.safetensors:  52%|█████▏    | 2.01G/3.86G [02:21<02:11, 14.1MB/s][A[A




[1Amodel-00003-of-00004.safetensors:  52%|█████▏    | 2.02G/3.86G [02:21<01:48, 16.9MB/s][A[A[A[A



[1A
[1Amodel-00001-of-00004.safetensors:  47%|████▋     | 1.85G/3.95G [02:22<02:26, 14.3MB/s][A[A[A




[1A
[1Amodel-00003-of-00004.safetensors:  52%|█████▏    | 2.03G/3.86G [02:21<01:51, 16.5MB/s][A[A[A[A


[1Amodel-00002-of-00004.safetensors:  52%|█████▏    | 2.02G/3.86G [02:21<02:13, 13.8MB/s][A[A




[1Amodel-00003-of-00004.safetensors:  52%|█████▏    | 2.03G/3.86G [02:21<01:51, 16.5MB/s][A[A[A[A



[1A
[1Amodel-00001-of-00004.safetensors:  47%|████▋     | 1.85G/3.95G [02:22<02:32, 13.7MB/s][A[A[A


[1A
[1Amodel-00002-of-00004.safetensors:  52%|█████▏    | 2.02G/3.86G [02:22<02:21, 13.1MB/s][A[A




[1A
[1Amodel-00003-of-00004.safetensors:  53%|█████▎    | 2.03G/3.86G [02:21<01:49, 16.7MB/s][A[A[A[A



[1A
[1Amodel-00001-of-00004.safetensors:  47%|████▋     | 1.85G/3.95G [02:22<02:46, 12.5MB/s][A[A[A




[1A
[1Amodel-00003-of-00004.safetensors:  53%|█████▎    | 2.03G/3.86G [02:22<01:48, 16.9MB/s][A[A[A[A


[1Amodel-00002-of-00004.safetensors:  52%|█████▏    | 2.02G/3.86G [02:22<02:32, 12.1MB/s][A[A




[1A
[1Amodel-00003-of-00004.safetensors:  53%|█████▎    | 2.03G/3.86G [02:22<01:46, 17.3MB/s][A[A[A[A



[1A
[1Amodel-00001-of-00004.safetensors:  47%|████▋     | 1.86G/3.95G [02:22<02:54, 12.0MB/s][A[A[A


[1A
[1Amodel-00002-of-00004.safetensors:  52%|█████▏    | 2.02G/3.86G [02:22<02:35, 11.8MB/s][A[A




[1Amodel-00003-of-00004.safetensors:  53%|█████▎    | 2.04G/3.86G [02:22<01:43, 17.6MB/s][A[A[A[A




[1A
[1Amodel-00003-of-00004.safetensors:  53%|█████▎    | 2.04G/3.86G [02:22<01:41, 18.0MB/s][A[A[A[A



[1A
[1Amodel-00001-of-00004.safetensors:  47%|████▋     | 1.86G/3.95G [02:22<02:54, 12.0MB/s][A[A[A


[1A
[1Amodel-00002-of-00004.safetensors:  52%|█████▏    | 2.02G/3.86G [02:22<02:34, 11.9MB/s][A[A




[1A
[1Amodel-00003-of-00004.safetensors:  53%|█████▎    | 2.04G/3.86G [02:22<01:39, 18.3MB/s][A[A[A[A



[1Amodel-00001-of-00004.safetensors:  47%|████▋     | 1.86G/3.95G [02:23<02:51, 12.2MB/s][A[A[A


[1Amodel-00002-of-00004.safetensors:  52%|█████▏    | 2.03G/3.86G [02:22<02:32, 12.1MB/s][A[A




[1A
[1Amodel-00003-of-00004.safetensors:  53%|█████▎    | 2.04G/3.86G [02:22<01:36, 18.8MB/s][A[A[A[A




[1A
[1Amodel-00003-of-00004.safetensors:  53%|█████▎    | 2.04G/3.86G [02:22<01:36, 18.8MB/s][A[A[A[A



[1Amodel-00001-of-00004.safetensors:  47%|████▋     | 1.86G/3.95G [02:23<02:51, 12.1MB/s][A[A[A


[1Amodel-00002-of-00004.safetensors:  53%|█████▎    | 2.03G/3.86G [02:22<02:37, 11.7MB/s][A[A




[1Amodel-00003-of-00004.safetensors:  53%|█████▎    | 2.05G/3.86G [02:22<01:45, 17.3MB/s][A[A[A[A



[1Amodel-00001-of-00004.safetensors:  47%|████▋     | 1.87G/3.95G [02:23<03:05, 11.2MB/s][A[A[A




[1Amodel-00003-of-00004.safetensors:  53%|█████▎    | 2.05G/3.86G [02:23<01:49, 16.6MB/s][A[A[A[A


[1Amodel-00002-of-00004.safetensors:  53%|█████▎    | 2.03G/3.86G [02:23<02:46, 11.0MB/s][A[A




[1A
[1Amodel-00003-of-00004.safetensors:  53%|█████▎    | 2.05G/3.86G [02:23<01:50, 16.3MB/s][A[A[A[A



[1A
[1Amodel-00001-of-00004.safetensors:  47%|████▋     | 1.87G/3.95G [02:23<03:09, 11.0MB/s][A[A[A


[1Amodel-00002-of-00004.safetensors:  53%|█████▎    | 2.03G/3.86G [02:23<02:47, 11.0MB/s][A[A




[1Amodel-00003-of-00004.safetensors:  53%|█████▎    | 2.05G/3.86G [02:23<01:51, 16.3MB/s][A[A[A[A



[1A
[1Amodel-00001-of-00004.safetensors:  47%|████▋     | 1.87G/3.95G [02:23<03:07, 11.1MB/s][A[A[A


[1Amodel-00002-of-00004.safetensors:  53%|█████▎    | 2.04G/3.86G [02:23<02:44, 11.1MB/s][A[A




[1A
[1Amodel-00003-of-00004.safetensors:  53%|█████▎    | 2.06G/3.86G [02:23<01:49, 16.5MB/s][A[A[A[A




[1Amodel-00003-of-00004.safetensors:  53%|█████▎    | 2.06G/3.86G [02:23<01:48, 16.7MB/s][A[A[A[A



[1A
[1Amodel-00001-of-00004.safetensors:  47%|████▋     | 1.87G/3.95G [02:24<03:02, 11.3MB/s][A[A[A


[1A
[1Amodel-00002-of-00004.safetensors:  53%|█████▎    | 2.04G/3.86G [02:23<02:39, 11.4MB/s][A[A




[1A
[1Amodel-00003-of-00004.safetensors:  53%|█████▎    | 2.06G/3.86G [02:23<01:45, 17.1MB/s][A[A[A[A



[1A
[1Amodel-00001-of-00004.safetensors:  47%|████▋     | 1.87G/3.95G [02:24<02:57, 11.7MB/s][A[A[A


[1Amodel-00002-of-00004.safetensors:  53%|█████▎    | 2.04G/3.86G [02:23<02:34, 11.8MB/s][A[A




[1A
[1Amodel-00003-of-00004.safetensors:  53%|█████▎    | 2.06G/3.86G [02:23<01:43, 17.4MB/s][A[A[A[A



[1A
[1Amodel-00001-of-00004.safetensors:  48%|████▊     | 1.88G/3.95G [02:24<02:51, 12.1MB/s][A[A[A




[1A
[1Amodel-00003-of-00004.safetensors:  53%|█████▎    | 2.06G/3.86G [02:23<01:40, 17.9MB/s][A[A[A[A


[1A
[1Amodel-00002-of-00004.safetensors:  53%|█████▎    | 2.04G/3.86G [02:24<02:27, 12.3MB/s][A[A




[1A
[1Amodel-00003-of-00004.safetensors:  53%|█████▎    | 2.07G/3.86G [02:23<01:38, 18.2MB/s][A[A[A[A



[1Amodel-00001-of-00004.safetensors:  48%|████▊     | 1.88G/3.95G [02:24<02:45, 12.5MB/s][A[A[A


[1Amodel-00002-of-00004.safetensors:  53%|█████▎    | 2.04G/3.86G [02:24<02:22, 12.7MB/s][A[A




[1A
[1Amodel-00003-of-00004.safetensors:  54%|█████▎    | 2.07G/3.86G [02:24<01:35, 18.8MB/s][A[A[A[A



[1Amodel-00001-of-00004.safetensors:  48%|████▊     | 1.88G/3.95G [02:24<02:37, 13.1MB/s][A[A[A


[1Amodel-00002-of-00004.safetensors:  53%|█████▎    | 2.05G/3.86G [02:24<02:15, 13.4MB/s][A[A




[1Amodel-00003-of-00004.safetensors:  54%|█████▎    | 2.07G/3.86G [02:24<01:32, 19.3MB/s][A[A[A[A




[1Amodel-00003-of-00004.safetensors:  54%|█████▎    | 2.07G/3.86G [02:24<01:39, 18.0MB/s][A[A[A[A



[1Amodel-00001-of-00004.safetensors:  48%|████▊     | 1.88G/3.95G [02:24<02:44, 12.5MB/s][A[A[A


[1A
[1Amodel-00002-of-00004.safetensors:  53%|█████▎    | 2.05G/3.86G [02:24<02:21, 12.9MB/s][A[A




[1A
[1Amodel-00003-of-00004.safetensors:  54%|█████▎    | 2.07G/3.86G [02:24<01:45, 17.0MB/s][A[A[A[A



[1A
[1Amodel-00001-of-00004.safetensors:  48%|████▊     | 1.88G/3.95G [02:25<02:51, 12.0MB/s][A[A[A


[1A
[1Amodel-00002-of-00004.safetensors:  53%|█████▎    | 2.05G/3.86G [02:24<02:27, 12.3MB/s][A[A




[1Amodel-00003-of-00004.safetensors:  54%|█████▎    | 2.08G/3.86G [02:24<01:48, 16.6MB/s][A[A[A[A



[1Amodel-00001-of-00004.safetensors:  48%|████▊     | 1.89G/3.95G [02:25<02:52, 11.9MB/s][A[A[A


[1A
[1Amodel-00002-of-00004.safetensors:  53%|█████▎    | 2.05G/3.86G [02:24<02:26, 12.3MB/s][A[A




[1A
[1Amodel-00003-of-00004.safetensors:  54%|█████▍    | 2.08G/3.86G [02:24<01:49, 16.3MB/s][A[A[A[A




[1A
[1Amodel-00003-of-00004.safetensors:  54%|█████▍    | 2.08G/3.86G [02:24<01:47, 16.6MB/s][A[A[A[A



[1Amodel-00001-of-00004.safetensors:  48%|████▊     | 1.89G/3.95G [02:25<02:49, 12.1MB/s][A[A[A


[1Amodel-00002-of-00004.safetensors:  53%|█████▎    | 2.05G/3.86G [02:25<02:25, 12.5MB/s][A[A




[1Amodel-00003-of-00004.safetensors:  54%|█████▍    | 2.08G/3.86G [02:24<01:46, 16.7MB/s][A[A[A[A


[1Amodel-00002-of-00004.safetensors:  53%|█████▎    | 2.06G/3.86G [02:25<02:22, 12.7MB/s][A[A



[1A
[1Amodel-00001-of-00004.safetensors:  48%|████▊     | 1.89G/3.95G [02:25<02:46, 12.4MB/s][A[A[A




[1A
[1Amodel-00003-of-00004.safetensors:  54%|█████▍    | 2.08G/3.86G [02:25<01:44, 17.0MB/s][A[A[A[A


[1A
[1Amodel-00002-of-00004.safetensors:  53%|█████▎    | 2.06G/3.86G [02:25<02:16, 13.2MB/s][A[A



[1Amodel-00001-of-00004.safetensors:  48%|████▊     | 1.89G/3.95G [02:25<02:42, 12.7MB/s][A[A[A




[1Amodel-00003-of-00004.safetensors:  54%|█████▍    | 2.09G/3.86G [02:25<01:41, 17.4MB/s][A[A[A[A




[1A
[1Amodel-00003-of-00004.safetensors:  54%|█████▍    | 2.09G/3.86G [02:25<01:42, 17.3MB/s][A[A[A[A


[1Amodel-00002-of-00004.safetensors:  53%|█████▎    | 2.06G/3.86G [02:25<02:18, 13.0MB/s][A[A



[1A
[1Amodel-00001-of-00004.safetensors:  48%|████▊     | 1.89G/3.95G [02:25<02:43, 12.6MB/s][A[A[A




[1A
[1Amodel-00003-of-00004.safetensors:  54%|█████▍    | 2.09G/3.86G [02:25<01:51, 15.9MB/s][A[A[A[A


[1A
[1Amodel-00002-of-00004.safetensors:  53%|█████▎    | 2.06G/3.86G [02:25<02:27, 12.2MB/s][A[A



[1Amodel-00001-of-00004.safetensors:  48%|████▊     | 1.90G/3.95G [02:26<02:53, 11.8MB/s][A[A[A




[1Amodel-00003-of-00004.safetensors:  54%|█████▍    | 2.09G/3.86G [02:25<01:55, 15.4MB/s][A[A[A[A


[1A
[1Amodel-00002-of-00004.safetensors:  53%|█████▎    | 2.06G/3.86G [02:25<02:29, 12.0MB/s][A[A



[1A
[1Amodel-00001-of-00004.safetensors:  48%|████▊     | 1.90G/3.95G [02:26<02:56, 11.6MB/s][A[A[A




[1Amodel-00003-of-00004.safetensors:  54%|█████▍    | 2.10G/3.86G [02:25<01:56, 15.2MB/s][A[A[A[A


[1A
[1Amodel-00002-of-00004.safetensors:  53%|█████▎    | 2.07G/3.86G [02:26<02:28, 12.1MB/s][A[A




[1A
[1Amodel-00003-of-00004.safetensors:  54%|█████▍    | 2.10G/3.86G [02:25<01:54, 15.4MB/s][A[A[A[A



[1A
[1Amodel-00001-of-00004.safetensors:  48%|████▊     | 1.90G/3.95G [02:26<02:54, 11.7MB/s][A[A[A




[1Amodel-00003-of-00004.safetensors:  54%|█████▍    | 2.10G/3.86G [02:26<01:54, 15.4MB/s][A[A[A[A


[1A
[1Amodel-00002-of-00004.safetensors:  54%|█████▎    | 2.07G/3.86G [02:26<02:25, 12.3MB/s][A[A



[1A
[1Amodel-00001-of-00004.safetensors:  48%|████▊     | 1.90G/3.95G [02:26<02:50, 12.0MB/s][A[A[A




[1A
[1Amodel-00003-of-00004.safetensors:  54%|█████▍    | 2.10G/3.86G [02:26<01:51, 15.8MB/s][A[A[A[A


[1A
[1Amodel-00002-of-00004.safetensors:  54%|█████▎    | 2.07G/3.86G [02:26<02:21, 12.7MB/s][A[A



[1Amodel-00001-of-00004.safetensors:  48%|████▊     | 1.91G/3.95G [02:26<02:45, 12.3MB/s][A[A[A




[1Amodel-00003-of-00004.safetensors:  54%|█████▍    | 2.10G/3.86G [02:26<01:49, 16.1MB/s][A[A[A[A


[1A
[1Amodel-00002-of-00004.safetensors:  54%|█████▎    | 2.07G/3.86G [02:26<02:16, 13.1MB/s][A[A




[1Amodel-00003-of-00004.safetensors:  54%|█████▍    | 2.11G/3.86G [02:26<01:46, 16.6MB/s][A[A[A[A



[1Amodel-00001-of-00004.safetensors:  48%|████▊     | 1.91G/3.95G [02:26<02:40, 12.7MB/s][A[A[A


[1Amodel-00002-of-00004.safetensors:  54%|█████▎    | 2.08G/3.86G [02:26<02:11, 13.6MB/s][A[A




[1A
[1Amodel-00003-of-00004.safetensors:  55%|█████▍    | 2.11G/3.86G [02:26<01:43, 17.0MB/s][A[A[A[A



[1Amodel-00001-of-00004.safetensors:  48%|████▊     | 1.91G/3.95G [02:27<02:34, 13.2MB/s][A[A[A




[1Amodel-00003-of-00004.safetensors:  55%|█████▍    | 2.11G/3.86G [02:26<01:40, 17.5MB/s][A[A[A[A


[1A
[1Amodel-00002-of-00004.safetensors:  54%|█████▎    | 2.08G/3.86G [02:26<02:06, 14.1MB/s][A[A



[1Amodel-00001-of-00004.safetensors:  48%|████▊     | 1.91G/3.95G [02:27<02:33, 13.2MB/s][A[A[A




[1Amodel-00003-of-00004.safetensors:  55%|█████▍    | 2.11G/3.86G [02:26<01:46, 16.5MB/s][A[A[A[A


[1A
[1Amodel-00002-of-00004.safetensors:  54%|█████▍    | 2.08G/3.86G [02:26<02:14, 13.3MB/s][A[A



[1A
[1Amodel-00001-of-00004.safetensors:  49%|████▊     | 1.91G/3.95G [02:27<02:42, 12.5MB/s][A[A[A




[1Amodel-00003-of-00004.safetensors:  55%|█████▍    | 2.11G/3.86G [02:26<01:51, 15.7MB/s][A[A[A[A


[1Amodel-00002-of-00004.safetensors:  54%|█████▍    | 2.08G/3.86G [02:27<02:19, 12.8MB/s][A[A




[1Amodel-00003-of-00004.safetensors:  55%|█████▍    | 2.12G/3.86G [02:27<01:54, 15.3MB/s][A[A[A[A



[1Amodel-00001-of-00004.safetensors:  49%|████▊     | 1.92G/3.95G [02:27<02:45, 12.2MB/s][A[A[A


[1A
[1Amodel-00002-of-00004.safetensors:  54%|█████▍    | 2.08G/3.86G [02:27<02:19, 12.7MB/s][A[A




[1Amodel-00003-of-00004.safetensors:  55%|█████▍    | 2.12G/3.86G [02:27<01:54, 15.2MB/s][A[A[A[A



[1Amodel-00001-of-00004.safetensors:  49%|████▊     | 1.92G/3.95G [02:27<02:46, 12.2MB/s][A[A[A


[1A
[1Amodel-00002-of-00004.safetensors:  54%|█████▍    | 2.09G/3.86G [02:27<02:18, 12.9MB/s][A[A




[1Amodel-00003-of-00004.safetensors:  55%|█████▍    | 2.12G/3.86G [02:27<01:53, 15.4MB/s][A[A[A[A



[1Amodel-00001-of-00004.safetensors:  49%|████▊     | 1.92G/3.95G [02:27<02:42, 12.4MB/s][A[A[A


[1Amodel-00002-of-00004.safetensors:  54%|█████▍    | 2.09G/3.86G [02:27<02:15, 13.2MB/s][A[A




[1Amodel-00003-of-00004.safetensors:  55%|█████▍    | 2.12G/3.86G [02:27<01:51, 15.6MB/s][A[A[A[A



[1A
[1Amodel-00001-of-00004.safetensors:  49%|████▊     | 1.92G/3.95G [02:28<02:39, 12.7MB/s][A[A[A




[1Amodel-00003-of-00004.safetensors:  55%|█████▍    | 2.12G/3.86G [02:27<01:48, 16.0MB/s][A[A[A[A


[1Amodel-00002-of-00004.safetensors:  54%|█████▍    | 2.09G/3.86G [02:27<02:11, 13.5MB/s][A[A



[1A
[1Amodel-00001-of-00004.safetensors:  49%|████▉     | 1.92G/3.95G [02:28<02:34, 13.1MB/s][A[A[A




[1A
[1Amodel-00003-of-00004.safetensors:  55%|█████▌    | 2.13G/3.86G [02:27<01:47, 16.2MB/s][A[A[A[A


[1Amodel-00002-of-00004.safetensors:  54%|█████▍    | 2.09G/3.86G [02:27<02:07, 13.9MB/s][A[A




[1Amodel-00003-of-00004.safetensors:  55%|█████▌    | 2.13G/3.86G [02:27<01:43, 16.7MB/s][A[A[A[A



[1A
[1Amodel-00001-of-00004.safetensors:  49%|████▉     | 1.93G/3.95G [02:28<02:29, 13.5MB/s][A[A[A


[1Amodel-00002-of-00004.safetensors:  54%|█████▍    | 2.09G/3.86G [02:28<02:05, 14.1MB/s][A[A




[1Amodel-00003-of-00004.safetensors:  55%|█████▌    | 2.13G/3.86G [02:28<01:51, 15.6MB/s][A[A[A[A



[1Amodel-00001-of-00004.safetensors:  49%|████▉     | 1.93G/3.95G [02:28<02:43, 12.3MB/s][A[A[A


[1Amodel-00002-of-00004.safetensors:  54%|█████▍    | 2.10G/3.86G [02:28<02:14, 13.1MB/s][A[A




[1Amodel-00003-of-00004.safetensors:  55%|█████▌    | 2.13G/3.86G [02:28<01:56, 14.9MB/s][A[A[A[A



[1A
[1Amodel-00001-of-00004.safetensors:  49%|████▉     | 1.93G/3.95G [02:28<02:47, 12.0MB/s][A[A[A


[1Amodel-00002-of-00004.safetensors:  54%|█████▍    | 2.10G/3.86G [02:28<02:18, 12.8MB/s][A[A




[1Amodel-00003-of-00004.safetensors:  55%|█████▌    | 2.13G/3.86G [02:28<01:58, 14.6MB/s][A[A[A[A


[1Amodel-00002-of-00004.safetensors:  54%|█████▍    | 2.10G/3.86G [02:28<02:18, 12.8MB/s][A[A



[1A
[1Amodel-00001-of-00004.safetensors:  49%|████▉     | 1.93G/3.95G [02:28<02:47, 12.0MB/s][A[A[A




[1A
[1Amodel-00003-of-00004.safetensors:  55%|█████▌    | 2.14G/3.86G [02:28<01:58, 14.6MB/s][A[A[A[A


[1Amodel-00002-of-00004.safetensors:  54%|█████▍    | 2.10G/3.86G [02:28<02:15, 13.0MB/s][A[A




[1A
[1Amodel-00003-of-00004.safetensors:  55%|█████▌    | 2.14G/3.86G [02:28<01:56, 14.8MB/s][A[A[A[A



[1A
[1Amodel-00001-of-00004.safetensors:  49%|████▉     | 1.93G/3.95G [02:29<02:44, 12.3MB/s][A[A[A




[1Amodel-00003-of-00004.safetensors:  55%|█████▌    | 2.14G/3.86G [02:28<01:54, 15.1MB/s][A[A[A[A


[1A
[1Amodel-00002-of-00004.safetensors:  54%|█████▍    | 2.10G/3.86G [02:28<02:13, 13.2MB/s][A[A



[1Amodel-00001-of-00004.safetensors:  49%|████▉     | 1.94G/3.95G [02:29<02:40, 12.5MB/s][A[A[A




[1Amodel-00003-of-00004.safetensors:  55%|█████▌    | 2.14G/3.86G [02:28<01:50, 15.5MB/s][A[A[A[A


[1Amodel-00002-of-00004.safetensors:  55%|█████▍    | 2.11G/3.86G [02:29<02:08, 13.7MB/s][A[A



[1Amodel-00001-of-00004.safetensors:  49%|████▉     | 1.94G/3.95G [02:29<02:35, 12.9MB/s][A[A[A




[1Amodel-00003-of-00004.safetensors:  56%|█████▌    | 2.15G/3.86G [02:28<01:47, 15.9MB/s][A[A[A[A


[1Amodel-00002-of-00004.safetensors:  55%|█████▍    | 2.11G/3.86G [02:29<02:04, 14.1MB/s][A[A



[1Amodel-00001-of-00004.safetensors:  49%|████▉     | 1.94G/3.95G [02:29<02:30, 13.3MB/s][A[A[A




[1Amodel-00003-of-00004.safetensors:  56%|█████▌    | 2.15G/3.86G [02:29<01:44, 16.4MB/s][A[A[A[A


[1Amodel-00002-of-00004.safetensors:  55%|█████▍    | 2.11G/3.86G [02:29<01:59, 14.7MB/s][A[A



[1A
[1Amodel-00001-of-00004.safetensors:  49%|████▉     | 1.94G/3.95G [02:29<02:30, 13.3MB/s][A[A[A




[1Amodel-00003-of-00004.safetensors:  56%|█████▌    | 2.15G/3.86G [02:29<01:43, 16.6MB/s][A[A[A[A


[1A
[1Amodel-00002-of-00004.safetensors:  55%|█████▍    | 2.11G/3.86G [02:29<02:17, 12.7MB/s][A[A




[1A
[1Amodel-00003-of-00004.safetensors:  56%|█████▌    | 2.15G/3.86G [02:29<01:51, 15.4MB/s][A[A[A[A



[1Amodel-00001-of-00004.safetensors:  49%|████▉     | 1.95G/3.95G [02:29<02:39, 12.5MB/s][A[A[A




[1A
[1Amodel-00003-of-00004.safetensors:  56%|█████▌    | 2.15G/3.86G [02:29<01:55, 14.8MB/s][A[A[A[A



[1A
[1Amodel-00001-of-00004.safetensors:  49%|████▉     | 1.95G/3.95G [02:30<02:44, 12.1MB/s][A[A[A


[1Amodel-00002-of-00004.safetensors:  55%|█████▍    | 2.11G/3.86G [02:29<02:35, 11.3MB/s][A[A




[1A
[1Amodel-00003-of-00004.safetensors:  56%|█████▌    | 2.16G/3.86G [02:29<01:56, 14.7MB/s][A[A[A[A



[1Amodel-00001-of-00004.safetensors:  49%|████▉     | 1.95G/3.95G [02:30<02:42, 12.2MB/s][A[A[A


[1Amodel-00002-of-00004.safetensors:  55%|█████▍    | 2.12G/3.86G [02:29<02:41, 10.8MB/s][A[A




[1A
[1Amodel-00003-of-00004.safetensors:  56%|█████▌    | 2.16G/3.86G [02:29<01:55, 14.8MB/s][A[A[A[A



[1A
[1Amodel-00001-of-00004.safetensors:  49%|████▉     | 1.95G/3.95G [02:30<02:39, 12.5MB/s][A[A[A




[1Amodel-00003-of-00004.safetensors:  56%|█████▌    | 2.16G/3.86G [02:29<01:53, 15.1MB/s][A[A[A[A


[1Amodel-00002-of-00004.safetensors:  55%|█████▍    | 2.12G/3.86G [02:30<02:41, 10.8MB/s][A[A



[1A
[1Amodel-00001-of-00004.safetensors:  50%|████▉     | 1.95G/3.95G [02:30<02:36, 12.8MB/s][A[A[A




[1A
[1Amodel-00003-of-00004.safetensors:  56%|█████▌    | 2.16G/3.86G [02:30<01:51, 15.3MB/s][A[A[A[A


[1Amodel-00002-of-00004.safetensors:  55%|█████▍    | 2.12G/3.86G [02:30<02:38, 11.0MB/s][A[A




[1Amodel-00003-of-00004.safetensors:  56%|█████▌    | 2.16G/3.86G [02:30<01:48, 15.6MB/s][A[A[A[A



[1A
[1Amodel-00001-of-00004.safetensors:  50%|████▉     | 1.96G/3.95G [02:30<02:30, 13.2MB/s][A[A[A




[1A
[1Amodel-00003-of-00004.safetensors:  56%|█████▌    | 2.17G/3.86G [02:30<01:44, 16.3MB/s][A[A[A[A


[1A
[1Amodel-00002-of-00004.safetensors:  55%|█████▍    | 2.12G/3.86G [02:30<02:33, 11.4MB/s][A[A



[1Amodel-00001-of-00004.safetensors:  50%|████▉     | 1.96G/3.95G [02:30<02:26, 13.5MB/s][A[A[A




[1Amodel-00003-of-00004.safetensors:  56%|█████▌    | 2.17G/3.86G [02:30<01:42, 16.6MB/s][A[A[A[A



[1A
[1Amodel-00001-of-00004.safetensors:  50%|████▉     | 1.96G/3.95G [02:30<02:21, 14.1MB/s][A[A[A


[1Amodel-00002-of-00004.safetensors:  55%|█████▍    | 2.13G/3.86G [02:30<02:27, 11.8MB/s][A[A




[1Amodel-00003-of-00004.safetensors:  56%|█████▌    | 2.17G/3.86G [02:30<01:38, 17.1MB/s][A[A[A[A



[1Amodel-00001-of-00004.safetensors:  50%|████▉     | 1.96G/3.95G [02:31<02:15, 14.6MB/s][A[A[A




[1Amodel-00003-of-00004.safetensors:  56%|█████▌    | 2.17G/3.86G [02:30<01:36, 17.6MB/s][A[A[A[A


[1Amodel-00002-of-00004.safetensors:  55%|█████▌    | 2.13G/3.86G [02:30<02:21, 12.3MB/s][A[A



[1A
[1Amodel-00001-of-00004.safetensors:  50%|████▉     | 1.96G/3.95G [02:31<02:11, 15.0MB/s][A[A[A




[1A
[1Amodel-00003-of-00004.safetensors:  56%|█████▋    | 2.17G/3.86G [02:30<01:33, 18.0MB/s][A[A[A[A


[1Amodel-00002-of-00004.safetensors:  55%|█████▌    | 2.13G/3.86G [02:30<02:15, 12.8MB/s][A[A




[1Amodel-00003-of-00004.safetensors:  56%|█████▋    | 2.18G/3.86G [02:30<01:31, 18.4MB/s][A[A[A[A



[1Amodel-00001-of-00004.safetensors:  50%|████▉     | 1.97G/3.95G [02:31<02:07, 15.5MB/s][A[A[A


[1A
[1Amodel-00002-of-00004.safetensors:  55%|█████▌    | 2.13G/3.86G [02:31<02:14, 12.9MB/s][A[A




[1Amodel-00003-of-00004.safetensors:  56%|█████▋    | 2.18G/3.86G [02:31<01:37, 17.3MB/s][A[A[A[A



[1Amodel-00001-of-00004.safetensors:  50%|████▉     | 1.97G/3.95G [02:31<02:15, 14.6MB/s][A[A[A




[1Amodel-00003-of-00004.safetensors:  56%|█████▋    | 2.18G/3.86G [02:31<01:43, 16.3MB/s][A[A[A[A


[1A
[1Amodel-00002-of-00004.safetensors:  55%|█████▌    | 2.13G/3.86G [02:31<02:22, 12.2MB/s][A[A



[1A
[1Amodel-00001-of-00004.safetensors:  50%|████▉     | 1.97G/3.95G [02:31<02:21, 14.0MB/s][A[A[A




[1A
[1Amodel-00003-of-00004.safetensors:  56%|█████▋    | 2.18G/3.86G [02:31<01:44, 16.1MB/s][A[A[A[A


[1Amodel-00002-of-00004.safetensors:  55%|█████▌    | 2.14G/3.86G [02:31<02:24, 12.0MB/s][A[A



[1A
[1Amodel-00001-of-00004.safetensors:  50%|████▉     | 1.97G/3.95G [02:31<02:24, 13.7MB/s][A[A[A




[1A
[1Amodel-00003-of-00004.safetensors:  57%|█████▋    | 2.19G/3.86G [02:31<01:45, 15.9MB/s][A[A[A[A


[1Amodel-00002-of-00004.safetensors:  55%|█████▌    | 2.14G/3.86G [02:31<02:22, 12.1MB/s][A[A



[1Amodel-00001-of-00004.safetensors:  50%|█████     | 1.97G/3.95G [02:32<02:22, 13.8MB/s][A[A[A




[1A
[1Amodel-00003-of-00004.safetensors:  57%|█████▋    | 2.19G/3.86G [02:31<01:44, 16.0MB/s][A[A[A[A



[1A
[1Amodel-00001-of-00004.safetensors:  50%|█████     | 1.98G/3.95G [02:32<02:21, 13.9MB/s][A[A[A


[1Amodel-00002-of-00004.safetensors:  55%|█████▌    | 2.14G/3.86G [02:31<02:19, 12.3MB/s][A[A




[1A
[1Amodel-00003-of-00004.safetensors:  57%|█████▋    | 2.19G/3.86G [02:31<01:42, 16.3MB/s][A[A[A[A




[1Amodel-00003-of-00004.safetensors:  57%|█████▋    | 2.19G/3.86G [02:31<01:40, 16.7MB/s][A[A[A[A



[1Amodel-00001-of-00004.safetensors:  50%|█████     | 1.98G/3.95G [02:32<02:18, 14.2MB/s][A[A[A


[1A
[1Amodel-00002-of-00004.safetensors:  55%|█████▌    | 2.14G/3.86G [02:32<02:19, 12.4MB/s][A[A




[1A
[1Amodel-00003-of-00004.safetensors:  57%|█████▋    | 2.19G/3.86G [02:31<01:48, 15.4MB/s][A[A[A[A



[1Amodel-00001-of-00004.safetensors:  50%|█████     | 1.98G/3.95G [02:32<02:32, 12.9MB/s][A[A[A


[1A
[1Amodel-00002-of-00004.safetensors:  55%|█████▌    | 2.14G/3.86G [02:32<02:25, 11.8MB/s][A[A




[1Amodel-00003-of-00004.safetensors:  57%|█████▋    | 2.20G/3.86G [02:32<01:54, 14.6MB/s][A[A[A[A



[1Amodel-00001-of-00004.safetensors:  50%|█████     | 1.98G/3.95G [02:32<02:38, 12.4MB/s][A[A[A


[1A
[1Amodel-00002-of-00004.safetensors:  56%|█████▌    | 2.15G/3.86G [02:32<02:28, 11.6MB/s][A[A




[1A
[1Amodel-00003-of-00004.safetensors:  57%|█████▋    | 2.20G/3.86G [02:32<01:56, 14.3MB/s][A[A[A[A



[1Amodel-00001-of-00004.safetensors:  50%|█████     | 1.98G/3.95G [02:32<02:39, 12.3MB/s][A[A[A


[1Amodel-00002-of-00004.safetensors:  56%|█████▌    | 2.15G/3.86G [02:32<02:28, 11.6MB/s][A[A




[1A
[1Amodel-00003-of-00004.safetensors:  57%|█████▋    | 2.20G/3.86G [02:32<01:55, 14.4MB/s][A[A[A[A



[1Amodel-00001-of-00004.safetensors:  50%|█████     | 1.99G/3.95G [02:33<02:37, 12.5MB/s][A[A[A




[1Amodel-00003-of-00004.safetensors:  57%|█████▋    | 2.20G/3.86G [02:32<01:53, 14.7MB/s][A[A[A[A


[1A
[1Amodel-00002-of-00004.safetensors:  56%|█████▌    | 2.15G/3.86G [02:32<02:24, 11.8MB/s][A[A



[1Amodel-00001-of-00004.safetensors:  50%|█████     | 1.99G/3.95G [02:33<02:33, 12.7MB/s][A[A[A




[1A
[1Amodel-00003-of-00004.safetensors:  57%|█████▋    | 2.20G/3.86G [02:32<01:51, 14.9MB/s][A[A[A[A


[1A
[1Amodel-00002-of-00004.safetensors:  56%|█████▌    | 2.15G/3.86G [02:32<02:20, 12.2MB/s][A[A




[1A
[1Amodel-00003-of-00004.safetensors:  57%|█████▋    | 2.21G/3.86G [02:32<01:48, 15.2MB/s][A[A[A[A



[1Amodel-00001-of-00004.safetensors:  50%|█████     | 1.99G/3.95G [02:33<02:29, 13.1MB/s][A[A[A


[1Amodel-00002-of-00004.safetensors:  56%|█████▌    | 2.15G/3.86G [02:33<02:16, 12.6MB/s][A[A




[1Amodel-00003-of-00004.safetensors:  57%|█████▋    | 2.21G/3.86G [02:32<01:45, 15.7MB/s][A[A[A[A



[1A
[1Amodel-00001-of-00004.safetensors:  51%|█████     | 1.99G/3.95G [02:33<02:24, 13.5MB/s][A[A[A


[1A
[1Amodel-00002-of-00004.safetensors:  56%|█████▌    | 2.16G/3.86G [02:33<02:10, 13.0MB/s][A[A




[1A
[1Amodel-00003-of-00004.safetensors:  57%|█████▋    | 2.21G/3.86G [02:33<01:41, 16.3MB/s][A[A[A[A



[1A
[1Amodel-00001-of-00004.safetensors:  51%|█████     | 2.00G/3.95G [02:33<02:20, 13.9MB/s][A[A[A


[1A
[1Amodel-00002-of-00004.safetensors:  56%|█████▌    | 2.16G/3.86G [02:33<02:07, 13.4MB/s][A[A




[1A
[1Amodel-00003-of-00004.safetensors:  57%|█████▋    | 2.21G/3.86G [02:33<01:41, 16.3MB/s][A[A[A[A



[1Amodel-00001-of-00004.safetensors:  51%|█████     | 2.00G/3.95G [02:33<02:16, 14.3MB/s][A[A[A




[1A
[1Amodel-00003-of-00004.safetensors:  57%|█████▋    | 2.21G/3.86G [02:33<01:36, 17.0MB/s][A[A[A[A


[1A
[1Amodel-00002-of-00004.safetensors:  56%|█████▌    | 2.16G/3.86G [02:33<02:02, 13.9MB/s][A[A



[1A
[1Amodel-00001-of-00004.safetensors:  51%|█████     | 2.00G/3.95G [02:33<02:18, 14.0MB/s][A[A[A




[1A
[1Amodel-00003-of-00004.safetensors:  57%|█████▋    | 2.22G/3.86G [02:33<01:37, 16.9MB/s][A[A[A[A


[1A
[1Amodel-00002-of-00004.safetensors:  56%|█████▌    | 2.16G/3.86G [02:33<01:57, 14.5MB/s][A[A




[1Amodel-00003-of-00004.safetensors:  57%|█████▋    | 2.22G/3.86G [02:33<01:44, 15.8MB/s][A[A[A[A


[1Amodel-00002-of-00004.safetensors:  56%|█████▌    | 2.17G/3.86G [02:33<01:52, 15.1MB/s][A[A



[1A
[1Amodel-00001-of-00004.safetensors:  51%|█████     | 2.00G/3.95G [02:34<02:27, 13.2MB/s][A[A[A


[1A
[1Amodel-00002-of-00004.safetensors:  56%|█████▌    | 2.17G/3.86G [02:33<01:48, 15.7MB/s][A[A




[1A
[1Amodel-00003-of-00004.safetensors:  57%|█████▋    | 2.22G/3.86G [02:33<01:58, 13.9MB/s][A[A[A[A



[1A
[1Amodel-00001-of-00004.safetensors:  51%|█████     | 2.00G/3.95G [02:34<02:46, 11.7MB/s][A[A[A


[1A
[1Amodel-00002-of-00004.safetensors:  56%|█████▌    | 2.17G/3.86G [02:33<01:45, 16.1MB/s][A[A


[1Amodel-00002-of-00004.safetensors:  56%|█████▌    | 2.17G/3.86G [02:34<01:41, 16.7MB/s][A[A




[1Amodel-00003-of-00004.safetensors:  58%|█████▊    | 2.22G/3.86G [02:33<02:09, 12.7MB/s][A[A[A[A



[1Amodel-00001-of-00004.safetensors:  51%|█████     | 2.01G/3.95G [02:34<02:58, 10.9MB/s][A[A[A


[1Amodel-00002-of-00004.safetensors:  56%|█████▌    | 2.17G/3.86G [02:34<01:37, 17.3MB/s][A[A




[1Amodel-00003-of-00004.safetensors:  58%|█████▊    | 2.23G/3.86G [02:34<02:13, 12.3MB/s][A[A[A[A


[1A
[1Amodel-00002-of-00004.safetensors:  56%|█████▋    | 2.18G/3.86G [02:34<01:35, 17.6MB/s][A[A



[1Amodel-00001-of-00004.safetensors:  51%|█████     | 2.01G/3.95G [02:34<03:01, 10.7MB/s][A[A[A


[1A
[1Amodel-00002-of-00004.safetensors:  56%|█████▋    | 2.18G/3.86G [02:34<01:32, 18.3MB/s][A[A




[1A
[1Amodel-00003-of-00004.safetensors:  58%|█████▊    | 2.23G/3.86G [02:34<02:12, 12.3MB/s][A[A[A[A


[1A
[1Amodel-00002-of-00004.safetensors:  56%|█████▋    | 2.18G/3.86G [02:34<01:29, 18.8MB/s][A[A



[1A
[1Amodel-00001-of-00004.safetensors:  51%|█████     | 2.01G/3.95G [02:34<02:59, 10.8MB/s][A[A[A


[1A
[1Amodel-00002-of-00004.safetensors:  56%|█████▋    | 2.18G/3.86G [02:34<01:27, 19.2MB/s][A[A




[1A
[1Amodel-00003-of-00004.safetensors:  58%|█████▊    | 2.23G/3.86G [02:34<02:10, 12.5MB/s][A[A[A[A


[1A
[1Amodel-00002-of-00004.safetensors:  57%|█████▋    | 2.18G/3.86G [02:34<01:25, 19.6MB/s][A[A



[1A
[1Amodel-00001-of-00004.safetensors:  51%|█████     | 2.01G/3.95G [02:35<02:55, 11.0MB/s][A[A[A




[1A
[1Amodel-00003-of-00004.safetensors:  58%|█████▊    | 2.23G/3.86G [02:34<02:06, 12.9MB/s][A[A[A[A


[1A
[1Amodel-00002-of-00004.safetensors:  57%|█████▋    | 2.19G/3.86G [02:34<01:27, 19.1MB/s][A[A



[1A
[1Amodel-00001-of-00004.safetensors:  51%|█████     | 2.01G/3.95G [02:35<03:01, 10.6MB/s][A[A[A




[1A
[1Amodel-00003-of-00004.safetensors:  58%|█████▊    | 2.23G/3.86G [02:34<02:14, 12.1MB/s][A[A[A[A


[1A
[1Amodel-00002-of-00004.safetensors:  57%|█████▋    | 2.19G/3.86G [02:35<01:35, 17.6MB/s][A[A


[1A
[1Amodel-00002-of-00004.safetensors:  57%|█████▋    | 2.19G/3.86G [02:35<01:39, 16.8MB/s][A[A




[1A
[1Amodel-00003-of-00004.safetensors:  58%|█████▊    | 2.24G/3.86G [02:35<02:20, 11.6MB/s][A[A[A[A



[1A
[1Amodel-00001-of-00004.safetensors:  51%|█████     | 2.02G/3.95G [02:35<03:09, 10.2MB/s][A[A[A


[1Amodel-00002-of-00004.safetensors:  57%|█████▋    | 2.19G/3.86G [02:35<01:39, 16.8MB/s][A[A



[1A
[1Amodel-00001-of-00004.safetensors:  51%|█████     | 2.02G/3.95G [02:35<03:09, 10.2MB/s][A[A[A




[1A
[1Amodel-00003-of-00004.safetensors:  58%|█████▊    | 2.24G/3.86G [02:35<02:20, 11.6MB/s][A[A[A[A


[1A
[1Amodel-00002-of-00004.safetensors:  57%|█████▋    | 2.19G/3.86G [02:35<01:39, 16.7MB/s][A[A



[1A
[1Amodel-00001-of-00004.safetensors:  51%|█████     | 2.02G/3.95G [02:35<03:08, 10.2MB/s][A[A[A


[1Amodel-00002-of-00004.safetensors:  57%|█████▋    | 2.20G/3.86G [02:35<01:39, 16.8MB/s][A[A




[1A
[1Amodel-00003-of-00004.safetensors:  58%|█████▊    | 2.24G/3.86G [02:35<02:18, 11.7MB/s][A[A[A[A



[1A
[1Amodel-00001-of-00004.safetensors:  51%|█████     | 2.02G/3.95G [02:35<03:03, 10.5MB/s][A[A[A


[1A
[1Amodel-00002-of-00004.safetensors:  57%|█████▋    | 2.20G/3.86G [02:35<01:37, 17.2MB/s][A[A




[1Amodel-00003-of-00004.safetensors:  58%|█████▊    | 2.24G/3.86G [02:35<02:13, 12.2MB/s][A[A[A[A


[1Amodel-00002-of-00004.safetensors:  57%|█████▋    | 2.20G/3.86G [02:35<01:35, 17.5MB/s][A[A



[1Amodel-00001-of-00004.safetensors:  51%|█████▏    | 2.02G/3.95G [02:36<02:57, 10.9MB/s][A[A[A


[1A
[1Amodel-00002-of-00004.safetensors:  57%|█████▋    | 2.20G/3.86G [02:35<01:33, 17.8MB/s][A[A




[1A
[1Amodel-00003-of-00004.safetensors:  58%|█████▊    | 2.24G/3.86G [02:35<02:09, 12.5MB/s][A[A[A[A



[1Amodel-00001-of-00004.safetensors:  51%|█████▏    | 2.02G/3.95G [02:36<02:49, 11.3MB/s][A[A[A


[1A
[1Amodel-00002-of-00004.safetensors:  57%|█████▋    | 2.21G/3.86G [02:35<01:31, 18.1MB/s][A[A




[1Amodel-00003-of-00004.safetensors:  58%|█████▊    | 2.25G/3.86G [02:35<02:04, 13.1MB/s][A[A[A[A


[1Amodel-00002-of-00004.safetensors:  57%|█████▋    | 2.21G/3.86G [02:36<01:28, 18.6MB/s][A[A



[1A
[1Amodel-00001-of-00004.safetensors:  51%|█████▏    | 2.03G/3.95G [02:36<02:41, 11.8MB/s][A[A[A




[1A
[1Amodel-00003-of-00004.safetensors:  58%|█████▊    | 2.25G/3.86G [02:35<01:59, 13.5MB/s][A[A[A[A


[1A
[1Amodel-00002-of-00004.safetensors:  57%|█████▋    | 2.21G/3.86G [02:36<01:27, 19.0MB/s][A[A



[1A
[1Amodel-00001-of-00004.safetensors:  51%|█████▏    | 2.03G/3.95G [02:36<02:35, 12.3MB/s][A[A[A




[1Amodel-00003-of-00004.safetensors:  58%|█████▊    | 2.25G/3.86G [02:36<01:54, 14.1MB/s][A[A[A[A


[1A
[1Amodel-00002-of-00004.safetensors:  57%|█████▋    | 2.21G/3.86G [02:36<01:29, 18.6MB/s][A[A




[1A
[1Amodel-00003-of-00004.safetensors:  58%|█████▊    | 2.25G/3.86G [02:36<02:01, 13.3MB/s][A[A[A[A



[1A
[1Amodel-00001-of-00004.safetensors:  51%|█████▏    | 2.03G/3.95G [02:36<02:45, 11.6MB/s][A[A[A


[1A
[1Amodel-00002-of-00004.safetensors:  57%|█████▋    | 2.21G/3.86G [02:36<01:35, 17.4MB/s][A[A


[1A
[1Amodel-00002-of-00004.safetensors:  57%|█████▋    | 2.22G/3.86G [02:36<01:38, 16.8MB/s][A[A




[1A
[1Amodel-00003-of-00004.safetensors:  58%|█████▊    | 2.25G/3.86G [02:36<02:05, 12.9MB/s][A[A[A[A



[1A
[1Amodel-00001-of-00004.safetensors:  52%|█████▏    | 2.03G/3.95G [02:37<02:49, 11.3MB/s][A[A[A


[1Amodel-00002-of-00004.safetensors:  57%|█████▋    | 2.22G/3.86G [02:36<01:39, 16.5MB/s][A[A




[1A
[1Amodel-00003-of-00004.safetensors:  58%|█████▊    | 2.26G/3.86G [02:36<02:05, 12.9MB/s][A[A[A[A



[1A
[1Amodel-00001-of-00004.safetensors:  52%|█████▏    | 2.04G/3.95G [02:37<02:49, 11.3MB/s][A[A[A


[1A
[1Amodel-00002-of-00004.safetensors:  57%|█████▋    | 2.22G/3.86G [02:36<01:39, 16.5MB/s][A[A




[1Amodel-00003-of-00004.safetensors:  58%|█████▊    | 2.26G/3.86G [02:36<02:03, 13.0MB/s][A[A[A[A


[1A
[1Amodel-00002-of-00004.safetensors:  58%|█████▊    | 2.22G/3.86G [02:37<01:38, 16.7MB/s][A[A



[1A
[1Amodel-00001-of-00004.safetensors:  52%|█████▏    | 2.04G/3.95G [02:37<02:46, 11.5MB/s][A[A[A




[1A
[1Amodel-00003-of-00004.safetensors:  58%|█████▊    | 2.26G/3.86G [02:36<02:00, 13.3MB/s][A[A[A[A


[1Amodel-00002-of-00004.safetensors:  58%|█████▊    | 2.23G/3.86G [02:37<01:36, 17.0MB/s][A[A



[1Amodel-00001-of-00004.safetensors:  52%|█████▏    | 2.04G/3.95G [02:37<02:40, 11.9MB/s][A[A[A


[1Amodel-00002-of-00004.safetensors:  58%|█████▊    | 2.23G/3.86G [02:37<01:34, 17.3MB/s][A[A




[1A
[1Amodel-00003-of-00004.safetensors:  59%|█████▊    | 2.26G/3.86G [02:37<01:56, 13.7MB/s][A[A[A[A


[1Amodel-00002-of-00004.safetensors:  58%|█████▊    | 2.23G/3.86G [02:37<01:35, 17.2MB/s][A[A



[1A
[1Amodel-00001-of-00004.safetensors:  52%|█████▏    | 2.04G/3.95G [02:37<02:39, 11.9MB/s][A[A[A




[1Amodel-00003-of-00004.safetensors:  59%|█████▊    | 2.26G/3.86G [02:37<01:55, 13.8MB/s][A[A[A[A


[1A
[1Amodel-00002-of-00004.safetensors:  58%|█████▊    | 2.23G/3.86G [02:37<01:43, 15.8MB/s][A[A




[1A
[1Amodel-00003-of-00004.safetensors:  59%|█████▊    | 2.27G/3.86G [02:37<02:03, 13.0MB/s][A[A[A[A



[1A
[1Amodel-00001-of-00004.safetensors:  52%|█████▏    | 2.04G/3.95G [02:37<02:48, 11.3MB/s][A[A[A


[1Amodel-00002-of-00004.safetensors:  58%|█████▊    | 2.23G/3.86G [02:37<01:47, 15.2MB/s][A[A




[1Amodel-00003-of-00004.safetensors:  59%|█████▊    | 2.27G/3.86G [02:37<02:06, 12.6MB/s][A[A[A[A



[1Amodel-00001-of-00004.safetensors:  52%|█████▏    | 2.05G/3.95G [02:38<02:51, 11.1MB/s][A[A[A


[1A
[1Amodel-00002-of-00004.safetensors:  58%|█████▊    | 2.24G/3.86G [02:37<01:49, 14.8MB/s][A[A




[1A
[1Amodel-00003-of-00004.safetensors:  59%|█████▉    | 2.27G/3.86G [02:37<02:08, 12.4MB/s][A[A[A[A



[1A
[1Amodel-00001-of-00004.safetensors:  52%|█████▏    | 2.05G/3.95G [02:38<02:54, 10.9MB/s][A[A[A


[1Amodel-00002-of-00004.safetensors:  58%|█████▊    | 2.24G/3.86G [02:37<01:54, 14.2MB/s][A[A




[1Amodel-00003-of-00004.safetensors:  59%|█████▉    | 2.27G/3.86G [02:37<02:09, 12.3MB/s][A[A[A[A



[1A
[1Amodel-00001-of-00004.safetensors:  52%|█████▏    | 2.05G/3.95G [02:38<02:53, 10.9MB/s][A[A[A


[1A
[1Amodel-00002-of-00004.safetensors:  58%|█████▊    | 2.24G/3.86G [02:38<02:20, 11.6MB/s][A[A




[1A
[1Amodel-00003-of-00004.safetensors:  59%|█████▉    | 2.28G/3.86G [02:38<02:30, 10.6MB/s][A[A[A[A


[1A
[1Amodel-00002-of-00004.safetensors:  58%|█████▊    | 2.24G/3.86G [02:38<02:25, 11.2MB/s][A[A



[1A
[1Amodel-00001-of-00004.safetensors:  52%|█████▏    | 2.05G/3.95G [02:38<03:18, 9.55MB/s][A[A[A




[1Amodel-00003-of-00004.safetensors:  59%|█████▉    | 2.28G/3.86G [02:38<02:14, 11.8MB/s][A[A[A[A


[1Amodel-00002-of-00004.safetensors:  58%|█████▊    | 2.24G/3.86G [02:38<02:08, 12.6MB/s][A[A



[1Amodel-00001-of-00004.safetensors:  52%|█████▏    | 2.05G/3.95G [02:38<02:58, 10.6MB/s][A[A[A




[1Amodel-00003-of-00004.safetensors:  59%|█████▉    | 2.28G/3.86G [02:38<02:05, 12.6MB/s][A[A[A[A


[1A
[1Amodel-00002-of-00004.safetensors:  58%|█████▊    | 2.25G/3.86G [02:38<01:57, 13.8MB/s][A[A



[1A
[1Amodel-00001-of-00004.safetensors:  52%|█████▏    | 2.06G/3.95G [02:39<02:45, 11.4MB/s][A[A[A




[1A
[1Amodel-00003-of-00004.safetensors:  59%|█████▉    | 2.28G/3.86G [02:38<01:56, 13.6MB/s][A[A[A[A


[1A
[1Amodel-00002-of-00004.safetensors:  58%|█████▊    | 2.25G/3.86G [02:38<01:49, 14.8MB/s][A[A




[1A
[1Amodel-00003-of-00004.safetensors:  59%|█████▉    | 2.28G/3.86G [02:38<01:51, 14.2MB/s][A[A[A[A



[1A
[1Amodel-00001-of-00004.safetensors:  52%|█████▏    | 2.06G/3.95G [02:39<02:35, 12.1MB/s][A[A[A


[1Amodel-00002-of-00004.safetensors:  58%|█████▊    | 2.25G/3.86G [02:38<01:43, 15.7MB/s][A[A




[1A
[1Amodel-00003-of-00004.safetensors:  59%|█████▉    | 2.29G/3.86G [02:38<01:45, 15.0MB/s][A[A[A[A


[1A
[1Amodel-00002-of-00004.safetensors:  58%|█████▊    | 2.25G/3.86G [02:39<01:38, 16.3MB/s][A[A



[1A
[1Amodel-00001-of-00004.safetensors:  52%|█████▏    | 2.06G/3.95G [02:39<02:26, 12.9MB/s][A[A[A




[1A
[1Amodel-00003-of-00004.safetensors:  59%|█████▉    | 2.29G/3.86G [02:38<01:40, 15.6MB/s][A[A[A[A


[1Amodel-00002-of-00004.safetensors:  58%|█████▊    | 2.25G/3.86G [02:39<01:35, 16.9MB/s][A[A



[1Amodel-00001-of-00004.safetensors:  52%|█████▏    | 2.06G/3.95G [02:39<02:18, 13.6MB/s][A[A[A


[1Amodel-00002-of-00004.safetensors:  58%|█████▊    | 2.26G/3.86G [02:39<01:30, 17.7MB/s][A[A




[1A
[1Amodel-00003-of-00004.safetensors:  59%|█████▉    | 2.29G/3.86G [02:39<01:36, 16.3MB/s][A[A[A[A



[1A
[1Amodel-00001-of-00004.safetensors:  52%|█████▏    | 2.06G/3.95G [02:39<02:11, 14.3MB/s][A[A[A


[1A
[1Amodel-00002-of-00004.safetensors:  58%|█████▊    | 2.26G/3.86G [02:39<01:27, 18.4MB/s][A[A




[1A
[1Amodel-00003-of-00004.safetensors:  59%|█████▉    | 2.29G/3.86G [02:39<01:32, 17.0MB/s][A[A[A[A



[1A
[1Amodel-00001-of-00004.safetensors:  52%|█████▏    | 2.07G/3.95G [02:39<02:07, 14.7MB/s][A[A[A


[1A
[1Amodel-00002-of-00004.safetensors:  58%|█████▊    | 2.26G/3.86G [02:39<01:29, 18.0MB/s][A[A




[1A
[1Amodel-00003-of-00004.safetensors:  59%|█████▉    | 2.29G/3.86G [02:39<01:32, 16.9MB/s][A[A[A[A



[1A
[1Amodel-00001-of-00004.safetensors:  52%|█████▏    | 2.07G/3.95G [02:39<02:15, 13.8MB/s][A[A[A




[1A
[1Amodel-00003-of-00004.safetensors:  59%|█████▉    | 2.30G/3.86G [02:39<01:39, 15.8MB/s][A[A[A[A


[1Amodel-00002-of-00004.safetensors:  59%|█████▊    | 2.26G/3.86G [02:39<01:46, 15.0MB/s][A[A



[1Amodel-00001-of-00004.safetensors:  52%|█████▏    | 2.07G/3.95G [02:40<02:20, 13.3MB/s][A[A[A




[1A
[1Amodel-00003-of-00004.safetensors:  59%|█████▉    | 2.30G/3.86G [02:39<01:40, 15.5MB/s][A[A[A[A


[1Amodel-00002-of-00004.safetensors:  59%|█████▊    | 2.26G/3.86G [02:39<01:59, 13.4MB/s][A[A




[1A
[1Amodel-00003-of-00004.safetensors:  60%|█████▉    | 2.30G/3.86G [02:39<01:41, 15.4MB/s][A[A[A[A



[1Amodel-00001-of-00004.safetensors:  53%|█████▎    | 2.07G/3.95G [02:40<02:21, 13.3MB/s][A[A[A




[1A
[1Amodel-00003-of-00004.safetensors:  60%|█████▉    | 2.30G/3.86G [02:39<01:41, 15.4MB/s][A[A[A[A



[1Amodel-00001-of-00004.safetensors:  53%|█████▎    | 2.08G/3.95G [02:40<02:20, 13.3MB/s][A[A[A


[1Amodel-00002-of-00004.safetensors:  59%|█████▊    | 2.27G/3.86G [02:40<02:20, 11.4MB/s][A[A




[1A
[1Amodel-00003-of-00004.safetensors:  60%|█████▉    | 2.30G/3.86G [02:40<01:39, 15.7MB/s][A[A[A[A



[1A
[1Amodel-00001-of-00004.safetensors:  53%|█████▎    | 2.08G/3.95G [02:40<02:17, 13.6MB/s][A[A[A




[1A
[1Amodel-00003-of-00004.safetensors:  60%|█████▉    | 2.31G/3.86G [02:40<01:37, 16.0MB/s][A[A[A[A


[1A
[1Amodel-00002-of-00004.safetensors:  59%|█████▊    | 2.27G/3.86G [02:40<02:29, 10.7MB/s][A[A



[1Amodel-00001-of-00004.safetensors:  53%|█████▎    | 2.08G/3.95G [02:40<02:14, 13.8MB/s][A[A[A




[1Amodel-00003-of-00004.safetensors:  60%|█████▉    | 2.31G/3.86G [02:40<01:34, 16.4MB/s][A[A[A[A



[1A
[1Amodel-00001-of-00004.safetensors:  53%|█████▎    | 2.08G/3.95G [02:40<02:10, 14.3MB/s][A[A[A


[1A
[1Amodel-00002-of-00004.safetensors:  59%|█████▉    | 2.27G/3.86G [02:40<02:31, 10.5MB/s][A[A




[1A
[1Amodel-00003-of-00004.safetensors:  60%|█████▉    | 2.31G/3.86G [02:40<01:33, 16.6MB/s][A[A[A[A



[1A
[1Amodel-00001-of-00004.safetensors:  53%|█████▎    | 2.08G/3.95G [02:40<02:06, 14.7MB/s][A[A[A




[1A
[1Amodel-00003-of-00004.safetensors:  60%|█████▉    | 2.31G/3.86G [02:40<01:30, 17.1MB/s][A[A[A[A


[1A
[1Amodel-00002-of-00004.safetensors:  59%|█████▉    | 2.27G/3.86G [02:40<02:29, 10.6MB/s][A[A




[1Amodel-00003-of-00004.safetensors:  60%|█████▉    | 2.32G/3.86G [02:40<01:27, 17.7MB/s][A[A[A[A



[1Amodel-00001-of-00004.safetensors:  53%|█████▎    | 2.09G/3.95G [02:41<02:02, 15.2MB/s][A[A[A




[1A
[1Amodel-00003-of-00004.safetensors:  60%|█████▉    | 2.32G/3.86G [02:40<01:25, 18.1MB/s][A[A[A[A



[1A
[1Amodel-00001-of-00004.safetensors:  53%|█████▎    | 2.09G/3.95G [02:41<01:59, 15.6MB/s][A[A[A


[1A
[1Amodel-00002-of-00004.safetensors:  59%|█████▉    | 2.28G/3.86G [02:40<02:24, 11.0MB/s][A[A




[1Amodel-00003-of-00004.safetensors:  60%|██████    | 2.32G/3.86G [02:40<01:23, 18.6MB/s][A[A[A[A



[1A
[1Amodel-00001-of-00004.safetensors:  53%|█████▎    | 2.09G/3.95G [02:41<01:58, 15.6MB/s][A[A[A


[1A
[1Amodel-00002-of-00004.safetensors:  59%|█████▉    | 2.28G/3.86G [02:41<02:26, 10.9MB/s][A[A




[1A
[1Amodel-00003-of-00004.safetensors:  60%|██████    | 2.32G/3.86G [02:40<01:28, 17.4MB/s][A[A[A[A



[1Amodel-00001-of-00004.safetensors:  53%|█████▎    | 2.09G/3.95G [02:41<02:07, 14.6MB/s][A[A[A




[1A
[1Amodel-00003-of-00004.safetensors:  60%|██████    | 2.32G/3.86G [02:41<01:34, 16.4MB/s][A[A[A[A


[1Amodel-00002-of-00004.safetensors:  59%|█████▉    | 2.28G/3.86G [02:41<02:32, 10.4MB/s][A[A



[1A
[1Amodel-00001-of-00004.safetensors:  53%|█████▎    | 2.09G/3.95G [02:41<02:11, 14.1MB/s][A[A[A




[1Amodel-00003-of-00004.safetensors:  60%|██████    | 2.33G/3.86G [02:41<01:36, 16.0MB/s][A[A[A[A



[1A
[1Amodel-00001-of-00004.safetensors:  53%|█████▎    | 2.10G/3.95G [02:41<02:13, 13.9MB/s][A[A[A


[1Amodel-00002-of-00004.safetensors:  59%|█████▉    | 2.28G/3.86G [02:41<02:32, 10.4MB/s][A[A




[1A
[1Amodel-00003-of-00004.safetensors:  60%|██████    | 2.33G/3.86G [02:41<01:37, 15.8MB/s][A[A[A[A



[1A
[1Amodel-00001-of-00004.safetensors:  53%|█████▎    | 2.10G/3.95G [02:42<02:11, 14.0MB/s][A[A[A




[1A
[1Amodel-00003-of-00004.safetensors:  60%|██████    | 2.33G/3.86G [02:41<01:35, 16.0MB/s][A[A[A[A


[1A
[1Amodel-00002-of-00004.safetensors:  59%|█████▉    | 2.28G/3.86G [02:41<02:29, 10.6MB/s][A[A




[1Amodel-00003-of-00004.safetensors:  60%|██████    | 2.33G/3.86G [02:41<01:33, 16.4MB/s][A[A[A[A



[1A
[1Amodel-00001-of-00004.safetensors:  53%|█████▎    | 2.10G/3.95G [02:42<02:10, 14.1MB/s][A[A[A


[1A
[1Amodel-00002-of-00004.safetensors:  59%|█████▉    | 2.29G/3.86G [02:41<02:24, 11.0MB/s][A[A




[1Amodel-00003-of-00004.safetensors:  60%|██████    | 2.33G/3.86G [02:41<01:31, 16.7MB/s][A[A[A[A



[1Amodel-00001-of-00004.safetensors:  53%|█████▎    | 2.10G/3.95G [02:42<02:06, 14.5MB/s][A[A[A




[1Amodel-00003-of-00004.safetensors:  60%|██████    | 2.34G/3.86G [02:41<01:29, 17.1MB/s][A[A[A[A


[1Amodel-00002-of-00004.safetensors:  59%|█████▉    | 2.29G/3.86G [02:42<02:18, 11.4MB/s][A[A



[1Amodel-00001-of-00004.safetensors:  53%|█████▎    | 2.10G/3.95G [02:42<02:04, 14.8MB/s][A[A[A




[1A
[1Amodel-00003-of-00004.safetensors:  61%|██████    | 2.34G/3.86G [02:41<01:27, 17.5MB/s][A[A[A[A



[1Amodel-00001-of-00004.safetensors:  53%|█████▎    | 2.11G/3.95G [02:42<02:05, 14.6MB/s][A[A[A


[1A
[1Amodel-00002-of-00004.safetensors:  59%|█████▉    | 2.29G/3.86G [02:42<02:17, 11.4MB/s][A[A




[1A
[1Amodel-00003-of-00004.safetensors:  61%|██████    | 2.34G/3.86G [02:42<01:33, 16.2MB/s][A[A[A[A



[1A
[1Amodel-00001-of-00004.safetensors:  53%|█████▎    | 2.11G/3.95G [02:42<02:15, 13.5MB/s][A[A[A




[1A
[1Amodel-00003-of-00004.safetensors:  61%|██████    | 2.34G/3.86G [02:42<01:38, 15.4MB/s][A[A[A[A


[1Amodel-00002-of-00004.safetensors:  59%|█████▉    | 2.29G/3.86G [02:42<02:24, 10.9MB/s][A[A



[1A
[1Amodel-00001-of-00004.safetensors:  53%|█████▎    | 2.11G/3.95G [02:42<02:18, 13.3MB/s][A[A[A




[1Amodel-00003-of-00004.safetensors:  61%|██████    | 2.34G/3.86G [02:42<01:40, 15.1MB/s][A[A[A[A


[1A
[1Amodel-00002-of-00004.safetensors:  59%|█████▉    | 2.29G/3.86G [02:42<02:24, 10.9MB/s][A[A




[1Amodel-00003-of-00004.safetensors:  61%|██████    | 2.35G/3.86G [02:42<01:40, 15.1MB/s][A[A[A[A



[1Amodel-00001-of-00004.safetensors:  54%|█████▎    | 2.11G/3.95G [02:43<02:17, 13.3MB/s][A[A[A


[1A
[1Amodel-00002-of-00004.safetensors:  59%|█████▉    | 2.30G/3.86G [02:42<02:21, 11.1MB/s][A[A




[1Amodel-00003-of-00004.safetensors:  61%|██████    | 2.35G/3.86G [02:42<01:39, 15.2MB/s][A[A[A[A



[1Amodel-00001-of-00004.safetensors:  54%|█████▎    | 2.11G/3.95G [02:43<02:16, 13.4MB/s][A[A[A




[1Amodel-00003-of-00004.safetensors:  61%|██████    | 2.35G/3.86G [02:42<01:37, 15.5MB/s][A[A[A[A


[1Amodel-00002-of-00004.safetensors:  59%|█████▉    | 2.30G/3.86G [02:43<02:17, 11.4MB/s][A[A



[1A
[1Amodel-00001-of-00004.safetensors:  54%|█████▎    | 2.12G/3.95G [02:43<02:13, 13.7MB/s][A[A[A




[1A
[1Amodel-00003-of-00004.safetensors:  61%|██████    | 2.35G/3.86G [02:42<01:35, 15.9MB/s][A[A[A[A


[1A
[1Amodel-00002-of-00004.safetensors:  60%|█████▉    | 2.30G/3.86G [02:43<02:11, 11.9MB/s][A[A



[1A
[1Amodel-00001-of-00004.safetensors:  54%|█████▎    | 2.12G/3.95G [02:43<02:10, 14.0MB/s][A[A[A




[1Amodel-00003-of-00004.safetensors:  61%|██████    | 2.36G/3.86G [02:43<01:32, 16.3MB/s][A[A[A[A



[1A
[1Amodel-00001-of-00004.safetensors:  54%|█████▍    | 2.12G/3.95G [02:43<02:06, 14.4MB/s][A[A[A


[1A
[1Amodel-00002-of-00004.safetensors:  60%|█████▉    | 2.30G/3.86G [02:43<02:06, 12.4MB/s][A[A




[1A
[1Amodel-00003-of-00004.safetensors:  61%|██████    | 2.36G/3.86G [02:43<01:30, 16.7MB/s][A[A[A[A



[1A
[1Amodel-00001-of-00004.safetensors:  54%|█████▍    | 2.12G/3.95G [02:43<02:02, 14.8MB/s][A[A[A


[1Amodel-00002-of-00004.safetensors:  60%|█████▉    | 2.30G/3.86G [02:43<02:01, 12.8MB/s][A[A




[1A
[1Amodel-00003-of-00004.safetensors:  61%|██████    | 2.36G/3.86G [02:43<01:27, 17.2MB/s][A[A[A[A



[1Amodel-00001-of-00004.safetensors:  54%|█████▍    | 2.13G/3.95G [02:43<02:09, 14.0MB/s][A[A[A




[1A
[1Amodel-00003-of-00004.safetensors:  61%|██████    | 2.36G/3.86G [02:43<01:33, 16.0MB/s][A[A[A[A


[1Amodel-00002-of-00004.safetensors:  60%|█████▉    | 2.31G/3.86G [02:43<02:09, 12.1MB/s][A[A




[1Amodel-00003-of-00004.safetensors:  61%|██████    | 2.36G/3.86G [02:43<01:37, 15.3MB/s][A[A[A[A



[1A
[1Amodel-00001-of-00004.safetensors:  54%|█████▍    | 2.13G/3.95G [02:44<02:16, 13.4MB/s][A[A[A


[1Amodel-00002-of-00004.safetensors:  60%|█████▉    | 2.31G/3.86G [02:43<02:12, 11.8MB/s][A[A




[1A
[1Amodel-00003-of-00004.safetensors:  61%|██████    | 2.37G/3.86G [02:43<01:39, 15.1MB/s][A[A[A[A



[1Amodel-00001-of-00004.safetensors:  54%|█████▍    | 2.13G/3.95G [02:44<02:18, 13.1MB/s][A[A[A


[1A
[1Amodel-00002-of-00004.safetensors:  60%|█████▉    | 2.31G/3.86G [02:44<02:11, 11.8MB/s][A[A




[1A
[1Amodel-00003-of-00004.safetensors:  61%|██████▏   | 2.37G/3.86G [02:43<01:38, 15.1MB/s][A[A[A[A



[1Amodel-00001-of-00004.safetensors:  54%|█████▍    | 2.13G/3.95G [02:44<02:16, 13.3MB/s][A[A[A




[1Amodel-00003-of-00004.safetensors:  61%|██████▏   | 2.37G/3.86G [02:44<01:38, 15.2MB/s][A[A[A[A


[1A
[1Amodel-00002-of-00004.safetensors:  60%|█████▉    | 2.31G/3.86G [02:44<02:09, 12.0MB/s][A[A



[1Amodel-00001-of-00004.safetensors:  54%|█████▍    | 2.13G/3.95G [02:44<02:15, 13.4MB/s][A[A[A




[1Amodel-00003-of-00004.safetensors:  61%|██████▏   | 2.37G/3.86G [02:44<01:36, 15.5MB/s][A[A[A[A


[1A
[1Amodel-00002-of-00004.safetensors:  60%|█████▉    | 2.32G/3.86G [02:44<02:04, 12.4MB/s][A[A



[1A
[1Amodel-00001-of-00004.safetensors:  54%|█████▍    | 2.14G/3.95G [02:44<02:11, 13.7MB/s][A[A[A




[1Amodel-00003-of-00004.safetensors:  61%|██████▏   | 2.37G/3.86G [02:44<01:33, 15.9MB/s][A[A[A[A


[1A
[1Amodel-00002-of-00004.safetensors:  60%|█████▉    | 2.32G/3.86G [02:44<02:01, 12.8MB/s][A[A



[1Amodel-00001-of-00004.safetensors:  54%|█████▍    | 2.14G/3.95G [02:44<02:09, 14.0MB/s][A[A[A




[1Amodel-00003-of-00004.safetensors:  61%|██████▏   | 2.38G/3.86G [02:44<01:31, 16.3MB/s][A[A[A[A


[1A
[1Amodel-00002-of-00004.safetensors:  60%|██████    | 2.32G/3.86G [02:44<01:56, 13.3MB/s][A[A



[1A
[1Amodel-00001-of-00004.safetensors:  54%|█████▍    | 2.14G/3.95G [02:45<02:04, 14.5MB/s][A[A[A




[1Amodel-00003-of-00004.safetensors:  62%|██████▏   | 2.38G/3.86G [02:44<01:28, 16.7MB/s][A[A[A[A




[1Amodel-00003-of-00004.safetensors:  62%|██████▏   | 2.38G/3.86G [02:44<01:34, 15.7MB/s][A[A[A[A


[1A
[1Amodel-00002-of-00004.safetensors:  60%|██████    | 2.32G/3.86G [02:44<02:02, 12.6MB/s][A[A



[1A
[1Amodel-00001-of-00004.safetensors:  54%|█████▍    | 2.14G/3.95G [02:45<02:13, 13.5MB/s][A[A[A




[1A
[1Amodel-00003-of-00004.safetensors:  62%|██████▏   | 2.38G/3.86G [02:44<01:39, 15.0MB/s][A[A[A[A


[1Amodel-00002-of-00004.safetensors:  60%|██████    | 2.32G/3.86G [02:45<02:05, 12.2MB/s][A[A



[1Amodel-00001-of-00004.safetensors:  54%|█████▍    | 2.14G/3.95G [02:45<02:20, 12.8MB/s][A[A[A




[1Amodel-00003-of-00004.safetensors:  62%|██████▏   | 2.38G/3.86G [02:44<01:40, 14.7MB/s][A[A[A[A


[1A
[1Amodel-00002-of-00004.safetensors:  60%|██████    | 2.33G/3.86G [02:45<02:06, 12.1MB/s][A[A



[1A
[1Amodel-00001-of-00004.safetensors:  54%|█████▍    | 2.15G/3.95G [02:45<02:20, 12.8MB/s][A[A[A




[1A
[1Amodel-00003-of-00004.safetensors:  62%|██████▏   | 2.39G/3.86G [02:45<01:40, 14.7MB/s][A[A[A[A


[1Amodel-00002-of-00004.safetensors:  60%|██████    | 2.33G/3.86G [02:45<02:04, 12.4MB/s][A[A



[1A
[1Amodel-00001-of-00004.safetensors:  54%|█████▍    | 2.15G/3.95G [02:45<02:19, 12.8MB/s][A[A[A




[1A
[1Amodel-00003-of-00004.safetensors:  62%|██████▏   | 2.39G/3.86G [02:45<01:38, 14.9MB/s][A[A[A[A


[1Amodel-00002-of-00004.safetensors:  60%|██████    | 2.33G/3.86G [02:45<02:00, 12.7MB/s][A[A



[1A
[1Amodel-00001-of-00004.safetensors:  55%|█████▍    | 2.15G/3.95G [02:45<02:16, 13.2MB/s][A[A[A




[1Amodel-00003-of-00004.safetensors:  62%|██████▏   | 2.39G/3.86G [02:45<01:36, 15.2MB/s][A[A[A[A


[1A
[1Amodel-00002-of-00004.safetensors:  60%|██████    | 2.33G/3.86G [02:45<01:57, 13.0MB/s][A[A



[1A
[1Amodel-00001-of-00004.safetensors:  55%|█████▍    | 2.15G/3.95G [02:46<02:13, 13.5MB/s][A[A[A




[1A
[1Amodel-00003-of-00004.safetensors:  62%|██████▏   | 2.39G/3.86G [02:45<01:34, 15.6MB/s][A[A[A[A




[1A
[1Amodel-00003-of-00004.safetensors:  62%|██████▏   | 2.39G/3.86G [02:45<01:31, 16.1MB/s][A[A[A[A


[1A
[1Amodel-00002-of-00004.safetensors:  60%|██████    | 2.33G/3.86G [02:45<01:53, 13.5MB/s][A[A



[1A
[1Amodel-00001-of-00004.safetensors:  55%|█████▍    | 2.15G/3.95G [02:46<02:09, 13.8MB/s][A[A[A




[1Amodel-00003-of-00004.safetensors:  62%|██████▏   | 2.40G/3.86G [02:45<01:32, 15.8MB/s][A[A[A[A


[1Amodel-00002-of-00004.safetensors:  60%|██████    | 2.34G/3.86G [02:45<01:50, 13.8MB/s][A[A



[1A
[1Amodel-00001-of-00004.safetensors:  55%|█████▍    | 2.16G/3.95G [02:46<02:10, 13.7MB/s][A[A[A




[1Amodel-00003-of-00004.safetensors:  62%|██████▏   | 2.40G/3.86G [02:45<01:36, 15.1MB/s][A[A[A[A


[1Amodel-00002-of-00004.safetensors:  61%|██████    | 2.34G/3.86G [02:46<01:58, 12.9MB/s][A[A



[1A
[1Amodel-00001-of-00004.safetensors:  55%|█████▍    | 2.16G/3.95G [02:46<02:17, 13.0MB/s][A[A[A




[1Amodel-00003-of-00004.safetensors:  62%|██████▏   | 2.40G/3.86G [02:46<01:40, 14.6MB/s][A[A[A[A


[1A
[1Amodel-00002-of-00004.safetensors:  61%|██████    | 2.34G/3.86G [02:46<02:00, 12.6MB/s][A[A



[1Amodel-00001-of-00004.safetensors:  55%|█████▍    | 2.16G/3.95G [02:46<02:22, 12.5MB/s][A[A[A




[1Amodel-00003-of-00004.safetensors:  62%|██████▏   | 2.40G/3.86G [02:46<01:41, 14.4MB/s][A[A[A[A


[1Amodel-00002-of-00004.safetensors:  61%|██████    | 2.34G/3.86G [02:46<02:00, 12.6MB/s][A[A



[1A
[1Amodel-00001-of-00004.safetensors:  55%|█████▍    | 2.16G/3.95G [02:46<02:21, 12.6MB/s][A[A[A




[1A
[1Amodel-00003-of-00004.safetensors:  62%|██████▏   | 2.41G/3.86G [02:46<01:41, 14.3MB/s][A[A[A[A


[1Amodel-00002-of-00004.safetensors:  61%|██████    | 2.34G/3.86G [02:46<01:59, 12.7MB/s][A[A



[1Amodel-00001-of-00004.safetensors:  55%|█████▍    | 2.17G/3.95G [02:46<02:19, 12.7MB/s][A[A[A




[1A
[1Amodel-00003-of-00004.safetensors:  62%|██████▏   | 2.41G/3.86G [02:46<01:39, 14.7MB/s][A[A[A[A


[1Amodel-00002-of-00004.safetensors:  61%|██████    | 2.35G/3.86G [02:46<01:56, 13.1MB/s][A[A



[1Amodel-00001-of-00004.safetensors:  55%|█████▍    | 2.17G/3.95G [02:47<02:17, 12.9MB/s][A[A[A




[1A
[1Amodel-00003-of-00004.safetensors:  62%|██████▏   | 2.41G/3.86G [02:46<01:36, 15.0MB/s][A[A[A[A




[1A
[1Amodel-00003-of-00004.safetensors:  62%|██████▏   | 2.41G/3.86G [02:46<01:33, 15.5MB/s][A[A[A[A


[1Amodel-00002-of-00004.safetensors:  61%|██████    | 2.35G/3.86G [02:46<01:52, 13.5MB/s][A[A



[1Amodel-00001-of-00004.safetensors:  55%|█████▍    | 2.17G/3.95G [02:47<02:11, 13.5MB/s][A[A[A




[1Amodel-00003-of-00004.safetensors:  62%|██████▏   | 2.41G/3.86G [02:46<01:31, 15.8MB/s][A[A[A[A


[1Amodel-00002-of-00004.safetensors:  61%|██████    | 2.35G/3.86G [02:47<01:48, 14.0MB/s][A[A



[1A
[1Amodel-00001-of-00004.safetensors:  55%|█████▌    | 2.17G/3.95G [02:47<02:08, 13.8MB/s][A[A[A




[1Amodel-00003-of-00004.safetensors:  63%|██████▎   | 2.42G/3.86G [02:47<01:28, 16.4MB/s][A[A[A[A


[1A
[1Amodel-00002-of-00004.safetensors:  61%|██████    | 2.35G/3.86G [02:47<01:46, 14.2MB/s][A[A



[1A
[1Amodel-00001-of-00004.safetensors:  55%|█████▌    | 2.17G/3.95G [02:47<02:03, 14.3MB/s][A[A[A




[1A
[1Amodel-00003-of-00004.safetensors:  63%|██████▎   | 2.42G/3.86G [02:47<01:35, 15.2MB/s][A[A[A[A



[1A
[1Amodel-00001-of-00004.safetensors:  55%|█████▌    | 2.18G/3.95G [02:47<02:00, 14.7MB/s][A[A[A


[1Amodel-00002-of-00004.safetensors:  61%|██████    | 2.36G/3.86G [02:47<01:54, 13.1MB/s][A[A



[1A
[1Amodel-00001-of-00004.safetensors:  55%|█████▌    | 2.18G/3.95G [02:47<01:56, 15.2MB/s][A[A[A




[1Amodel-00003-of-00004.safetensors:  63%|██████▎   | 2.42G/3.86G [02:47<01:39, 14.6MB/s][A[A[A[A


[1Amodel-00002-of-00004.safetensors:  61%|██████    | 2.36G/3.86G [02:47<01:57, 12.8MB/s][A[A



[1A
[1Amodel-00001-of-00004.safetensors:  55%|█████▌    | 2.18G/3.95G [02:47<01:52, 15.7MB/s][A[A[A




[1A
[1Amodel-00003-of-00004.safetensors:  63%|██████▎   | 2.42G/3.86G [02:47<01:40, 14.4MB/s][A[A[A[A


[1Amodel-00002-of-00004.safetensors:  61%|██████    | 2.36G/3.86G [02:47<02:03, 12.1MB/s][A[A



[1A
[1Amodel-00001-of-00004.safetensors:  55%|█████▌    | 2.18G/3.95G [02:48<02:04, 14.2MB/s][A[A[A




[1Amodel-00003-of-00004.safetensors:  63%|██████▎   | 2.42G/3.86G [02:47<01:50, 13.0MB/s][A[A[A[A


[1A
[1Amodel-00002-of-00004.safetensors:  61%|██████    | 2.36G/3.86G [02:47<02:13, 11.3MB/s][A[A



[1A
[1Amodel-00001-of-00004.safetensors:  55%|█████▌    | 2.18G/3.95G [02:48<02:23, 12.2MB/s][A[A[A




[1A
[1Amodel-00003-of-00004.safetensors:  63%|██████▎   | 2.43G/3.86G [02:47<01:56, 12.4MB/s][A[A[A[A


[1A
[1Amodel-00002-of-00004.safetensors:  61%|██████    | 2.36G/3.86G [02:48<02:16, 11.0MB/s][A[A




[1A
[1Amodel-00003-of-00004.safetensors:  63%|██████▎   | 2.43G/3.86G [02:48<01:57, 12.2MB/s][A[A[A[A



[1Amodel-00001-of-00004.safetensors:  55%|█████▌    | 2.19G/3.95G [02:48<02:33, 11.5MB/s][A[A[A


[1A
[1Amodel-00002-of-00004.safetensors:  61%|██████    | 2.37G/3.86G [02:48<02:15, 11.1MB/s][A[A




[1A
[1Amodel-00003-of-00004.safetensors:  63%|██████▎   | 2.43G/3.86G [02:48<01:56, 12.3MB/s][A[A[A[A



[1Amodel-00001-of-00004.safetensors:  55%|█████▌    | 2.19G/3.95G [02:48<02:35, 11.3MB/s][A[A[A




[1A
[1Amodel-00003-of-00004.safetensors:  63%|██████▎   | 2.43G/3.86G [02:48<01:53, 12.6MB/s][A[A[A[A


[1A
[1Amodel-00002-of-00004.safetensors:  61%|██████▏   | 2.37G/3.86G [02:48<02:11, 11.4MB/s][A[A



[1Amodel-00001-of-00004.safetensors:  56%|█████▌    | 2.19G/3.95G [02:48<02:35, 11.3MB/s][A[A[A




[1A
[1Amodel-00003-of-00004.safetensors:  63%|██████▎   | 2.43G/3.86G [02:48<01:49, 13.0MB/s][A[A[A[A


[1Amodel-00002-of-00004.safetensors:  61%|██████▏   | 2.37G/3.86G [02:48<02:07, 11.7MB/s][A[A



[1A
[1Amodel-00001-of-00004.safetensors:  56%|█████▌    | 2.19G/3.95G [02:49<02:30, 11.6MB/s][A[A[A




[1Amodel-00003-of-00004.safetensors:  63%|██████▎   | 2.44G/3.86G [02:48<01:46, 13.4MB/s][A[A[A[A


[1Amodel-00002-of-00004.safetensors:  61%|██████▏   | 2.37G/3.86G [02:48<02:02, 12.2MB/s][A[A



[1Amodel-00001-of-00004.safetensors:  56%|█████▌    | 2.19G/3.95G [02:49<02:26, 11.9MB/s][A[A[A




[1A
[1Amodel-00003-of-00004.safetensors:  63%|██████▎   | 2.44G/3.86G [02:48<01:41, 14.0MB/s][A[A[A[A


[1A
[1Amodel-00002-of-00004.safetensors:  61%|██████▏   | 2.37G/3.86G [02:49<01:57, 12.7MB/s][A[A



[1A
[1Amodel-00001-of-00004.safetensors:  56%|█████▌    | 2.20G/3.95G [02:49<02:21, 12.4MB/s][A[A[A




[1Amodel-00003-of-00004.safetensors:  63%|██████▎   | 2.44G/3.86G [02:48<01:38, 14.4MB/s][A[A[A[A


[1A
[1Amodel-00002-of-00004.safetensors:  61%|██████▏   | 2.38G/3.86G [02:49<01:52, 13.3MB/s][A[A




[1A
[1Amodel-00003-of-00004.safetensors:  63%|██████▎   | 2.44G/3.86G [02:49<01:34, 15.0MB/s][A[A[A[A



[1A
[1Amodel-00001-of-00004.safetensors:  56%|█████▌    | 2.20G/3.95G [02:49<02:15, 12.9MB/s][A[A[A


[1Amodel-00002-of-00004.safetensors:  62%|██████▏   | 2.38G/3.86G [02:49<01:47, 13.8MB/s][A[A




[1A
[1Amodel-00003-of-00004.safetensors:  63%|██████▎   | 2.45G/3.86G [02:49<01:31, 15.5MB/s][A[A[A[A



[1A
[1Amodel-00001-of-00004.safetensors:  56%|█████▌    | 2.20G/3.95G [02:49<02:10, 13.3MB/s][A[A[A


[1A
[1Amodel-00002-of-00004.safetensors:  62%|██████▏   | 2.38G/3.86G [02:49<01:43, 14.3MB/s][A[A




[1Amodel-00003-of-00004.safetensors:  63%|██████▎   | 2.45G/3.86G [02:49<01:27, 16.1MB/s][A[A[A[A



[1A
[1Amodel-00001-of-00004.safetensors:  56%|█████▌    | 2.20G/3.95G [02:49<02:06, 13.8MB/s][A[A[A


[1Amodel-00002-of-00004.safetensors:  62%|██████▏   | 2.38G/3.86G [02:49<01:39, 14.9MB/s][A[A




[1A
[1Amodel-00003-of-00004.safetensors:  63%|██████▎   | 2.45G/3.86G [02:49<01:25, 16.6MB/s][A[A[A[A



[1A
[1Amodel-00001-of-00004.safetensors:  56%|█████▌    | 2.21G/3.95G [02:49<02:01, 14.3MB/s][A[A[A


[1Amodel-00002-of-00004.safetensors:  62%|██████▏   | 2.38G/3.86G [02:49<01:35, 15.5MB/s][A[A




[1Amodel-00003-of-00004.safetensors:  63%|██████▎   | 2.45G/3.86G [02:49<01:22, 17.1MB/s][A[A[A[A



[1A
[1Amodel-00001-of-00004.safetensors:  56%|█████▌    | 2.21G/3.95G [02:50<01:57, 14.8MB/s][A[A[A


[1A
[1Amodel-00002-of-00004.safetensors:  62%|██████▏   | 2.39G/3.86G [02:49<01:32, 15.9MB/s][A[A




[1A
[1Amodel-00003-of-00004.safetensors:  63%|██████▎   | 2.45G/3.86G [02:49<01:19, 17.7MB/s][A[A[A[A



[1A
[1Amodel-00001-of-00004.safetensors:  56%|█████▌    | 2.21G/3.95G [02:50<01:53, 15.3MB/s][A[A[A




[1A
[1Amodel-00003-of-00004.safetensors:  64%|██████▎   | 2.46G/3.86G [02:49<01:17, 18.2MB/s][A[A[A[A


[1A
[1Amodel-00002-of-00004.safetensors:  62%|██████▏   | 2.39G/3.86G [02:49<01:28, 16.6MB/s][A[A




[1A
[1Amodel-00003-of-00004.safetensors:  64%|██████▎   | 2.46G/3.86G [02:49<01:18, 17.8MB/s][A[A[A[A


[1A
[1Amodel-00002-of-00004.safetensors:  62%|██████▏   | 2.39G/3.86G [02:50<01:29, 16.6MB/s][A[A



[1A
[1Amodel-00001-of-00004.safetensors:  56%|█████▌    | 2.21G/3.95G [02:50<01:54, 15.1MB/s][A[A[A




[1Amodel-00003-of-00004.safetensors:  64%|██████▎   | 2.46G/3.86G [02:50<01:23, 16.7MB/s][A[A[A[A


[1A
[1Amodel-00002-of-00004.safetensors:  62%|██████▏   | 2.39G/3.86G [02:50<01:36, 15.3MB/s][A[A



[1Amodel-00001-of-00004.safetensors:  56%|█████▌    | 2.21G/3.95G [02:50<02:01, 14.3MB/s][A[A[A




[1Amodel-00003-of-00004.safetensors:  64%|██████▎   | 2.46G/3.86G [02:50<01:26, 16.2MB/s][A[A[A[A


[1Amodel-00002-of-00004.safetensors:  62%|██████▏   | 2.39G/3.86G [02:50<01:38, 14.9MB/s][A[A



[1A
[1Amodel-00001-of-00004.safetensors:  56%|█████▌    | 2.22G/3.95G [02:50<02:04, 13.9MB/s][A[A[A




[1A
[1Amodel-00003-of-00004.safetensors:  64%|██████▍   | 2.46G/3.86G [02:50<01:28, 15.9MB/s][A[A[A[A


[1A
[1Amodel-00002-of-00004.safetensors:  62%|██████▏   | 2.40G/3.86G [02:50<01:39, 14.7MB/s][A[A



[1Amodel-00001-of-00004.safetensors:  56%|█████▌    | 2.22G/3.95G [02:50<02:07, 13.5MB/s][A[A[A


[1Amodel-00002-of-00004.safetensors:  62%|██████▏   | 2.40G/3.86G [02:50<01:39, 14.8MB/s][A[A




[1Amodel-00003-of-00004.safetensors:  64%|██████▍   | 2.47G/3.86G [02:50<01:41, 13.8MB/s][A[A[A[A



[1Amodel-00001-of-00004.safetensors:  56%|█████▋    | 2.22G/3.95G [02:51<02:21, 12.2MB/s][A[A[A


[1Amodel-00002-of-00004.safetensors:  62%|██████▏   | 2.40G/3.86G [02:50<01:37, 15.0MB/s][A[A




[1A
[1Amodel-00003-of-00004.safetensors:  64%|██████▍   | 2.47G/3.86G [02:50<01:59, 11.7MB/s][A[A[A[A


[1Amodel-00002-of-00004.safetensors:  62%|██████▏   | 2.40G/3.86G [02:50<01:34, 15.4MB/s][A[A



[1Amodel-00001-of-00004.safetensors:  56%|█████▋    | 2.22G/3.95G [02:51<02:26, 11.8MB/s][A[A[A


[1A
[1Amodel-00002-of-00004.safetensors:  62%|██████▏   | 2.41G/3.86G [02:51<01:32, 15.7MB/s][A[A




[1Amodel-00003-of-00004.safetensors:  64%|██████▍   | 2.47G/3.86G [02:50<02:06, 11.0MB/s][A[A[A[A



[1A
[1Amodel-00001-of-00004.safetensors:  56%|█████▋    | 2.22G/3.95G [02:51<02:27, 11.7MB/s][A[A[A


[1A
[1Amodel-00002-of-00004.safetensors:  62%|██████▏   | 2.41G/3.86G [02:51<01:30, 16.2MB/s][A[A


[1A
[1Amodel-00002-of-00004.safetensors:  62%|██████▏   | 2.41G/3.86G [02:51<01:27, 16.7MB/s][A[A



[1A
[1Amodel-00001-of-00004.safetensors:  56%|█████▋    | 2.23G/3.95G [02:51<02:25, 11.8MB/s][A[A[A




[1A
[1Amodel-00003-of-00004.safetensors:  64%|██████▍   | 2.47G/3.86G [02:51<02:07, 10.9MB/s][A[A[A[A


[1A
[1Amodel-00002-of-00004.safetensors:  62%|██████▏   | 2.41G/3.86G [02:51<01:25, 17.1MB/s][A[A



[1A
[1Amodel-00001-of-00004.safetensors:  56%|█████▋    | 2.23G/3.95G [02:51<02:21, 12.1MB/s][A[A[A




[1A
[1Amodel-00003-of-00004.safetensors:  64%|██████▍   | 2.47G/3.86G [02:51<02:05, 11.1MB/s][A[A[A[A


[1A
[1Amodel-00002-of-00004.safetensors:  62%|██████▏   | 2.41G/3.86G [02:51<01:22, 17.5MB/s][A[A


[1A
[1Amodel-00002-of-00004.safetensors:  63%|██████▎   | 2.42G/3.86G [02:51<01:21, 17.8MB/s][A[A



[1A
[1Amodel-00001-of-00004.safetensors:  57%|█████▋    | 2.23G/3.95G [02:51<02:16, 12.6MB/s][A[A[A




[1A
[1Amodel-00003-of-00004.safetensors:  64%|██████▍   | 2.48G/3.86G [02:51<02:01, 11.4MB/s][A[A[A[A


[1Amodel-00002-of-00004.safetensors:  63%|██████▎   | 2.42G/3.86G [02:51<01:18, 18.4MB/s][A[A



[1A
[1Amodel-00001-of-00004.safetensors:  57%|█████▋    | 2.23G/3.95G [02:52<02:12, 12.9MB/s][A[A[A


[1A
[1Amodel-00002-of-00004.safetensors:  63%|██████▎   | 2.42G/3.86G [02:51<01:16, 18.9MB/s][A[A




[1Amodel-00003-of-00004.safetensors:  64%|██████▍   | 2.48G/3.86G [02:51<01:56, 11.9MB/s][A[A[A[A



[1Amodel-00001-of-00004.safetensors:  57%|█████▋    | 2.23G/3.95G [02:52<02:07, 13.4MB/s][A[A[A


[1A
[1Amodel-00002-of-00004.safetensors:  63%|██████▎   | 2.42G/3.86G [02:51<01:14, 19.3MB/s][A[A




[1Amodel-00003-of-00004.safetensors:  64%|██████▍   | 2.48G/3.86G [02:51<01:51, 12.4MB/s][A[A[A[A


[1A
[1Amodel-00002-of-00004.safetensors:  63%|██████▎   | 2.42G/3.86G [02:52<01:13, 19.7MB/s][A[A



[1A
[1Amodel-00001-of-00004.safetensors:  57%|█████▋    | 2.24G/3.95G [02:52<02:07, 13.4MB/s][A[A[A


[1Amodel-00002-of-00004.safetensors:  63%|██████▎   | 2.43G/3.86G [02:52<01:19, 18.2MB/s][A[A




[1Amodel-00003-of-00004.safetensors:  64%|██████▍   | 2.48G/3.86G [02:52<01:54, 12.0MB/s][A[A[A[A



[1A
[1Amodel-00001-of-00004.safetensors:  57%|█████▋    | 2.24G/3.95G [02:52<02:12, 12.9MB/s][A[A[A


[1Amodel-00002-of-00004.safetensors:  63%|██████▎   | 2.43G/3.86G [02:52<01:22, 17.3MB/s][A[A




[1A
[1Amodel-00003-of-00004.safetensors:  64%|██████▍   | 2.49G/3.86G [02:52<01:59, 11.6MB/s][A[A[A[A



[1Amodel-00001-of-00004.safetensors:  57%|█████▋    | 2.24G/3.95G [02:52<02:15, 12.6MB/s][A[A[A


[1A
[1Amodel-00002-of-00004.safetensors:  63%|██████▎   | 2.43G/3.86G [02:52<01:25, 16.7MB/s][A[A




[1Amodel-00003-of-00004.safetensors:  64%|██████▍   | 2.49G/3.86G [02:52<01:59, 11.5MB/s][A[A[A[A


[1A
[1Amodel-00002-of-00004.safetensors:  63%|██████▎   | 2.43G/3.86G [02:52<01:25, 16.8MB/s][A[A



[1Amodel-00001-of-00004.safetensors:  57%|█████▋    | 2.24G/3.95G [02:52<02:16, 12.5MB/s][A[A[A


[1Amodel-00002-of-00004.safetensors:  63%|██████▎   | 2.43G/3.86G [02:52<01:25, 16.8MB/s][A[A




[1Amodel-00003-of-00004.safetensors:  64%|██████▍   | 2.49G/3.86G [02:52<01:56, 11.8MB/s][A[A[A[A



[1Amodel-00001-of-00004.safetensors:  57%|█████▋    | 2.25G/3.95G [02:53<02:14, 12.6MB/s][A[A[A


[1A
[1Amodel-00002-of-00004.safetensors:  63%|██████▎   | 2.44G/3.86G [02:52<01:23, 17.0MB/s][A[A




[1A
[1Amodel-00003-of-00004.safetensors:  64%|██████▍   | 2.49G/3.86G [02:52<01:52, 12.2MB/s][A[A[A[A



[1Amodel-00001-of-00004.safetensors:  57%|█████▋    | 2.25G/3.95G [02:53<02:10, 13.0MB/s][A[A[A


[1Amodel-00002-of-00004.safetensors:  63%|██████▎   | 2.44G/3.86G [02:52<01:22, 17.3MB/s][A[A




[1A
[1Amodel-00003-of-00004.safetensors:  65%|██████▍   | 2.49G/3.86G [02:52<01:49, 12.6MB/s][A[A[A[A


[1Amodel-00002-of-00004.safetensors:  63%|██████▎   | 2.44G/3.86G [02:53<01:20, 17.6MB/s][A[A



[1Amodel-00001-of-00004.safetensors:  57%|█████▋    | 2.25G/3.95G [02:53<02:07, 13.3MB/s][A[A[A


[1A
[1Amodel-00002-of-00004.safetensors:  63%|██████▎   | 2.44G/3.86G [02:53<01:22, 17.3MB/s][A[A




[1Amodel-00003-of-00004.safetensors:  65%|██████▍   | 2.50G/3.86G [02:53<01:52, 12.1MB/s][A[A[A[A



[1Amodel-00001-of-00004.safetensors:  57%|█████▋    | 2.25G/3.95G [02:53<02:29, 11.3MB/s][A[A[A


[1Amodel-00002-of-00004.safetensors:  63%|██████▎   | 2.45G/3.86G [02:53<01:28, 16.0MB/s][A[A




[1A
[1Amodel-00003-of-00004.safetensors:  65%|██████▍   | 2.50G/3.86G [02:53<01:56, 11.7MB/s][A[A[A[A


[1A
[1Amodel-00002-of-00004.safetensors:  63%|██████▎   | 2.45G/3.86G [02:53<01:32, 15.3MB/s][A[A



[1Amodel-00001-of-00004.safetensors:  57%|█████▋    | 2.25G/3.95G [02:53<02:46, 10.2MB/s][A[A[A




[1Amodel-00003-of-00004.safetensors:  65%|██████▍   | 2.50G/3.86G [02:53<01:56, 11.7MB/s][A[A[A[A


[1A
[1Amodel-00002-of-00004.safetensors:  63%|██████▎   | 2.45G/3.86G [02:53<01:33, 15.2MB/s][A[A


[1Amodel-00002-of-00004.safetensors:  63%|██████▎   | 2.45G/3.86G [02:53<01:32, 15.3MB/s][A[A




[1A
[1Amodel-00003-of-00004.safetensors:  65%|██████▍   | 2.50G/3.86G [02:53<01:54, 11.9MB/s][A[A[A[A



[1A
[1Amodel-00001-of-00004.safetensors:  57%|█████▋    | 2.26G/3.95G [02:54<02:52, 9.78MB/s][A[A[A


[1A
[1Amodel-00002-of-00004.safetensors:  63%|██████▎   | 2.45G/3.86G [02:53<01:31, 15.4MB/s][A[A



[1A
[1Amodel-00001-of-00004.safetensors:  57%|█████▋    | 2.26G/3.95G [02:54<02:52, 9.78MB/s][A[A[A




[1Amodel-00003-of-00004.safetensors:  65%|██████▍   | 2.50G/3.86G [02:53<01:51, 12.2MB/s][A[A[A[A


[1Amodel-00002-of-00004.safetensors:  64%|██████▎   | 2.46G/3.86G [02:54<01:29, 15.7MB/s][A[A



[1A
[1Amodel-00001-of-00004.safetensors:  57%|█████▋    | 2.26G/3.95G [02:54<02:50, 9.89MB/s][A[A[A




[1Amodel-00003-of-00004.safetensors:  65%|██████▍   | 2.51G/3.86G [02:53<01:47, 12.6MB/s][A[A[A[A



[1A
[1Amodel-00001-of-00004.safetensors:  57%|█████▋    | 2.26G/3.95G [02:54<02:49, 9.93MB/s][A[A[A


[1Amodel-00002-of-00004.safetensors:  64%|██████▎   | 2.46G/3.86G [02:54<01:27, 16.2MB/s][A[A




[1A
[1Amodel-00003-of-00004.safetensors:  65%|██████▍   | 2.51G/3.86G [02:54<01:43, 13.1MB/s][A[A[A[A


[1A
[1Amodel-00002-of-00004.safetensors:  64%|██████▎   | 2.46G/3.86G [02:54<01:25, 16.5MB/s][A[A



[1Amodel-00001-of-00004.safetensors:  57%|█████▋    | 2.26G/3.95G [02:54<02:41, 10.5MB/s][A[A[A




[1Amodel-00003-of-00004.safetensors:  65%|██████▍   | 2.51G/3.86G [02:54<01:38, 13.7MB/s][A[A[A[A


[1A
[1Amodel-00002-of-00004.safetensors:  64%|██████▎   | 2.46G/3.86G [02:54<01:22, 16.9MB/s][A[A


[1A
[1Amodel-00002-of-00004.safetensors:  64%|██████▍   | 2.46G/3.86G [02:54<01:20, 17.4MB/s][A[A



[1Amodel-00001-of-00004.safetensors:  57%|█████▋    | 2.26G/3.95G [02:54<02:34, 10.9MB/s][A[A[A




[1A
[1Amodel-00003-of-00004.safetensors:  65%|██████▌   | 2.51G/3.86G [02:54<01:35, 14.2MB/s][A[A[A[A


[1Amodel-00002-of-00004.safetensors:  64%|██████▍   | 2.47G/3.86G [02:54<01:18, 17.7MB/s][A[A




[1Amodel-00003-of-00004.safetensors:  65%|██████▌   | 2.51G/3.86G [02:54<01:31, 14.8MB/s][A[A[A[A



[1Amodel-00001-of-00004.safetensors:  57%|█████▋    | 2.26G/3.95G [02:54<02:28, 11.3MB/s][A[A[A


[1Amodel-00002-of-00004.safetensors:  64%|██████▍   | 2.47G/3.86G [02:54<01:16, 18.3MB/s][A[A




[1A
[1Amodel-00003-of-00004.safetensors:  65%|██████▌   | 2.52G/3.86G [02:54<01:28, 15.3MB/s][A[A[A[A


[1A
[1Amodel-00002-of-00004.safetensors:  64%|██████▍   | 2.47G/3.86G [02:54<01:14, 18.8MB/s][A[A



[1Amodel-00001-of-00004.safetensors:  57%|█████▋    | 2.27G/3.95G [02:55<02:20, 12.0MB/s][A[A[A




[1A
[1Amodel-00003-of-00004.safetensors:  65%|██████▌   | 2.52G/3.86G [02:54<01:24, 15.9MB/s][A[A[A[A


[1A
[1Amodel-00002-of-00004.safetensors:  64%|██████▍   | 2.47G/3.86G [02:54<01:12, 19.2MB/s][A[A



[1A
[1Amodel-00001-of-00004.safetensors:  58%|█████▊    | 2.27G/3.95G [02:55<02:20, 11.9MB/s][A[A[A




[1Amodel-00003-of-00004.safetensors:  65%|██████▌   | 2.52G/3.86G [02:54<01:23, 16.1MB/s][A[A[A[A


[1A
[1Amodel-00002-of-00004.safetensors:  64%|██████▍   | 2.47G/3.86G [02:55<01:13, 18.8MB/s][A[A




[1Amodel-00003-of-00004.safetensors:  65%|██████▌   | 2.52G/3.86G [02:55<01:29, 15.0MB/s][A[A[A[A


[1Amodel-00002-of-00004.safetensors:  64%|██████▍   | 2.48G/3.86G [02:55<01:19, 17.4MB/s][A[A



[1A
[1Amodel-00001-of-00004.safetensors:  58%|█████▊    | 2.27G/3.95G [02:55<02:24, 11.6MB/s][A[A[A


[1Amodel-00002-of-00004.safetensors:  64%|██████▍   | 2.48G/3.86G [02:55<01:23, 16.6MB/s][A[A




[1Amodel-00003-of-00004.safetensors:  65%|██████▌   | 2.52G/3.86G [02:55<01:32, 14.5MB/s][A[A[A[A



[1Amodel-00001-of-00004.safetensors:  58%|█████▊    | 2.27G/3.95G [02:55<02:27, 11.3MB/s][A[A[A


[1Amodel-00002-of-00004.safetensors:  64%|██████▍   | 2.48G/3.86G [02:55<01:24, 16.4MB/s][A[A




[1Amodel-00003-of-00004.safetensors:  65%|██████▌   | 2.53G/3.86G [02:55<01:32, 14.4MB/s][A[A[A[A



[1Amodel-00001-of-00004.safetensors:  58%|█████▊    | 2.28G/3.95G [02:55<02:26, 11.4MB/s][A[A[A


[1A
[1Amodel-00002-of-00004.safetensors:  64%|██████▍   | 2.48G/3.86G [02:55<01:23, 16.5MB/s][A[A




[1A
[1Amodel-00003-of-00004.safetensors:  65%|██████▌   | 2.53G/3.86G [02:55<01:31, 14.5MB/s][A[A[A[A


[1Amodel-00002-of-00004.safetensors:  64%|██████▍   | 2.49G/3.86G [02:55<01:23, 16.5MB/s][A[A



[1Amodel-00001-of-00004.safetensors:  58%|█████▊    | 2.28G/3.95G [02:56<02:23, 11.6MB/s][A[A[A




[1A
[1Amodel-00003-of-00004.safetensors:  65%|██████▌   | 2.53G/3.86G [02:55<01:30, 14.8MB/s][A[A[A[A


[1A
[1Amodel-00002-of-00004.safetensors:  64%|██████▍   | 2.49G/3.86G [02:55<01:23, 16.4MB/s][A[A




[1Amodel-00003-of-00004.safetensors:  66%|██████▌   | 2.53G/3.86G [02:55<01:34, 14.1MB/s][A[A[A[A



[1A
[1Amodel-00001-of-00004.safetensors:  58%|█████▊    | 2.28G/3.95G [02:56<02:28, 11.2MB/s][A[A[A


[1Amodel-00002-of-00004.safetensors:  64%|██████▍   | 2.49G/3.86G [02:55<01:29, 15.4MB/s][A[A




[1A
[1Amodel-00003-of-00004.safetensors:  66%|██████▌   | 2.54G/3.86G [02:55<01:40, 13.3MB/s][A[A[A[A


[1Amodel-00002-of-00004.safetensors:  64%|██████▍   | 2.49G/3.86G [02:56<01:34, 14.5MB/s][A[A



[1Amodel-00001-of-00004.safetensors:  58%|█████▊    | 2.28G/3.95G [02:56<02:36, 10.7MB/s][A[A[A




[1Amodel-00003-of-00004.safetensors:  66%|██████▌   | 2.54G/3.86G [02:56<01:41, 13.0MB/s][A[A[A[A


[1A
[1Amodel-00002-of-00004.safetensors:  65%|██████▍   | 2.49G/3.86G [02:56<01:35, 14.3MB/s][A[A



[1Amodel-00001-of-00004.safetensors:  58%|█████▊    | 2.28G/3.95G [02:56<02:37, 10.6MB/s][A[A[A




[1A
[1Amodel-00003-of-00004.safetensors:  66%|██████▌   | 2.54G/3.86G [02:56<01:41, 13.0MB/s][A[A[A[A


[1A
[1Amodel-00002-of-00004.safetensors:  65%|██████▍   | 2.50G/3.86G [02:56<01:35, 14.4MB/s][A[A



[1A
[1Amodel-00001-of-00004.safetensors:  58%|█████▊    | 2.29G/3.95G [02:56<02:34, 10.8MB/s][A[A[A




[1Amodel-00003-of-00004.safetensors:  66%|██████▌   | 2.54G/3.86G [02:56<01:39, 13.3MB/s][A[A[A[A


[1Amodel-00002-of-00004.safetensors:  65%|██████▍   | 2.50G/3.86G [02:56<01:34, 14.5MB/s][A[A




[1Amodel-00003-of-00004.safetensors:  66%|██████▌   | 2.54G/3.86G [02:56<01:36, 13.7MB/s][A[A[A[A


[1Amodel-00002-of-00004.safetensors:  65%|██████▍   | 2.50G/3.86G [02:56<01:32, 14.8MB/s][A[A



[1A
[1Amodel-00001-of-00004.safetensors:  58%|█████▊    | 2.29G/3.95G [02:57<02:29, 11.1MB/s][A[A[A


[1Amodel-00002-of-00004.safetensors:  65%|██████▍   | 2.50G/3.86G [02:56<01:29, 15.3MB/s][A[A




[1A
[1Amodel-00003-of-00004.safetensors:  66%|██████▌   | 2.55G/3.86G [02:56<01:33, 14.1MB/s][A[A[A[A



[1A
[1Amodel-00001-of-00004.safetensors:  58%|█████▊    | 2.29G/3.95G [02:57<02:24, 11.5MB/s][A[A[A


[1A
[1Amodel-00002-of-00004.safetensors:  65%|██████▍   | 2.50G/3.86G [02:56<01:26, 15.6MB/s][A[A




[1Amodel-00003-of-00004.safetensors:  66%|██████▌   | 2.55G/3.86G [02:56<01:30, 14.5MB/s][A[A[A[A



[1A
[1Amodel-00001-of-00004.safetensors:  58%|█████▊    | 2.29G/3.95G [02:57<02:18, 11.9MB/s][A[A[A


[1A
[1Amodel-00002-of-00004.safetensors:  65%|██████▍   | 2.51G/3.86G [02:57<01:24, 16.0MB/s][A[A




[1Amodel-00003-of-00004.safetensors:  66%|██████▌   | 2.55G/3.86G [02:56<01:27, 15.0MB/s][A[A[A[A



[1Amodel-00001-of-00004.safetensors:  58%|█████▊    | 2.29G/3.95G [02:57<02:12, 12.5MB/s][A[A[A


[1A
[1Amodel-00002-of-00004.safetensors:  65%|██████▍   | 2.51G/3.86G [02:57<01:21, 16.6MB/s][A[A




[1Amodel-00003-of-00004.safetensors:  66%|██████▌   | 2.55G/3.86G [02:57<01:24, 15.5MB/s][A[A[A[A


[1Amodel-00002-of-00004.safetensors:  65%|██████▍   | 2.51G/3.86G [02:57<01:19, 17.0MB/s][A[A



[1Amodel-00001-of-00004.safetensors:  58%|█████▊    | 2.30G/3.95G [02:57<02:07, 12.9MB/s][A[A[A




[1Amodel-00003-of-00004.safetensors:  66%|██████▌   | 2.55G/3.86G [02:57<01:21, 16.0MB/s][A[A[A[A


[1A
[1Amodel-00002-of-00004.safetensors:  65%|██████▌   | 2.51G/3.86G [02:57<01:24, 16.0MB/s][A[A




[1Amodel-00003-of-00004.safetensors:  66%|██████▌   | 2.56G/3.86G [02:57<01:18, 16.6MB/s][A[A[A[A



[1A
[1Amodel-00001-of-00004.safetensors:  58%|█████▊    | 2.30G/3.95G [02:57<02:14, 12.3MB/s][A[A[A




[1Amodel-00003-of-00004.safetensors:  66%|██████▌   | 2.56G/3.86G [02:57<01:15, 17.2MB/s][A[A[A[A


[1A
[1Amodel-00002-of-00004.safetensors:  65%|██████▌   | 2.51G/3.86G [02:57<01:29, 15.1MB/s][A[A




[1A
[1Amodel-00003-of-00004.safetensors:  66%|██████▋   | 2.56G/3.86G [02:57<01:14, 17.6MB/s][A[A[A[A


[1A
[1Amodel-00002-of-00004.safetensors:  65%|██████▌   | 2.52G/3.86G [02:57<01:31, 14.8MB/s][A[A



[1A
[1Amodel-00001-of-00004.safetensors:  58%|█████▊    | 2.30G/3.95G [02:58<02:34, 10.7MB/s][A[A[A




[1Amodel-00003-of-00004.safetensors:  66%|██████▋   | 2.56G/3.86G [02:57<01:11, 18.2MB/s][A[A[A[A




[1A
[1Amodel-00003-of-00004.safetensors:  66%|██████▋   | 2.56G/3.86G [02:57<01:09, 18.6MB/s][A[A[A[A


[1A
[1Amodel-00002-of-00004.safetensors:  65%|██████▌   | 2.52G/3.86G [02:57<01:30, 14.8MB/s][A[A




[1Amodel-00003-of-00004.safetensors:  66%|██████▋   | 2.57G/3.86G [02:57<01:14, 17.4MB/s][A[A[A[A


[1Amodel-00002-of-00004.safetensors:  65%|██████▌   | 2.52G/3.86G [02:58<01:39, 13.5MB/s][A[A



[1A
[1Amodel-00001-of-00004.safetensors:  58%|█████▊    | 2.30G/3.95G [02:58<03:08, 8.73MB/s][A[A[A




[1Amodel-00003-of-00004.safetensors:  66%|██████▋   | 2.57G/3.86G [02:58<01:18, 16.5MB/s][A[A[A[A


[1A
[1Amodel-00002-of-00004.safetensors:  65%|██████▌   | 2.52G/3.86G [02:58<01:44, 12.8MB/s][A[A




[1A
[1Amodel-00003-of-00004.safetensors:  67%|██████▋   | 2.57G/3.86G [02:58<01:20, 16.1MB/s][A[A[A[A



[1Amodel-00001-of-00004.safetensors:  58%|█████▊    | 2.30G/3.95G [02:58<03:30, 7.81MB/s][A[A[A


[1A
[1Amodel-00002-of-00004.safetensors:  65%|██████▌   | 2.52G/3.86G [02:58<01:46, 12.6MB/s][A[A




[1A
[1Amodel-00003-of-00004.safetensors:  67%|██████▋   | 2.57G/3.86G [02:58<01:20, 16.0MB/s][A[A[A[A



[1A
[1Amodel-00001-of-00004.safetensors:  58%|█████▊    | 2.30G/3.95G [02:58<03:43, 7.33MB/s][A[A[A




[1A
[1Amodel-00003-of-00004.safetensors:  67%|██████▋   | 2.58G/3.86G [02:58<01:19, 16.2MB/s][A[A[A[A


[1A
[1Amodel-00002-of-00004.safetensors:  65%|██████▌   | 2.53G/3.86G [02:58<01:45, 12.7MB/s][A[A



[1Amodel-00001-of-00004.safetensors:  58%|█████▊    | 2.31G/3.95G [02:58<03:48, 7.17MB/s][A[A[A




[1A
[1Amodel-00003-of-00004.safetensors:  67%|██████▋   | 2.58G/3.86G [02:58<01:18, 16.4MB/s][A[A[A[A


[1A
[1Amodel-00002-of-00004.safetensors:  65%|██████▌   | 2.53G/3.86G [02:58<01:42, 13.0MB/s][A[A



[1A
[1Amodel-00001-of-00004.safetensors:  58%|█████▊    | 2.31G/3.95G [02:59<03:48, 7.16MB/s][A[A[A




[1A
[1Amodel-00003-of-00004.safetensors:  67%|██████▋   | 2.58G/3.86G [02:58<01:16, 16.7MB/s][A[A[A[A


[1A
[1Amodel-00002-of-00004.safetensors:  65%|██████▌   | 2.53G/3.86G [02:58<01:41, 13.2MB/s][A[A




[1A
[1Amodel-00003-of-00004.safetensors:  67%|██████▋   | 2.58G/3.86G [02:58<01:15, 17.1MB/s][A[A[A[A



[1Amodel-00001-of-00004.safetensors:  58%|█████▊    | 2.31G/3.95G [02:59<03:44, 7.29MB/s][A[A[A




[1Amodel-00003-of-00004.safetensors:  67%|██████▋   | 2.58G/3.86G [02:58<01:13, 17.5MB/s][A[A[A[A


[1A
[1Amodel-00002-of-00004.safetensors:  66%|██████▌   | 2.53G/3.86G [02:59<01:37, 13.7MB/s][A[A



[1Amodel-00001-of-00004.safetensors:  59%|█████▊    | 2.31G/3.95G [02:59<03:38, 7.50MB/s][A[A[A




[1A
[1Amodel-00003-of-00004.safetensors:  67%|██████▋   | 2.59G/3.86G [02:59<01:11, 18.0MB/s][A[A[A[A



[1A
[1Amodel-00001-of-00004.safetensors:  59%|█████▊    | 2.31G/3.95G [02:59<03:29, 7.82MB/s][A[A[A


[1A
[1Amodel-00002-of-00004.safetensors:  66%|██████▌   | 2.54G/3.86G [02:59<01:33, 14.2MB/s][A[A




[1Amodel-00003-of-00004.safetensors:  67%|██████▋   | 2.59G/3.86G [02:59<01:09, 18.4MB/s][A[A[A[A



[1A
[1Amodel-00001-of-00004.safetensors:  59%|█████▊    | 2.31G/3.95G [02:59<03:21, 8.11MB/s][A[A[A


[1Amodel-00002-of-00004.safetensors:  66%|██████▌   | 2.54G/3.86G [02:59<01:30, 14.7MB/s][A[A




[1Amodel-00003-of-00004.safetensors:  67%|██████▋   | 2.59G/3.86G [02:59<01:07, 18.8MB/s][A[A[A[A



[1A
[1Amodel-00001-of-00004.safetensors:  59%|█████▊    | 2.31G/3.95G [02:59<03:11, 8.51MB/s][A[A[A


[1Amodel-00002-of-00004.safetensors:  66%|██████▌   | 2.54G/3.86G [02:59<01:27, 15.2MB/s][A[A




[1Amodel-00003-of-00004.safetensors:  67%|██████▋   | 2.59G/3.86G [02:59<01:06, 19.3MB/s][A[A[A[A



[1A
[1Amodel-00001-of-00004.safetensors:  59%|█████▊    | 2.31G/3.95G [02:59<03:04, 8.85MB/s][A[A[A




[1A
[1Amodel-00003-of-00004.safetensors:  67%|██████▋   | 2.59G/3.86G [02:59<01:04, 19.6MB/s][A[A[A[A


[1A
[1Amodel-00002-of-00004.safetensors:  66%|██████▌   | 2.54G/3.86G [02:59<01:24, 15.7MB/s][A[A



[1Amodel-00001-of-00004.safetensors:  59%|█████▊    | 2.31G/3.95G [02:59<02:56, 9.26MB/s][A[A[A


[1A
[1Amodel-00002-of-00004.safetensors:  66%|██████▌   | 2.54G/3.86G [02:59<01:21, 16.2MB/s][A[A




[1A
[1Amodel-00003-of-00004.safetensors:  67%|██████▋   | 2.60G/3.86G [02:59<01:02, 20.3MB/s][A[A[A[A



[1A
[1Amodel-00001-of-00004.safetensors:  59%|█████▊    | 2.32G/3.95G [03:00<02:42, 10.0MB/s][A[A[A


[1A
[1Amodel-00002-of-00004.safetensors:  66%|██████▌   | 2.55G/3.86G [02:59<01:18, 16.7MB/s][A[A




[1Amodel-00003-of-00004.safetensors:  67%|██████▋   | 2.60G/3.86G [02:59<01:00, 20.9MB/s][A[A[A[A


[1Amodel-00002-of-00004.safetensors:  66%|██████▌   | 2.55G/3.86G [02:59<01:16, 17.2MB/s][A[A



[1A
[1Amodel-00001-of-00004.safetensors:  59%|█████▉    | 2.32G/3.95G [03:00<02:33, 10.6MB/s][A[A[A




[1A
[1Amodel-00003-of-00004.safetensors:  67%|██████▋   | 2.60G/3.86G [02:59<00:58, 21.4MB/s][A[A[A[A


[1Amodel-00002-of-00004.safetensors:  66%|██████▌   | 2.55G/3.86G [03:00<01:14, 17.6MB/s][A[A



[1Amodel-00001-of-00004.safetensors:  59%|█████▉    | 2.32G/3.95G [03:00<02:35, 10.5MB/s][A[A[A




[1Amodel-00003-of-00004.safetensors:  67%|██████▋   | 2.61G/3.86G [03:00<01:07, 18.6MB/s][A[A[A[A


[1A
[1Amodel-00002-of-00004.safetensors:  66%|██████▌   | 2.55G/3.86G [03:00<01:31, 14.3MB/s][A[A



[1A
[1Amodel-00001-of-00004.safetensors:  59%|█████▉    | 2.32G/3.95G [03:00<02:59, 9.08MB/s][A[A[A




[1A
[1Amodel-00003-of-00004.safetensors:  68%|██████▊   | 2.61G/3.86G [03:00<01:16, 16.5MB/s][A[A[A[A



[1Amodel-00001-of-00004.safetensors:  59%|█████▉    | 2.32G/3.95G [03:00<03:14, 8.35MB/s][A[A[A


[1Amodel-00002-of-00004.safetensors:  66%|██████▌   | 2.55G/3.86G [03:00<01:42, 12.8MB/s][A[A



[1Amodel-00001-of-00004.safetensors:  59%|█████▉    | 2.32G/3.95G [03:00<03:20, 8.08MB/s][A[A[A




[1Amodel-00003-of-00004.safetensors:  68%|██████▊   | 2.61G/3.86G [03:00<01:21, 15.4MB/s][A[A[A[A


[1Amodel-00002-of-00004.safetensors:  66%|██████▌   | 2.56G/3.86G [03:00<01:47, 12.2MB/s][A[A



[1A
[1Amodel-00001-of-00004.safetensors:  59%|█████▉    | 2.32G/3.95G [03:01<03:22, 8.01MB/s][A[A[A




[1Amodel-00003-of-00004.safetensors:  68%|██████▊   | 2.61G/3.86G [03:00<01:23, 14.9MB/s][A[A[A[A



[1A
[1Amodel-00001-of-00004.safetensors:  59%|█████▉    | 2.32G/3.95G [03:01<03:19, 8.11MB/s][A[A[A


[1A
[1Amodel-00002-of-00004.safetensors:  66%|██████▌   | 2.56G/3.86G [03:00<01:47, 12.2MB/s][A[A




[1A
[1Amodel-00003-of-00004.safetensors:  68%|██████▊   | 2.62G/3.86G [03:00<01:24, 14.7MB/s][A[A[A[A



[1Amodel-00001-of-00004.safetensors:  59%|█████▉    | 2.33G/3.95G [03:01<03:14, 8.35MB/s][A[A[A


[1A
[1Amodel-00002-of-00004.safetensors:  66%|██████▋   | 2.56G/3.86G [03:00<01:46, 12.3MB/s][A[A




[1A
[1Amodel-00003-of-00004.safetensors:  68%|██████▊   | 2.62G/3.86G [03:00<01:24, 14.7MB/s][A[A[A[A



[1A
[1Amodel-00001-of-00004.safetensors:  59%|█████▉    | 2.33G/3.95G [03:01<03:10, 8.52MB/s][A[A[A




[1Amodel-00003-of-00004.safetensors:  68%|██████▊   | 2.62G/3.86G [03:00<01:23, 15.0MB/s][A[A[A[A


[1A
[1Amodel-00002-of-00004.safetensors:  66%|██████▋   | 2.56G/3.86G [03:01<01:43, 12.6MB/s][A[A



[1Amodel-00001-of-00004.safetensors:  59%|█████▉    | 2.33G/3.95G [03:01<03:03, 8.84MB/s][A[A[A



[1A
[1Amodel-00001-of-00004.safetensors:  59%|█████▉    | 2.33G/3.95G [03:01<02:56, 9.16MB/s][A[A[A




[1Amodel-00003-of-00004.safetensors:  68%|██████▊   | 2.62G/3.86G [03:01<01:22, 15.1MB/s][A[A[A[A


[1A
[1Amodel-00002-of-00004.safetensors:  66%|██████▋   | 2.56G/3.86G [03:01<01:40, 12.9MB/s][A[A




[1A
[1Amodel-00003-of-00004.safetensors:  68%|██████▊   | 2.62G/3.86G [03:01<01:19, 15.6MB/s][A[A[A[A


[1Amodel-00002-of-00004.safetensors:  66%|██████▋   | 2.57G/3.86G [03:01<01:36, 13.4MB/s][A[A



[1A
[1Amodel-00001-of-00004.safetensors:  59%|█████▉    | 2.33G/3.95G [03:01<02:44, 9.84MB/s][A[A[A




[1Amodel-00003-of-00004.safetensors:  68%|██████▊   | 2.63G/3.86G [03:01<01:17, 16.0MB/s][A[A[A[A


[1A
[1Amodel-00002-of-00004.safetensors:  66%|██████▋   | 2.57G/3.86G [03:01<01:33, 13.9MB/s][A[A




[1A
[1Amodel-00003-of-00004.safetensors:  68%|██████▊   | 2.63G/3.86G [03:01<01:15, 16.5MB/s][A[A[A[A



[1Amodel-00001-of-00004.safetensors:  59%|█████▉    | 2.33G/3.95G [03:01<02:34, 10.4MB/s][A[A[A


[1A
[1Amodel-00002-of-00004.safetensors:  67%|██████▋   | 2.57G/3.86G [03:01<01:30, 14.3MB/s][A[A




[1Amodel-00003-of-00004.safetensors:  68%|██████▊   | 2.63G/3.86G [03:01<01:12, 17.0MB/s][A[A[A[A



[1A
[1Amodel-00001-of-00004.safetensors:  59%|█████▉    | 2.34G/3.95G [03:02<02:26, 11.0MB/s][A[A[A


[1A
[1Amodel-00002-of-00004.safetensors:  67%|██████▋   | 2.57G/3.86G [03:01<01:26, 14.9MB/s][A[A




[1A
[1Amodel-00003-of-00004.safetensors:  68%|██████▊   | 2.63G/3.86G [03:01<01:10, 17.6MB/s][A[A[A[A


[1A
[1Amodel-00002-of-00004.safetensors:  67%|██████▋   | 2.58G/3.86G [03:01<01:23, 15.4MB/s][A[A




[1A
[1Amodel-00003-of-00004.safetensors:  68%|██████▊   | 2.63G/3.86G [03:01<01:08, 18.0MB/s][A[A[A[A



[1Amodel-00001-of-00004.safetensors:  59%|█████▉    | 2.34G/3.95G [03:02<02:18, 11.6MB/s][A[A[A




[1A
[1Amodel-00003-of-00004.safetensors:  68%|██████▊   | 2.64G/3.86G [03:01<01:06, 18.4MB/s][A[A[A[A


[1A
[1Amodel-00002-of-00004.safetensors:  67%|██████▋   | 2.58G/3.86G [03:02<01:21, 15.9MB/s][A[A



[1A
[1Amodel-00001-of-00004.safetensors:  59%|█████▉    | 2.34G/3.95G [03:02<02:13, 12.1MB/s][A[A[A




[1Amodel-00003-of-00004.safetensors:  68%|██████▊   | 2.64G/3.86G [03:02<01:04, 18.9MB/s][A[A[A[A


[1Amodel-00002-of-00004.safetensors:  67%|██████▋   | 2.58G/3.86G [03:02<01:18, 16.4MB/s][A[A



[1Amodel-00001-of-00004.safetensors:  59%|█████▉    | 2.34G/3.95G [03:02<02:07, 12.6MB/s][A[A[A




[1Amodel-00003-of-00004.safetensors:  68%|██████▊   | 2.64G/3.86G [03:02<01:03, 19.4MB/s][A[A[A[A


[1Amodel-00002-of-00004.safetensors:  67%|██████▋   | 2.58G/3.86G [03:02<01:15, 16.9MB/s][A[A




[1Amodel-00003-of-00004.safetensors:  68%|██████▊   | 2.64G/3.86G [03:02<01:01, 19.8MB/s][A[A[A[A



[1Amodel-00001-of-00004.safetensors:  59%|█████▉    | 2.34G/3.95G [03:02<02:01, 13.2MB/s][A[A[A


[1A
[1Amodel-00002-of-00004.safetensors:  67%|██████▋   | 2.58G/3.86G [03:02<01:13, 17.3MB/s][A[A




[1A
[1Amodel-00003-of-00004.safetensors:  68%|██████▊   | 2.65G/3.86G [03:02<00:59, 20.4MB/s][A[A[A[A


[1A
[1Amodel-00002-of-00004.safetensors:  67%|██████▋   | 2.59G/3.86G [03:02<01:12, 17.7MB/s][A[A



[1Amodel-00001-of-00004.safetensors:  59%|█████▉    | 2.35G/3.95G [03:02<01:56, 13.7MB/s][A[A[A




[1A
[1Amodel-00003-of-00004.safetensors:  69%|██████▊   | 2.65G/3.86G [03:02<01:05, 18.5MB/s][A[A[A[A


[1A
[1Amodel-00002-of-00004.safetensors:  67%|██████▋   | 2.59G/3.86G [03:02<01:16, 16.8MB/s][A[A



[1Amodel-00001-of-00004.safetensors:  60%|█████▉    | 2.35G/3.95G [03:03<02:19, 11.5MB/s][A[A[A


[1A
[1Amodel-00002-of-00004.safetensors:  67%|██████▋   | 2.59G/3.86G [03:02<01:20, 15.8MB/s][A[A




[1A
[1Amodel-00003-of-00004.safetensors:  69%|██████▊   | 2.65G/3.86G [03:02<01:17, 15.7MB/s][A[A[A[A


[1A
[1Amodel-00002-of-00004.safetensors:  67%|██████▋   | 2.59G/3.86G [03:02<01:21, 15.6MB/s][A[A




[1Amodel-00003-of-00004.safetensors:  69%|██████▊   | 2.65G/3.86G [03:02<01:23, 14.5MB/s][A[A[A[A



[1A
[1Amodel-00001-of-00004.safetensors:  60%|█████▉    | 2.35G/3.95G [03:03<02:33, 10.4MB/s][A[A[A


[1Amodel-00002-of-00004.safetensors:  67%|██████▋   | 2.59G/3.86G [03:03<01:21, 15.5MB/s][A[A




[1A
[1Amodel-00003-of-00004.safetensors:  69%|██████▊   | 2.65G/3.86G [03:03<01:26, 14.0MB/s][A[A[A[A


[1Amodel-00002-of-00004.safetensors:  67%|██████▋   | 2.60G/3.86G [03:03<01:21, 15.6MB/s][A[A



[1A
[1Amodel-00001-of-00004.safetensors:  60%|█████▉    | 2.35G/3.95G [03:03<02:37, 10.1MB/s][A[A[A




[1A
[1Amodel-00003-of-00004.safetensors:  69%|██████▊   | 2.66G/3.86G [03:03<01:27, 13.9MB/s][A[A[A[A


[1Amodel-00002-of-00004.safetensors:  67%|██████▋   | 2.60G/3.86G [03:03<01:19, 16.0MB/s][A[A



[1A
[1Amodel-00001-of-00004.safetensors:  60%|█████▉    | 2.35G/3.95G [03:03<02:35, 10.2MB/s][A[A[A


[1A
[1Amodel-00002-of-00004.safetensors:  67%|██████▋   | 2.60G/3.86G [03:03<01:17, 16.3MB/s][A[A




[1Amodel-00003-of-00004.safetensors:  69%|██████▉   | 2.66G/3.86G [03:03<01:26, 14.0MB/s][A[A[A[A


[1Amodel-00002-of-00004.safetensors:  67%|██████▋   | 2.60G/3.86G [03:03<01:16, 16.5MB/s][A[A




[1Amodel-00003-of-00004.safetensors:  69%|██████▉   | 2.66G/3.86G [03:03<01:25, 14.1MB/s][A[A[A[A



[1Amodel-00001-of-00004.safetensors:  60%|█████▉    | 2.36G/3.95G [03:04<02:33, 10.4MB/s][A[A[A


[1A
[1Amodel-00002-of-00004.safetensors:  67%|██████▋   | 2.60G/3.86G [03:03<01:14, 16.9MB/s][A[A




[1Amodel-00003-of-00004.safetensors:  69%|██████▉   | 2.66G/3.86G [03:03<01:22, 14.6MB/s][A[A[A[A


[1Amodel-00002-of-00004.safetensors:  67%|██████▋   | 2.61G/3.86G [03:03<01:12, 17.4MB/s][A[A



[1Amodel-00001-of-00004.safetensors:  60%|█████▉    | 2.36G/3.95G [03:04<02:27, 10.8MB/s][A[A[A




[1Amodel-00003-of-00004.safetensors:  69%|██████▉   | 2.66G/3.86G [03:03<01:20, 14.9MB/s][A[A[A[A


[1A
[1Amodel-00002-of-00004.safetensors:  68%|██████▊   | 2.61G/3.86G [03:03<01:10, 17.7MB/s][A[A



[1Amodel-00001-of-00004.safetensors:  60%|█████▉    | 2.36G/3.95G [03:04<02:20, 11.3MB/s][A[A[A




[1Amodel-00003-of-00004.safetensors:  69%|██████▉   | 2.67G/3.86G [03:03<01:17, 15.4MB/s][A[A[A[A


[1A
[1Amodel-00002-of-00004.safetensors:  68%|██████▊   | 2.61G/3.86G [03:04<01:08, 18.3MB/s][A[A




[1A
[1Amodel-00003-of-00004.safetensors:  69%|██████▉   | 2.67G/3.86G [03:04<01:15, 15.9MB/s][A[A[A[A


[1Amodel-00002-of-00004.safetensors:  68%|██████▊   | 2.61G/3.86G [03:04<01:06, 18.8MB/s][A[A



[1Amodel-00001-of-00004.safetensors:  60%|█████▉    | 2.36G/3.95G [03:04<02:14, 11.7MB/s][A[A[A




[1Amodel-00003-of-00004.safetensors:  69%|██████▉   | 2.67G/3.86G [03:04<01:15, 15.8MB/s][A[A[A[A


[1A
[1Amodel-00002-of-00004.safetensors:  68%|██████▊   | 2.62G/3.86G [03:04<01:09, 18.0MB/s][A[A



[1Amodel-00001-of-00004.safetensors:  60%|█████▉    | 2.36G/3.95G [03:04<02:28, 10.7MB/s][A[A[A


[1A
[1Amodel-00002-of-00004.safetensors:  68%|██████▊   | 2.62G/3.86G [03:04<01:14, 16.8MB/s][A[A




[1Amodel-00003-of-00004.safetensors:  69%|██████▉   | 2.67G/3.86G [03:04<01:20, 14.7MB/s][A[A[A[A


[1Amodel-00002-of-00004.safetensors:  68%|██████▊   | 2.62G/3.86G [03:04<01:16, 16.3MB/s][A[A




[1A
[1Amodel-00003-of-00004.safetensors:  69%|██████▉   | 2.67G/3.86G [03:04<01:22, 14.4MB/s][A[A[A[A



[1A
[1Amodel-00001-of-00004.safetensors:  60%|█████▉    | 2.37G/3.95G [03:05<02:45, 9.53MB/s][A[A[A


[1A
[1Amodel-00002-of-00004.safetensors:  68%|██████▊   | 2.62G/3.86G [03:04<01:17, 15.9MB/s][A[A




[1A
[1Amodel-00003-of-00004.safetensors:  69%|██████▉   | 2.68G/3.86G [03:04<01:23, 14.3MB/s][A[A[A[A



[1Amodel-00001-of-00004.safetensors:  60%|██████    | 2.37G/3.95G [03:05<02:50, 9.26MB/s][A[A[A


[1Amodel-00002-of-00004.safetensors:  68%|██████▊   | 2.62G/3.86G [03:04<01:16, 16.1MB/s][A[A




[1Amodel-00003-of-00004.safetensors:  69%|██████▉   | 2.68G/3.86G [03:04<01:22, 14.4MB/s][A[A[A[A



[1A
[1Amodel-00001-of-00004.safetensors:  60%|██████    | 2.37G/3.95G [03:05<02:51, 9.20MB/s][A[A[A


[1A
[1Amodel-00002-of-00004.safetensors:  68%|██████▊   | 2.63G/3.86G [03:04<01:15, 16.3MB/s][A[A




[1A
[1Amodel-00003-of-00004.safetensors:  69%|██████▉   | 2.68G/3.86G [03:04<01:20, 14.7MB/s][A[A[A[A



[1Amodel-00001-of-00004.safetensors:  60%|██████    | 2.37G/3.95G [03:05<02:51, 9.16MB/s][A[A[A


[1A
[1Amodel-00002-of-00004.safetensors:  68%|██████▊   | 2.63G/3.86G [03:05<01:14, 16.6MB/s][A[A



[1A
[1Amodel-00001-of-00004.safetensors:  60%|██████    | 2.37G/3.95G [03:05<02:49, 9.31MB/s][A[A[A




[1Amodel-00003-of-00004.safetensors:  69%|██████▉   | 2.68G/3.86G [03:05<01:18, 15.0MB/s][A[A[A[A


[1Amodel-00002-of-00004.safetensors:  68%|██████▊   | 2.63G/3.86G [03:05<01:12, 17.0MB/s][A[A



[1Amodel-00001-of-00004.safetensors:  60%|██████    | 2.37G/3.95G [03:05<02:44, 9.55MB/s][A[A[A




[1Amodel-00003-of-00004.safetensors:  69%|██████▉   | 2.69G/3.86G [03:05<01:16, 15.5MB/s][A[A[A[A


[1Amodel-00002-of-00004.safetensors:  68%|██████▊   | 2.63G/3.86G [03:05<01:10, 17.4MB/s][A[A




[1Amodel-00003-of-00004.safetensors:  70%|██████▉   | 2.69G/3.86G [03:05<01:14, 15.9MB/s][A[A[A[A


[1A
[1Amodel-00002-of-00004.safetensors:  68%|██████▊   | 2.63G/3.86G [03:05<01:09, 17.7MB/s][A[A



[1Amodel-00001-of-00004.safetensors:  60%|██████    | 2.37G/3.95G [03:05<02:37, 9.98MB/s][A[A[A




[1Amodel-00003-of-00004.safetensors:  70%|██████▉   | 2.69G/3.86G [03:05<01:11, 16.5MB/s][A[A[A[A


[1Amodel-00002-of-00004.safetensors:  68%|██████▊   | 2.64G/3.86G [03:05<01:08, 18.0MB/s][A[A



[1A
[1Amodel-00001-of-00004.safetensors:  60%|██████    | 2.38G/3.95G [03:05<02:29, 10.5MB/s][A[A[A




[1Amodel-00003-of-00004.safetensors:  70%|██████▉   | 2.69G/3.86G [03:05<01:09, 16.9MB/s][A[A[A[A


[1Amodel-00002-of-00004.safetensors:  68%|██████▊   | 2.64G/3.86G [03:05<01:06, 18.5MB/s][A[A



[1A
[1Amodel-00001-of-00004.safetensors:  60%|██████    | 2.38G/3.95G [03:06<02:37, 9.94MB/s][A[A[A




[1A
[1Amodel-00003-of-00004.safetensors:  70%|██████▉   | 2.69G/3.86G [03:05<01:12, 16.0MB/s][A[A[A[A


[1Amodel-00002-of-00004.safetensors:  68%|██████▊   | 2.64G/3.86G [03:05<01:15, 16.2MB/s][A[A



[1Amodel-00001-of-00004.safetensors:  60%|██████    | 2.38G/3.95G [03:06<03:00, 8.67MB/s][A[A[A




[1A
[1Amodel-00003-of-00004.safetensors:  70%|██████▉   | 2.70G/3.86G [03:05<01:16, 15.3MB/s][A[A[A[A


[1A
[1Amodel-00002-of-00004.safetensors:  68%|██████▊   | 2.64G/3.86G [03:06<01:27, 14.0MB/s][A[A



[1A
[1Amodel-00001-of-00004.safetensors:  60%|██████    | 2.38G/3.95G [03:06<03:13, 8.10MB/s][A[A[A




[1Amodel-00003-of-00004.safetensors:  70%|██████▉   | 2.70G/3.86G [03:05<01:18, 14.9MB/s][A[A[A[A


[1A
[1Amodel-00002-of-00004.safetensors:  68%|██████▊   | 2.64G/3.86G [03:06<01:34, 13.0MB/s][A[A



[1Amodel-00001-of-00004.safetensors:  60%|██████    | 2.38G/3.95G [03:06<03:17, 7.93MB/s][A[A[A




[1Amodel-00003-of-00004.safetensors:  70%|██████▉   | 2.70G/3.86G [03:06<01:17, 14.9MB/s][A[A[A[A



[1Amodel-00001-of-00004.safetensors:  60%|██████    | 2.38G/3.95G [03:06<03:17, 7.90MB/s][A[A[A




[1A
[1Amodel-00003-of-00004.safetensors:  70%|██████▉   | 2.70G/3.86G [03:06<01:17, 15.1MB/s][A[A[A[A


[1Amodel-00002-of-00004.safetensors:  68%|██████▊   | 2.65G/3.86G [03:06<01:36, 12.7MB/s][A[A



[1A
[1Amodel-00001-of-00004.safetensors:  60%|██████    | 2.38G/3.95G [03:06<03:16, 7.94MB/s][A[A[A




[1Amodel-00003-of-00004.safetensors:  70%|██████▉   | 2.70G/3.86G [03:06<01:16, 15.2MB/s][A[A[A[A


[1A
[1Amodel-00002-of-00004.safetensors:  69%|██████▊   | 2.65G/3.86G [03:06<01:36, 12.6MB/s][A[A



[1Amodel-00001-of-00004.safetensors:  60%|██████    | 2.38G/3.95G [03:06<03:09, 8.23MB/s][A[A[A




[1Amodel-00003-of-00004.safetensors:  70%|███████   | 2.71G/3.86G [03:06<01:14, 15.6MB/s][A[A[A[A


[1Amodel-00002-of-00004.safetensors:  69%|██████▊   | 2.65G/3.86G [03:06<01:34, 12.9MB/s][A[A



[1A
[1Amodel-00001-of-00004.safetensors:  60%|██████    | 2.38G/3.95G [03:07<03:03, 8.50MB/s][A[A[A




[1A
[1Amodel-00003-of-00004.safetensors:  70%|███████   | 2.71G/3.86G [03:06<01:11, 16.1MB/s][A[A[A[A



[1Amodel-00001-of-00004.safetensors:  60%|██████    | 2.39G/3.95G [03:07<02:56, 8.83MB/s][A[A[A


[1A
[1Amodel-00002-of-00004.safetensors:  69%|██████▊   | 2.65G/3.86G [03:06<01:31, 13.2MB/s][A[A




[1A
[1Amodel-00003-of-00004.safetensors:  70%|███████   | 2.71G/3.86G [03:06<01:09, 16.5MB/s][A[A[A[A



[1A
[1Amodel-00001-of-00004.safetensors:  60%|██████    | 2.39G/3.95G [03:07<02:50, 9.13MB/s][A[A[A




[1A
[1Amodel-00003-of-00004.safetensors:  70%|███████   | 2.71G/3.86G [03:06<01:07, 17.0MB/s][A[A[A[A


[1Amodel-00002-of-00004.safetensors:  69%|██████▊   | 2.65G/3.86G [03:07<01:28, 13.6MB/s][A[A



[1A
[1Amodel-00001-of-00004.safetensors:  61%|██████    | 2.39G/3.95G [03:07<02:44, 9.47MB/s][A[A[A




[1Amodel-00003-of-00004.safetensors:  70%|███████   | 2.71G/3.86G [03:06<01:05, 17.5MB/s][A[A[A[A


[1A
[1Amodel-00002-of-00004.safetensors:  69%|██████▉   | 2.66G/3.86G [03:07<01:26, 14.0MB/s][A[A




[1A
[1Amodel-00003-of-00004.safetensors:  70%|███████   | 2.72G/3.86G [03:07<01:04, 17.8MB/s][A[A[A[A



[1A
[1Amodel-00001-of-00004.safetensors:  61%|██████    | 2.39G/3.95G [03:07<02:32, 10.2MB/s][A[A[A


[1A
[1Amodel-00002-of-00004.safetensors:  69%|██████▉   | 2.66G/3.86G [03:07<01:22, 14.6MB/s][A[A




[1A
[1Amodel-00003-of-00004.safetensors:  70%|███████   | 2.72G/3.86G [03:07<01:02, 18.4MB/s][A[A[A[A


[1A
[1Amodel-00002-of-00004.safetensors:  69%|██████▉   | 2.66G/3.86G [03:07<01:19, 15.1MB/s][A[A



[1Amodel-00001-of-00004.safetensors:  61%|██████    | 2.39G/3.95G [03:07<02:24, 10.7MB/s][A[A[A




[1Amodel-00003-of-00004.safetensors:  70%|███████   | 2.72G/3.86G [03:07<01:00, 18.9MB/s][A[A[A[A


[1A
[1Amodel-00002-of-00004.safetensors:  69%|██████▉   | 2.66G/3.86G [03:07<01:17, 15.6MB/s][A[A




[1A
[1Amodel-00003-of-00004.safetensors:  70%|███████   | 2.72G/3.86G [03:07<00:58, 19.4MB/s][A[A[A[A



[1A
[1Amodel-00001-of-00004.safetensors:  61%|██████    | 2.39G/3.95G [03:07<02:17, 11.3MB/s][A[A[A




[1Amodel-00003-of-00004.safetensors:  71%|███████   | 2.73G/3.86G [03:07<00:57, 19.8MB/s][A[A[A[A


[1Amodel-00002-of-00004.safetensors:  69%|██████▉   | 2.67G/3.86G [03:07<01:14, 16.0MB/s][A[A



[1A
[1Amodel-00001-of-00004.safetensors:  61%|██████    | 2.40G/3.95G [03:08<02:10, 11.9MB/s][A[A[A


[1Amodel-00002-of-00004.safetensors:  69%|██████▉   | 2.67G/3.86G [03:07<01:12, 16.6MB/s][A[A




[1Amodel-00003-of-00004.safetensors:  71%|███████   | 2.73G/3.86G [03:07<00:55, 20.6MB/s][A[A[A[A


[1Amodel-00002-of-00004.safetensors:  69%|██████▉   | 2.67G/3.86G [03:07<01:09, 17.2MB/s][A[A



[1Amodel-00001-of-00004.safetensors:  61%|██████    | 2.40G/3.95G [03:08<02:08, 12.0MB/s][A[A[A




[1Amodel-00003-of-00004.safetensors:  71%|███████   | 2.73G/3.86G [03:07<00:55, 20.3MB/s][A[A[A[A


[1A
[1Amodel-00002-of-00004.safetensors:  69%|██████▉   | 2.67G/3.86G [03:08<01:15, 15.9MB/s][A[A




[1A
[1Amodel-00003-of-00004.safetensors:  71%|███████   | 2.73G/3.86G [03:07<00:59, 19.0MB/s][A[A[A[A



[1Amodel-00001-of-00004.safetensors:  61%|██████    | 2.40G/3.95G [03:08<02:14, 11.5MB/s][A[A[A


[1A
[1Amodel-00002-of-00004.safetensors:  69%|██████▉   | 2.67G/3.86G [03:08<01:18, 15.2MB/s][A[A




[1Amodel-00003-of-00004.safetensors:  71%|███████   | 2.74G/3.86G [03:08<01:02, 18.1MB/s][A[A[A[A



[1Amodel-00001-of-00004.safetensors:  61%|██████    | 2.40G/3.95G [03:08<02:17, 11.2MB/s][A[A[A




[1A
[1Amodel-00003-of-00004.safetensors:  71%|███████   | 2.74G/3.86G [03:08<01:03, 17.7MB/s][A[A[A[A


[1Amodel-00002-of-00004.safetensors:  69%|██████▉   | 2.68G/3.86G [03:08<01:19, 14.9MB/s][A[A




[1A
[1Amodel-00003-of-00004.safetensors:  71%|███████   | 2.74G/3.86G [03:08<01:03, 17.7MB/s][A[A[A[A


[1Amodel-00002-of-00004.safetensors:  69%|██████▉   | 2.68G/3.86G [03:08<01:19, 14.9MB/s][A[A



[1A
[1Amodel-00001-of-00004.safetensors:  61%|██████    | 2.40G/3.95G [03:08<02:15, 11.4MB/s][A[A[A




[1A
[1Amodel-00003-of-00004.safetensors:  71%|███████   | 2.74G/3.86G [03:08<01:04, 17.4MB/s][A[A[A[A


[1Amodel-00002-of-00004.safetensors:  69%|██████▉   | 2.68G/3.86G [03:08<01:24, 14.0MB/s][A[A



[1Amodel-00001-of-00004.safetensors:  61%|██████    | 2.41G/3.95G [03:09<02:26, 10.5MB/s][A[A[A




[1A
[1Amodel-00003-of-00004.safetensors:  71%|███████   | 2.74G/3.86G [03:08<01:10, 15.8MB/s][A[A[A[A


[1A
[1Amodel-00002-of-00004.safetensors:  69%|██████▉   | 2.68G/3.86G [03:08<01:30, 13.1MB/s][A[A




[1Amodel-00003-of-00004.safetensors:  71%|███████   | 2.75G/3.86G [03:08<01:14, 15.1MB/s][A[A[A[A



[1Amodel-00001-of-00004.safetensors:  61%|██████    | 2.41G/3.95G [03:09<02:30, 10.2MB/s][A[A[A


[1A
[1Amodel-00002-of-00004.safetensors:  69%|██████▉   | 2.68G/3.86G [03:09<01:32, 12.7MB/s][A[A




[1A
[1Amodel-00003-of-00004.safetensors:  71%|███████   | 2.75G/3.86G [03:08<01:15, 14.8MB/s][A[A[A[A



[1Amodel-00001-of-00004.safetensors:  61%|██████    | 2.41G/3.95G [03:09<02:32, 10.1MB/s][A[A[A



[1A
[1Amodel-00001-of-00004.safetensors:  61%|██████    | 2.41G/3.95G [03:09<02:31, 10.1MB/s][A[A[A


[1Amodel-00002-of-00004.safetensors:  70%|██████▉   | 2.69G/3.86G [03:09<01:32, 12.7MB/s][A[A




[1Amodel-00003-of-00004.safetensors:  71%|███████   | 2.75G/3.86G [03:09<01:17, 14.5MB/s][A[A[A[A



[1A
[1Amodel-00001-of-00004.safetensors:  61%|██████    | 2.41G/3.95G [03:09<02:30, 10.2MB/s][A[A[A




[1Amodel-00003-of-00004.safetensors:  71%|███████   | 2.75G/3.86G [03:09<01:14, 15.0MB/s][A[A[A[A


[1A
[1Amodel-00002-of-00004.safetensors:  70%|██████▉   | 2.69G/3.86G [03:09<01:41, 11.5MB/s][A[A



[1A
[1Amodel-00001-of-00004.safetensors:  61%|██████    | 2.41G/3.95G [03:09<02:40, 9.56MB/s][A[A[A




[1A
[1Amodel-00003-of-00004.safetensors:  71%|███████▏  | 2.75G/3.86G [03:09<01:13, 15.0MB/s][A[A[A[A



[1A
[1Amodel-00001-of-00004.safetensors:  61%|██████    | 2.41G/3.95G [03:09<02:47, 9.17MB/s][A[A[A


[1A
[1Amodel-00002-of-00004.safetensors:  70%|██████▉   | 2.69G/3.86G [03:09<01:52, 10.5MB/s][A[A



[1A
[1Amodel-00001-of-00004.safetensors:  61%|██████    | 2.41G/3.95G [03:09<02:48, 9.07MB/s][A[A[A




[1Amodel-00003-of-00004.safetensors:  71%|███████▏  | 2.76G/3.86G [03:09<01:22, 13.5MB/s][A[A[A[A




[1A
[1Amodel-00003-of-00004.safetensors:  71%|███████▏  | 2.76G/3.86G [03:09<01:17, 14.4MB/s][A[A[A[A


[1A
[1Amodel-00002-of-00004.safetensors:  70%|██████▉   | 2.69G/3.86G [03:09<01:41, 11.5MB/s][A[A



[1Amodel-00001-of-00004.safetensors:  61%|██████▏   | 2.42G/3.95G [03:10<02:27, 10.4MB/s][A[A[A




[1A
[1Amodel-00003-of-00004.safetensors:  71%|███████▏  | 2.76G/3.86G [03:09<01:12, 15.3MB/s][A[A[A[A


[1A
[1Amodel-00002-of-00004.safetensors:  70%|██████▉   | 2.69G/3.86G [03:09<01:33, 12.5MB/s][A[A



[1Amodel-00001-of-00004.safetensors:  61%|██████▏   | 2.42G/3.95G [03:10<02:15, 11.2MB/s][A[A[A




[1Amodel-00003-of-00004.safetensors:  71%|███████▏  | 2.76G/3.86G [03:09<01:07, 16.2MB/s][A[A[A[A


[1A
[1Amodel-00002-of-00004.safetensors:  70%|██████▉   | 2.70G/3.86G [03:10<01:27, 13.4MB/s][A[A




[1Amodel-00003-of-00004.safetensors:  72%|███████▏  | 2.77G/3.86G [03:09<01:04, 17.1MB/s][A[A[A[A



[1Amodel-00001-of-00004.safetensors:  61%|██████▏   | 2.42G/3.95G [03:10<02:07, 11.9MB/s][A[A[A


[1Amodel-00002-of-00004.safetensors:  70%|██████▉   | 2.70G/3.86G [03:10<01:22, 14.1MB/s][A[A




[1Amodel-00003-of-00004.safetensors:  72%|███████▏  | 2.77G/3.86G [03:10<01:02, 17.5MB/s][A[A[A[A



[1A
[1Amodel-00001-of-00004.safetensors:  61%|██████▏   | 2.42G/3.95G [03:10<02:00, 12.6MB/s][A[A[A


[1A
[1Amodel-00002-of-00004.safetensors:  70%|██████▉   | 2.70G/3.86G [03:10<01:17, 15.0MB/s][A[A




[1A
[1Amodel-00003-of-00004.safetensors:  72%|███████▏  | 2.77G/3.86G [03:10<01:00, 18.1MB/s][A[A[A[A


[1A
[1Amodel-00002-of-00004.safetensors:  70%|██████▉   | 2.70G/3.86G [03:10<01:14, 15.7MB/s][A[A



[1Amodel-00001-of-00004.safetensors:  61%|██████▏   | 2.43G/3.95G [03:10<01:55, 13.2MB/s][A[A[A




[1A
[1Amodel-00003-of-00004.safetensors:  72%|███████▏  | 2.77G/3.86G [03:10<00:58, 18.7MB/s][A[A[A[A


[1A
[1Amodel-00002-of-00004.safetensors:  70%|███████   | 2.71G/3.86G [03:10<01:11, 16.3MB/s][A[A




[1A
[1Amodel-00003-of-00004.safetensors:  72%|███████▏  | 2.77G/3.86G [03:10<00:56, 19.3MB/s][A[A[A[A



[1Amodel-00001-of-00004.safetensors:  62%|██████▏   | 2.43G/3.95G [03:10<01:49, 13.8MB/s][A[A[A




[1A
[1Amodel-00003-of-00004.safetensors:  72%|███████▏  | 2.78G/3.86G [03:10<00:55, 19.7MB/s][A[A[A[A


[1Amodel-00002-of-00004.safetensors:  70%|███████   | 2.71G/3.86G [03:10<01:08, 16.8MB/s][A[A



[1A
[1Amodel-00001-of-00004.safetensors:  62%|██████▏   | 2.43G/3.95G [03:11<01:52, 13.5MB/s][A[A[A




[1Amodel-00003-of-00004.safetensors:  72%|███████▏  | 2.78G/3.86G [03:10<00:59, 18.2MB/s][A[A[A[A


[1A
[1Amodel-00002-of-00004.safetensors:  70%|███████   | 2.71G/3.86G [03:10<01:12, 15.9MB/s][A[A



[1A
[1Amodel-00001-of-00004.safetensors:  62%|██████▏   | 2.43G/3.95G [03:11<01:56, 12.9MB/s][A[A[A




[1A
[1Amodel-00003-of-00004.safetensors:  72%|███████▏  | 2.78G/3.86G [03:10<01:02, 17.5MB/s][A[A[A[A


[1Amodel-00002-of-00004.safetensors:  70%|███████   | 2.71G/3.86G [03:10<01:15, 15.2MB/s][A[A




[1A
[1Amodel-00003-of-00004.safetensors:  72%|███████▏  | 2.78G/3.86G [03:10<01:04, 16.8MB/s][A[A[A[A



[1Amodel-00001-of-00004.safetensors:  62%|██████▏   | 2.43G/3.95G [03:11<01:59, 12.6MB/s][A[A[A


[1A
[1Amodel-00002-of-00004.safetensors:  70%|███████   | 2.71G/3.86G [03:11<01:17, 14.9MB/s][A[A




[1A
[1Amodel-00003-of-00004.safetensors:  72%|███████▏  | 2.78G/3.86G [03:11<01:06, 16.3MB/s][A[A[A[A



[1A
[1Amodel-00001-of-00004.safetensors:  62%|██████▏   | 2.44G/3.95G [03:11<01:58, 12.7MB/s][A[A[A


[1A
[1Amodel-00002-of-00004.safetensors:  70%|███████   | 2.72G/3.86G [03:11<01:16, 14.9MB/s][A[A




[1Amodel-00003-of-00004.safetensors:  72%|███████▏  | 2.79G/3.86G [03:11<01:13, 14.7MB/s][A[A[A[A


[1A
[1Amodel-00002-of-00004.safetensors:  70%|███████   | 2.72G/3.86G [03:11<01:16, 14.9MB/s][A[A



[1A
[1Amodel-00001-of-00004.safetensors:  62%|██████▏   | 2.44G/3.95G [03:11<01:57, 12.8MB/s][A[A[A


[1A
[1Amodel-00002-of-00004.safetensors:  70%|███████   | 2.72G/3.86G [03:11<01:14, 15.3MB/s][A[A




[1Amodel-00003-of-00004.safetensors:  72%|███████▏  | 2.79G/3.86G [03:11<01:16, 14.1MB/s][A[A[A[A



[1A
[1Amodel-00001-of-00004.safetensors:  62%|██████▏   | 2.44G/3.95G [03:11<01:54, 13.2MB/s][A[A[A


[1Amodel-00002-of-00004.safetensors:  70%|███████   | 2.72G/3.86G [03:11<01:15, 15.2MB/s][A[A




[1A
[1Amodel-00003-of-00004.safetensors:  72%|███████▏  | 2.79G/3.86G [03:11<01:23, 12.9MB/s][A[A[A[A



[1Amodel-00001-of-00004.safetensors:  62%|██████▏   | 2.44G/3.95G [03:12<02:01, 12.4MB/s][A[A[A


[1A
[1Amodel-00002-of-00004.safetensors:  70%|███████   | 2.72G/3.86G [03:11<01:20, 14.2MB/s][A[A




[1A
[1Amodel-00003-of-00004.safetensors:  72%|███████▏  | 2.79G/3.86G [03:11<01:30, 11.9MB/s][A[A[A[A



[1A
[1Amodel-00001-of-00004.safetensors:  62%|██████▏   | 2.44G/3.95G [03:12<02:06, 11.9MB/s][A[A[A


[1A
[1Amodel-00002-of-00004.safetensors:  71%|███████   | 2.73G/3.86G [03:11<01:22, 13.7MB/s][A[A



[1Amodel-00001-of-00004.safetensors:  62%|██████▏   | 2.45G/3.95G [03:12<02:07, 11.8MB/s][A[A[A




[1Amodel-00003-of-00004.safetensors:  72%|███████▏  | 2.79G/3.86G [03:11<01:32, 11.6MB/s][A[A[A[A


[1A
[1Amodel-00002-of-00004.safetensors:  71%|███████   | 2.73G/3.86G [03:12<01:23, 13.7MB/s][A[A



[1A
[1Amodel-00001-of-00004.safetensors:  62%|██████▏   | 2.45G/3.95G [03:12<02:06, 11.9MB/s][A[A[A


[1A
[1Amodel-00002-of-00004.safetensors:  71%|███████   | 2.73G/3.86G [03:12<01:22, 13.7MB/s][A[A




[1A
[1Amodel-00003-of-00004.safetensors:  72%|███████▏  | 2.80G/3.86G [03:12<01:31, 11.6MB/s][A[A[A[A


[1A
[1Amodel-00002-of-00004.safetensors:  71%|███████   | 2.73G/3.86G [03:12<01:20, 14.1MB/s][A[A



[1Amodel-00001-of-00004.safetensors:  62%|██████▏   | 2.45G/3.95G [03:12<02:02, 12.2MB/s][A[A[A




[1Amodel-00003-of-00004.safetensors:  72%|███████▏  | 2.80G/3.86G [03:12<01:29, 11.9MB/s][A[A[A[A


[1A
[1Amodel-00002-of-00004.safetensors:  71%|███████   | 2.73G/3.86G [03:12<01:17, 14.5MB/s][A[A



[1Amodel-00001-of-00004.safetensors:  62%|██████▏   | 2.45G/3.95G [03:12<01:59, 12.5MB/s][A[A[A




[1A
[1Amodel-00003-of-00004.safetensors:  72%|███████▏  | 2.80G/3.86G [03:12<01:26, 12.2MB/s][A[A[A[A


[1A
[1Amodel-00002-of-00004.safetensors:  71%|███████   | 2.74G/3.86G [03:12<01:16, 14.7MB/s][A[A



[1Amodel-00001-of-00004.safetensors:  62%|██████▏   | 2.45G/3.95G [03:13<01:55, 13.0MB/s][A[A[A




[1Amodel-00003-of-00004.safetensors:  73%|███████▎  | 2.80G/3.86G [03:12<01:23, 12.7MB/s][A[A[A[A


[1A
[1Amodel-00002-of-00004.safetensors:  71%|███████   | 2.74G/3.86G [03:12<01:13, 15.3MB/s][A[A



[1A
[1Amodel-00001-of-00004.safetensors:  62%|██████▏   | 2.46G/3.95G [03:13<01:50, 13.4MB/s][A[A[A




[1A
[1Amodel-00003-of-00004.safetensors:  73%|███████▎  | 2.80G/3.86G [03:12<01:20, 13.1MB/s][A[A[A[A


[1A
[1Amodel-00002-of-00004.safetensors:  71%|███████   | 2.74G/3.86G [03:12<01:11, 15.8MB/s][A[A



[1Amodel-00001-of-00004.safetensors:  62%|██████▏   | 2.46G/3.95G [03:13<01:47, 13.9MB/s][A[A[A




[1Amodel-00003-of-00004.safetensors:  73%|███████▎  | 2.81G/3.86G [03:12<01:17, 13.7MB/s][A[A[A[A


[1Amodel-00002-of-00004.safetensors:  71%|███████   | 2.74G/3.86G [03:13<01:08, 16.3MB/s][A[A



[1Amodel-00001-of-00004.safetensors:  62%|██████▏   | 2.46G/3.95G [03:13<01:43, 14.4MB/s][A[A[A




[1Amodel-00003-of-00004.safetensors:  73%|███████▎  | 2.81G/3.86G [03:13<01:13, 14.4MB/s][A[A[A[A


[1A
[1Amodel-00002-of-00004.safetensors:  71%|███████   | 2.75G/3.86G [03:13<01:06, 16.7MB/s][A[A



[1Amodel-00001-of-00004.safetensors:  62%|██████▏   | 2.46G/3.95G [03:13<01:39, 14.8MB/s][A[A[A


[1A
[1Amodel-00002-of-00004.safetensors:  71%|███████   | 2.75G/3.86G [03:13<01:05, 17.1MB/s][A[A




[1A
[1Amodel-00003-of-00004.safetensors:  73%|███████▎  | 2.81G/3.86G [03:13<01:10, 14.9MB/s][A[A[A[A



[1Amodel-00001-of-00004.safetensors:  62%|██████▏   | 2.47G/3.95G [03:13<01:43, 14.4MB/s][A[A[A


[1Amodel-00002-of-00004.safetensors:  71%|███████   | 2.75G/3.86G [03:13<01:10, 15.8MB/s][A[A




[1A
[1Amodel-00003-of-00004.safetensors:  73%|███████▎  | 2.81G/3.86G [03:13<01:16, 13.8MB/s][A[A[A[A


[1A
[1Amodel-00002-of-00004.safetensors:  71%|███████   | 2.75G/3.86G [03:13<01:12, 15.3MB/s][A[A



[1A
[1Amodel-00001-of-00004.safetensors:  63%|██████▎   | 2.47G/3.95G [03:13<01:48, 13.6MB/s][A[A[A




[1A
[1Amodel-00003-of-00004.safetensors:  73%|███████▎  | 2.82G/3.86G [03:13<01:18, 13.4MB/s][A[A[A[A


[1A
[1Amodel-00002-of-00004.safetensors:  71%|███████   | 2.75G/3.86G [03:13<01:14, 14.9MB/s][A[A



[1A
[1Amodel-00001-of-00004.safetensors:  63%|██████▎   | 2.47G/3.95G [03:14<01:50, 13.4MB/s][A[A[A




[1A
[1Amodel-00003-of-00004.safetensors:  73%|███████▎  | 2.82G/3.86G [03:13<01:18, 13.3MB/s][A[A[A[A


[1A
[1Amodel-00002-of-00004.safetensors:  71%|███████▏  | 2.76G/3.86G [03:13<01:14, 14.9MB/s][A[A



[1Amodel-00001-of-00004.safetensors:  63%|██████▎   | 2.47G/3.95G [03:14<01:49, 13.4MB/s][A[A[A




[1A
[1Amodel-00003-of-00004.safetensors:  73%|███████▎  | 2.82G/3.86G [03:13<01:17, 13.5MB/s][A[A[A[A


[1A
[1Amodel-00002-of-00004.safetensors:  71%|███████▏  | 2.76G/3.86G [03:14<01:13, 15.0MB/s][A[A



[1A
[1Amodel-00001-of-00004.safetensors:  63%|██████▎   | 2.47G/3.95G [03:14<01:48, 13.6MB/s][A[A[A




[1A
[1Amodel-00003-of-00004.safetensors:  73%|███████▎  | 2.82G/3.86G [03:13<01:16, 13.7MB/s][A[A[A[A


[1A
[1Amodel-00002-of-00004.safetensors:  71%|███████▏  | 2.76G/3.86G [03:14<01:12, 15.3MB/s][A[A



[1A
[1Amodel-00001-of-00004.safetensors:  63%|██████▎   | 2.48G/3.95G [03:14<01:45, 13.9MB/s][A[A[A




[1Amodel-00003-of-00004.safetensors:  73%|███████▎  | 2.82G/3.86G [03:14<01:13, 14.1MB/s][A[A[A[A


[1A
[1Amodel-00002-of-00004.safetensors:  71%|███████▏  | 2.76G/3.86G [03:14<01:12, 15.2MB/s][A[A



[1A
[1Amodel-00001-of-00004.safetensors:  63%|██████▎   | 2.48G/3.95G [03:14<01:52, 13.1MB/s][A[A[A




[1A
[1Amodel-00003-of-00004.safetensors:  73%|███████▎  | 2.83G/3.86G [03:14<01:17, 13.5MB/s][A[A[A[A


[1Amodel-00002-of-00004.safetensors:  72%|███████▏  | 2.76G/3.86G [03:14<01:15, 14.5MB/s][A[A




[1Amodel-00003-of-00004.safetensors:  73%|███████▎  | 2.83G/3.86G [03:14<01:20, 12.9MB/s][A[A[A[A



[1A
[1Amodel-00001-of-00004.safetensors:  63%|██████▎   | 2.48G/3.95G [03:14<01:57, 12.4MB/s][A[A[A


[1Amodel-00002-of-00004.safetensors:  72%|███████▏  | 2.77G/3.86G [03:14<01:18, 13.9MB/s][A[A




[1Amodel-00003-of-00004.safetensors:  73%|███████▎  | 2.83G/3.86G [03:14<01:21, 12.8MB/s][A[A[A[A


[1A
[1Amodel-00002-of-00004.safetensors:  72%|███████▏  | 2.77G/3.86G [03:14<01:19, 13.8MB/s][A[A



[1A
[1Amodel-00001-of-00004.safetensors:  63%|██████▎   | 2.48G/3.95G [03:15<01:59, 12.3MB/s][A[A[A




[1Amodel-00003-of-00004.safetensors:  73%|███████▎  | 2.83G/3.86G [03:14<01:20, 12.9MB/s][A[A[A[A


[1Amodel-00002-of-00004.safetensors:  72%|███████▏  | 2.77G/3.86G [03:14<01:19, 13.7MB/s][A[A



[1Amodel-00001-of-00004.safetensors:  63%|██████▎   | 2.48G/3.95G [03:15<01:58, 12.4MB/s][A[A[A


[1A
[1Amodel-00002-of-00004.safetensors:  72%|███████▏  | 2.77G/3.86G [03:15<01:17, 14.0MB/s][A[A




[1Amodel-00003-of-00004.safetensors:  73%|███████▎  | 2.83G/3.86G [03:14<01:18, 13.2MB/s][A[A[A[A



[1A
[1Amodel-00001-of-00004.safetensors:  63%|██████▎   | 2.49G/3.95G [03:15<01:55, 12.6MB/s][A[A[A


[1A
[1Amodel-00002-of-00004.safetensors:  72%|███████▏  | 2.77G/3.86G [03:15<01:16, 14.3MB/s][A[A




[1A
[1Amodel-00003-of-00004.safetensors:  73%|███████▎  | 2.84G/3.86G [03:15<01:16, 13.5MB/s][A[A[A[A



[1Amodel-00001-of-00004.safetensors:  63%|██████▎   | 2.49G/3.95G [03:15<01:52, 12.9MB/s][A[A[A


[1A
[1Amodel-00002-of-00004.safetensors:  72%|███████▏  | 2.78G/3.86G [03:15<01:15, 14.5MB/s][A[A




[1A
[1Amodel-00003-of-00004.safetensors:  73%|███████▎  | 2.84G/3.86G [03:15<01:13, 14.0MB/s][A[A[A[A



[1Amodel-00001-of-00004.safetensors:  63%|██████▎   | 2.49G/3.95G [03:15<01:49, 13.2MB/s][A[A[A




[1Amodel-00003-of-00004.safetensors:  74%|███████▎  | 2.84G/3.86G [03:15<01:10, 14.5MB/s][A[A[A[A


[1Amodel-00002-of-00004.safetensors:  72%|███████▏  | 2.78G/3.86G [03:15<01:16, 14.1MB/s][A[A



[1A
[1Amodel-00001-of-00004.safetensors:  63%|██████▎   | 2.49G/3.95G [03:15<01:45, 13.8MB/s][A[A[A




[1A
[1Amodel-00003-of-00004.safetensors:  74%|███████▎  | 2.84G/3.86G [03:15<01:08, 14.9MB/s][A[A[A[A


[1Amodel-00002-of-00004.safetensors:  72%|███████▏  | 2.78G/3.86G [03:15<01:11, 15.1MB/s][A[A



[1A
[1Amodel-00001-of-00004.safetensors:  63%|██████▎   | 2.49G/3.95G [03:16<01:41, 14.3MB/s][A[A[A


[1Amodel-00002-of-00004.safetensors:  72%|███████▏  | 2.78G/3.86G [03:15<01:10, 15.4MB/s][A[A




[1Amodel-00003-of-00004.safetensors:  74%|███████▎  | 2.84G/3.86G [03:15<01:09, 14.6MB/s][A[A[A[A



[1Amodel-00001-of-00004.safetensors:  63%|██████▎   | 2.50G/3.95G [03:16<01:47, 13.5MB/s][A[A[A


[1A
[1Amodel-00002-of-00004.safetensors:  72%|███████▏  | 2.79G/3.86G [03:15<01:15, 14.4MB/s][A[A




[1A
[1Amodel-00003-of-00004.safetensors:  74%|███████▎  | 2.85G/3.86G [03:15<01:13, 13.9MB/s][A[A[A[A



[1A
[1Amodel-00001-of-00004.safetensors:  63%|██████▎   | 2.50G/3.95G [03:16<01:51, 13.0MB/s][A[A[A


[1A
[1Amodel-00002-of-00004.safetensors:  72%|███████▏  | 2.79G/3.86G [03:16<01:17, 14.0MB/s][A[A




[1Amodel-00003-of-00004.safetensors:  74%|███████▎  | 2.85G/3.86G [03:15<01:14, 13.6MB/s][A[A[A[A



[1A
[1Amodel-00001-of-00004.safetensors:  63%|██████▎   | 2.50G/3.95G [03:16<01:53, 12.7MB/s][A[A[A


[1A
[1Amodel-00002-of-00004.safetensors:  72%|███████▏  | 2.79G/3.86G [03:16<01:17, 13.9MB/s][A[A




[1Amodel-00003-of-00004.safetensors:  74%|███████▍  | 2.85G/3.86G [03:16<01:14, 13.5MB/s][A[A[A[A



[1A
[1Amodel-00001-of-00004.safetensors:  63%|██████▎   | 2.50G/3.95G [03:16<01:52, 12.8MB/s][A[A[A


[1Amodel-00002-of-00004.safetensors:  72%|███████▏  | 2.79G/3.86G [03:16<01:16, 14.1MB/s][A[A




[1A
[1Amodel-00003-of-00004.safetensors:  74%|███████▍  | 2.85G/3.86G [03:16<01:13, 13.8MB/s][A[A[A[A



[1Amodel-00001-of-00004.safetensors:  63%|██████▎   | 2.51G/3.95G [03:16<01:50, 13.0MB/s][A[A[A


[1A
[1Amodel-00002-of-00004.safetensors:  72%|███████▏  | 2.79G/3.86G [03:16<01:14, 14.3MB/s][A[A




[1A
[1Amodel-00003-of-00004.safetensors:  74%|███████▍  | 2.86G/3.86G [03:16<01:11, 14.2MB/s][A[A[A[A



[1Amodel-00001-of-00004.safetensors:  64%|██████▎   | 2.51G/3.95G [03:16<01:47, 13.4MB/s][A[A[A


[1A
[1Amodel-00002-of-00004.safetensors:  72%|███████▏  | 2.80G/3.86G [03:16<01:13, 14.6MB/s][A[A




[1Amodel-00003-of-00004.safetensors:  74%|███████▍  | 2.86G/3.86G [03:16<01:09, 14.5MB/s][A[A[A[A


[1A
[1Amodel-00002-of-00004.safetensors:  72%|███████▏  | 2.80G/3.86G [03:16<01:11, 15.0MB/s][A[A



[1A
[1Amodel-00001-of-00004.safetensors:  64%|██████▎   | 2.51G/3.95G [03:17<01:44, 13.7MB/s][A[A[A




[1Amodel-00003-of-00004.safetensors:  74%|███████▍  | 2.86G/3.86G [03:16<01:07, 14.9MB/s][A[A[A[A


[1A
[1Amodel-00002-of-00004.safetensors:  72%|███████▏  | 2.80G/3.86G [03:16<01:11, 14.9MB/s][A[A




[1A
[1Amodel-00003-of-00004.safetensors:  74%|███████▍  | 2.86G/3.86G [03:16<01:10, 14.3MB/s][A[A[A[A



[1A
[1Amodel-00001-of-00004.safetensors:  64%|██████▎   | 2.51G/3.95G [03:17<01:51, 12.9MB/s][A[A[A


[1A
[1Amodel-00002-of-00004.safetensors:  72%|███████▏  | 2.80G/3.86G [03:17<01:15, 14.0MB/s][A[A




[1A
[1Amodel-00003-of-00004.safetensors:  74%|███████▍  | 2.86G/3.86G [03:16<01:13, 13.6MB/s][A[A[A[A



[1Amodel-00001-of-00004.safetensors:  64%|██████▎   | 2.51G/3.95G [03:17<01:55, 12.4MB/s][A[A[A


[1A
[1Amodel-00002-of-00004.safetensors:  73%|███████▎  | 2.80G/3.86G [03:17<01:17, 13.6MB/s][A[A




[1Amodel-00003-of-00004.safetensors:  74%|███████▍  | 2.87G/3.86G [03:17<01:14, 13.4MB/s][A[A[A[A



[1A
[1Amodel-00001-of-00004.safetensors:  64%|██████▍   | 2.52G/3.95G [03:17<01:56, 12.2MB/s][A[A[A


[1Amodel-00002-of-00004.safetensors:  73%|███████▎  | 2.81G/3.86G [03:17<01:18, 13.5MB/s][A[A




[1Amodel-00003-of-00004.safetensors:  74%|███████▍  | 2.87G/3.86G [03:17<01:14, 13.4MB/s][A[A[A[A



[1A
[1Amodel-00001-of-00004.safetensors:  64%|██████▍   | 2.52G/3.95G [03:17<01:56, 12.3MB/s][A[A[A


[1A
[1Amodel-00002-of-00004.safetensors:  73%|███████▎  | 2.81G/3.86G [03:17<01:17, 13.7MB/s][A[A




[1A
[1Amodel-00003-of-00004.safetensors:  74%|███████▍  | 2.87G/3.86G [03:17<01:12, 13.7MB/s][A[A[A[A



[1A
[1Amodel-00001-of-00004.safetensors:  64%|██████▍   | 2.52G/3.95G [03:18<01:53, 12.6MB/s][A[A[A


[1Amodel-00002-of-00004.safetensors:  73%|███████▎  | 2.81G/3.86G [03:17<01:14, 14.1MB/s][A[A




[1A
[1Amodel-00003-of-00004.safetensors:  74%|███████▍  | 2.87G/3.86G [03:17<01:11, 14.0MB/s][A[A[A[A



[1A
[1Amodel-00001-of-00004.safetensors:  64%|██████▍   | 2.52G/3.95G [03:18<01:50, 12.9MB/s][A[A[A


[1A
[1Amodel-00002-of-00004.safetensors:  73%|███████▎  | 2.81G/3.86G [03:17<01:13, 14.3MB/s][A[A




[1A
[1Amodel-00003-of-00004.safetensors:  74%|███████▍  | 2.87G/3.86G [03:17<01:08, 14.4MB/s][A[A[A[A



[1Amodel-00001-of-00004.safetensors:  64%|██████▍   | 2.52G/3.95G [03:18<01:46, 13.3MB/s][A[A[A


[1A
[1Amodel-00002-of-00004.safetensors:  73%|███████▎  | 2.81G/3.86G [03:17<01:10, 14.8MB/s][A[A




[1A
[1Amodel-00003-of-00004.safetensors:  74%|███████▍  | 2.88G/3.86G [03:17<01:06, 14.8MB/s][A[A[A[A


[1Amodel-00002-of-00004.safetensors:  73%|███████▎  | 2.82G/3.86G [03:18<01:08, 15.2MB/s][A[A



[1A
[1Amodel-00001-of-00004.safetensors:  64%|██████▍   | 2.53G/3.95G [03:18<01:43, 13.8MB/s][A[A[A




[1A
[1Amodel-00003-of-00004.safetensors:  74%|███████▍  | 2.88G/3.86G [03:17<01:04, 15.4MB/s][A[A[A[A


[1A
[1Amodel-00002-of-00004.safetensors:  73%|███████▎  | 2.82G/3.86G [03:18<01:09, 15.0MB/s][A[A



[1Amodel-00001-of-00004.safetensors:  64%|██████▍   | 2.53G/3.95G [03:18<01:48, 13.1MB/s][A[A[A




[1Amodel-00003-of-00004.safetensors:  75%|███████▍  | 2.88G/3.86G [03:18<01:07, 14.5MB/s][A[A[A[A


[1A
[1Amodel-00002-of-00004.safetensors:  73%|███████▎  | 2.82G/3.86G [03:18<01:14, 13.9MB/s][A[A




[1A
[1Amodel-00003-of-00004.safetensors:  75%|███████▍  | 2.88G/3.86G [03:18<01:10, 13.9MB/s][A[A[A[A



[1A
[1Amodel-00001-of-00004.safetensors:  64%|██████▍   | 2.53G/3.95G [03:18<01:52, 12.6MB/s][A[A[A


[1A
[1Amodel-00002-of-00004.safetensors:  73%|███████▎  | 2.82G/3.86G [03:18<01:16, 13.6MB/s][A[A




[1Amodel-00003-of-00004.safetensors:  75%|███████▍  | 2.88G/3.86G [03:18<01:11, 13.7MB/s][A[A[A[A



[1A
[1Amodel-00001-of-00004.safetensors:  64%|██████▍   | 2.53G/3.95G [03:18<01:53, 12.4MB/s][A[A[A


[1A
[1Amodel-00002-of-00004.safetensors:  73%|███████▎  | 2.82G/3.86G [03:18<01:15, 13.7MB/s][A[A




[1Amodel-00003-of-00004.safetensors:  75%|███████▍  | 2.89G/3.86G [03:18<01:10, 13.8MB/s][A[A[A[A



[1A
[1Amodel-00001-of-00004.safetensors:  64%|██████▍   | 2.53G/3.95G [03:19<01:52, 12.6MB/s][A[A[A


[1Amodel-00002-of-00004.safetensors:  73%|███████▎  | 2.83G/3.86G [03:18<01:15, 13.8MB/s][A[A




[1A
[1Amodel-00003-of-00004.safetensors:  75%|███████▍  | 2.89G/3.86G [03:18<01:09, 14.0MB/s][A[A[A[A



[1A
[1Amodel-00001-of-00004.safetensors:  64%|██████▍   | 2.54G/3.95G [03:19<01:50, 12.7MB/s][A[A[A


[1Amodel-00002-of-00004.safetensors:  73%|███████▎  | 2.83G/3.86G [03:19<01:13, 14.1MB/s][A[A




[1A
[1Amodel-00003-of-00004.safetensors:  75%|███████▍  | 2.89G/3.86G [03:18<01:07, 14.4MB/s][A[A[A[A



[1A
[1Amodel-00001-of-00004.safetensors:  64%|██████▍   | 2.54G/3.95G [03:19<01:47, 13.0MB/s][A[A[A


[1A
[1Amodel-00002-of-00004.safetensors:  73%|███████▎  | 2.83G/3.86G [03:19<01:11, 14.5MB/s][A[A




[1A
[1Amodel-00003-of-00004.safetensors:  75%|███████▍  | 2.89G/3.86G [03:19<01:05, 14.8MB/s][A[A[A[A



[1A
[1Amodel-00001-of-00004.safetensors:  64%|██████▍   | 2.54G/3.95G [03:19<01:44, 13.5MB/s][A[A[A


[1A
[1Amodel-00002-of-00004.safetensors:  73%|███████▎  | 2.83G/3.86G [03:19<01:08, 15.0MB/s][A[A




[1A
[1Amodel-00003-of-00004.safetensors:  75%|███████▍  | 2.90G/3.86G [03:19<01:03, 15.3MB/s][A[A[A[A



[1Amodel-00001-of-00004.safetensors:  64%|██████▍   | 2.54G/3.95G [03:19<01:44, 13.4MB/s][A[A[A




[1A
[1Amodel-00003-of-00004.safetensors:  75%|███████▍  | 2.90G/3.86G [03:19<01:03, 15.2MB/s][A[A[A[A


[1A
[1Amodel-00002-of-00004.safetensors:  73%|███████▎  | 2.84G/3.86G [03:19<01:11, 14.3MB/s][A[A



[1A
[1Amodel-00001-of-00004.safetensors:  65%|██████▍   | 2.54G/3.95G [03:19<01:47, 13.0MB/s][A[A[A




[1A
[1Amodel-00003-of-00004.safetensors:  75%|███████▌  | 2.90G/3.86G [03:19<01:07, 14.3MB/s][A[A[A[A


[1A
[1Amodel-00002-of-00004.safetensors:  73%|███████▎  | 2.84G/3.86G [03:19<01:15, 13.6MB/s][A[A



[1Amodel-00001-of-00004.safetensors:  65%|██████▍   | 2.55G/3.95G [03:20<01:51, 12.6MB/s][A[A[A




[1A
[1Amodel-00003-of-00004.safetensors:  75%|███████▌  | 2.90G/3.86G [03:19<01:09, 13.9MB/s][A[A[A[A


[1A
[1Amodel-00002-of-00004.safetensors:  73%|███████▎  | 2.84G/3.86G [03:19<01:17, 13.3MB/s][A[A




[1Amodel-00003-of-00004.safetensors:  75%|███████▌  | 2.90G/3.86G [03:19<01:08, 13.9MB/s][A[A[A[A



[1A
[1Amodel-00001-of-00004.safetensors:  65%|██████▍   | 2.55G/3.95G [03:20<01:51, 12.5MB/s][A[A[A


[1Amodel-00002-of-00004.safetensors:  74%|███████▎  | 2.84G/3.86G [03:19<01:17, 13.2MB/s][A[A




[1Amodel-00003-of-00004.safetensors:  75%|███████▌  | 2.91G/3.86G [03:19<01:08, 14.1MB/s][A[A[A[A


[1A
[1Amodel-00002-of-00004.safetensors:  74%|███████▎  | 2.84G/3.86G [03:20<01:15, 13.5MB/s][A[A



[1Amodel-00001-of-00004.safetensors:  65%|██████▍   | 2.55G/3.95G [03:20<01:50, 12.6MB/s][A[A[A




[1A
[1Amodel-00003-of-00004.safetensors:  75%|███████▌  | 2.91G/3.86G [03:20<01:06, 14.4MB/s][A[A[A[A


[1A
[1Amodel-00002-of-00004.safetensors:  74%|███████▎  | 2.85G/3.86G [03:20<01:14, 13.7MB/s][A[A



[1A
[1Amodel-00001-of-00004.safetensors:  65%|██████▍   | 2.55G/3.95G [03:20<01:48, 12.9MB/s][A[A[A




[1Amodel-00003-of-00004.safetensors:  75%|███████▌  | 2.91G/3.86G [03:20<01:04, 14.8MB/s][A[A[A[A


[1A
[1Amodel-00002-of-00004.safetensors:  74%|███████▎  | 2.85G/3.86G [03:20<01:11, 14.1MB/s][A[A



[1Amodel-00001-of-00004.safetensors:  65%|██████▍   | 2.56G/3.95G [03:20<01:44, 13.3MB/s][A[A[A




[1Amodel-00003-of-00004.safetensors:  75%|███████▌  | 2.91G/3.86G [03:20<01:03, 15.0MB/s][A[A[A[A


[1A
[1Amodel-00002-of-00004.safetensors:  74%|███████▎  | 2.85G/3.86G [03:20<01:09, 14.5MB/s][A[A



[1A
[1Amodel-00001-of-00004.safetensors:  65%|██████▍   | 2.56G/3.95G [03:20<01:41, 13.6MB/s][A[A[A




[1A
[1Amodel-00003-of-00004.safetensors:  75%|███████▌  | 2.91G/3.86G [03:20<01:00, 15.6MB/s][A[A[A[A


[1A
[1Amodel-00002-of-00004.safetensors:  74%|███████▍  | 2.85G/3.86G [03:20<01:09, 14.6MB/s][A[A



[1Amodel-00001-of-00004.safetensors:  65%|██████▍   | 2.56G/3.95G [03:21<01:42, 13.5MB/s][A[A[A




[1A
[1Amodel-00003-of-00004.safetensors:  75%|███████▌  | 2.92G/3.86G [03:20<01:09, 13.6MB/s][A[A[A[A


[1A
[1Amodel-00002-of-00004.safetensors:  74%|███████▍  | 2.85G/3.86G [03:20<01:11, 14.1MB/s][A[A



[1Amodel-00001-of-00004.safetensors:  65%|██████▍   | 2.56G/3.95G [03:21<01:50, 12.5MB/s][A[A[A


[1A
[1Amodel-00002-of-00004.safetensors:  74%|███████▍  | 2.86G/3.86G [03:21<01:15, 13.4MB/s][A[A




[1A
[1Amodel-00003-of-00004.safetensors:  76%|███████▌  | 2.92G/3.86G [03:20<01:19, 11.9MB/s][A[A[A[A



[1A
[1Amodel-00001-of-00004.safetensors:  65%|██████▍   | 2.56G/3.95G [03:21<01:51, 12.3MB/s][A[A[A


[1A
[1Amodel-00002-of-00004.safetensors:  74%|███████▍  | 2.86G/3.86G [03:21<01:15, 13.4MB/s][A[A




[1A
[1Amodel-00003-of-00004.safetensors:  76%|███████▌  | 2.92G/3.86G [03:21<01:22, 11.4MB/s][A[A[A[A



[1Amodel-00001-of-00004.safetensors:  65%|██████▌   | 2.57G/3.95G [03:21<01:50, 12.4MB/s][A[A[A


[1Amodel-00002-of-00004.safetensors:  74%|███████▍  | 2.86G/3.86G [03:21<01:14, 13.5MB/s][A[A



[1Amodel-00001-of-00004.safetensors:  65%|██████▌   | 2.57G/3.95G [03:21<01:48, 12.6MB/s][A[A[A




[1Amodel-00003-of-00004.safetensors:  76%|███████▌  | 2.92G/3.86G [03:21<01:22, 11.4MB/s][A[A[A[A


[1Amodel-00002-of-00004.safetensors:  74%|███████▍  | 2.86G/3.86G [03:21<01:13, 13.7MB/s][A[A



[1Amodel-00001-of-00004.safetensors:  65%|██████▌   | 2.57G/3.95G [03:21<01:46, 12.9MB/s][A[A[A




[1A
[1Amodel-00003-of-00004.safetensors:  76%|███████▌  | 2.92G/3.86G [03:21<01:21, 11.5MB/s][A[A[A[A


[1A
[1Amodel-00002-of-00004.safetensors:  74%|███████▍  | 2.86G/3.86G [03:21<01:11, 14.0MB/s][A[A



[1A
[1Amodel-00001-of-00004.safetensors:  65%|██████▌   | 2.57G/3.95G [03:22<01:43, 13.3MB/s][A[A[A


[1Amodel-00002-of-00004.safetensors:  74%|███████▍  | 2.87G/3.86G [03:21<01:08, 14.5MB/s][A[A




[1Amodel-00003-of-00004.safetensors:  76%|███████▌  | 2.93G/3.86G [03:21<01:18, 11.9MB/s][A[A[A[A



[1A
[1Amodel-00001-of-00004.safetensors:  65%|██████▌   | 2.57G/3.95G [03:22<01:39, 13.7MB/s][A[A[A


[1Amodel-00002-of-00004.safetensors:  74%|███████▍  | 2.87G/3.86G [03:21<01:06, 14.9MB/s][A[A




[1Amodel-00003-of-00004.safetensors:  76%|███████▌  | 2.93G/3.86G [03:21<01:15, 12.3MB/s][A[A[A[A



[1A
[1Amodel-00001-of-00004.safetensors:  65%|██████▌   | 2.58G/3.95G [03:22<01:36, 14.2MB/s][A[A[A


[1A
[1Amodel-00002-of-00004.safetensors:  74%|███████▍  | 2.87G/3.86G [03:21<01:04, 15.4MB/s][A[A




[1A
[1Amodel-00003-of-00004.safetensors:  76%|███████▌  | 2.93G/3.86G [03:21<01:12, 12.9MB/s][A[A[A[A


[1A
[1Amodel-00002-of-00004.safetensors:  74%|███████▍  | 2.87G/3.86G [03:22<01:02, 15.9MB/s][A[A



[1Amodel-00001-of-00004.safetensors:  65%|██████▌   | 2.58G/3.95G [03:22<01:33, 14.6MB/s][A[A[A




[1Amodel-00003-of-00004.safetensors:  76%|███████▌  | 2.93G/3.86G [03:22<01:10, 13.3MB/s][A[A[A[A


[1A
[1Amodel-00002-of-00004.safetensors:  74%|███████▍  | 2.88G/3.86G [03:22<01:00, 16.5MB/s][A[A



[1Amodel-00001-of-00004.safetensors:  65%|██████▌   | 2.58G/3.95G [03:22<01:29, 15.2MB/s][A[A[A




[1A
[1Amodel-00003-of-00004.safetensors:  76%|███████▌  | 2.93G/3.86G [03:22<01:07, 13.8MB/s][A[A[A[A


[1A
[1Amodel-00002-of-00004.safetensors:  74%|███████▍  | 2.88G/3.86G [03:22<00:58, 16.9MB/s][A[A



[1Amodel-00001-of-00004.safetensors:  65%|██████▌   | 2.58G/3.95G [03:22<01:27, 15.6MB/s][A[A[A


[1Amodel-00002-of-00004.safetensors:  75%|███████▍  | 2.88G/3.86G [03:22<00:59, 16.4MB/s][A[A




[1Amodel-00003-of-00004.safetensors:  76%|███████▌  | 2.94G/3.86G [03:22<01:06, 13.8MB/s][A[A[A[A



[1Amodel-00001-of-00004.safetensors:  66%|██████▌   | 2.58G/3.95G [03:22<01:26, 15.8MB/s][A[A[A



[1A
[1Amodel-00001-of-00004.safetensors:  66%|██████▌   | 2.59G/3.95G [03:23<01:33, 14.6MB/s][A[A[A


[1Amodel-00002-of-00004.safetensors:  75%|███████▍  | 2.88G/3.86G [03:22<01:12, 13.5MB/s][A[A




[1Amodel-00003-of-00004.safetensors:  76%|███████▌  | 2.94G/3.86G [03:22<01:19, 11.6MB/s][A[A[A[A



[1Amodel-00001-of-00004.safetensors:  66%|██████▌   | 2.59G/3.95G [03:23<01:35, 14.2MB/s][A[A[A


[1A
[1Amodel-00002-of-00004.safetensors:  75%|███████▍  | 2.88G/3.86G [03:22<01:19, 12.4MB/s][A[A




[1Amodel-00003-of-00004.safetensors:  76%|███████▌  | 2.94G/3.86G [03:22<01:25, 10.8MB/s][A[A[A[A



[1A
[1Amodel-00001-of-00004.safetensors:  66%|██████▌   | 2.59G/3.95G [03:23<01:36, 14.0MB/s][A[A[A


[1Amodel-00002-of-00004.safetensors:  75%|███████▍  | 2.89G/3.86G [03:23<01:21, 12.0MB/s][A[A



[1Amodel-00001-of-00004.safetensors:  66%|██████▌   | 2.59G/3.95G [03:23<01:35, 14.1MB/s][A[A[A




[1A
[1Amodel-00003-of-00004.safetensors:  76%|███████▌  | 2.94G/3.86G [03:23<01:26, 10.7MB/s][A[A[A[A


[1Amodel-00002-of-00004.safetensors:  75%|███████▍  | 2.89G/3.86G [03:23<01:21, 12.0MB/s][A[A



[1Amodel-00001-of-00004.safetensors:  66%|██████▌   | 2.60G/3.95G [03:23<01:33, 14.4MB/s][A[A[A




[1Amodel-00003-of-00004.safetensors:  76%|███████▌  | 2.95G/3.86G [03:23<01:24, 10.8MB/s][A[A[A[A



[1A
[1Amodel-00001-of-00004.safetensors:  66%|██████▌   | 2.60G/3.95G [03:23<01:31, 14.7MB/s][A[A[A


[1A
[1Amodel-00002-of-00004.safetensors:  75%|███████▍  | 2.89G/3.86G [03:23<01:19, 12.2MB/s][A[A




[1A
[1Amodel-00003-of-00004.safetensors:  76%|███████▋  | 2.95G/3.86G [03:23<01:22, 11.2MB/s][A[A[A[A



[1Amodel-00001-of-00004.safetensors:  66%|██████▌   | 2.60G/3.95G [03:23<01:29, 15.0MB/s][A[A[A


[1A
[1Amodel-00002-of-00004.safetensors:  75%|███████▍  | 2.89G/3.86G [03:23<01:17, 12.5MB/s][A[A



[1A
[1Amodel-00001-of-00004.safetensors:  66%|██████▌   | 2.60G/3.95G [03:23<01:26, 15.5MB/s][A[A[A




[1A
[1Amodel-00003-of-00004.safetensors:  76%|███████▋  | 2.95G/3.86G [03:23<01:18, 11.6MB/s][A[A[A[A


[1A
[1Amodel-00002-of-00004.safetensors:  75%|███████▍  | 2.89G/3.86G [03:23<01:15, 12.8MB/s][A[A



[1A
[1Amodel-00001-of-00004.safetensors:  66%|██████▌   | 2.60G/3.95G [03:24<01:24, 15.9MB/s][A[A[A




[1A
[1Amodel-00003-of-00004.safetensors:  76%|███████▋  | 2.95G/3.86G [03:23<01:15, 12.0MB/s][A[A[A[A


[1A
[1Amodel-00002-of-00004.safetensors:  75%|███████▍  | 2.90G/3.86G [03:23<01:12, 13.3MB/s][A[A



[1A
[1Amodel-00001-of-00004.safetensors:  66%|██████▌   | 2.61G/3.95G [03:24<01:22, 16.3MB/s][A[A[A




[1Amodel-00003-of-00004.safetensors:  76%|███████▋  | 2.95G/3.86G [03:23<01:12, 12.6MB/s][A[A[A[A



[1A
[1Amodel-00001-of-00004.safetensors:  66%|██████▌   | 2.61G/3.95G [03:24<01:19, 16.8MB/s][A[A[A


[1A
[1Amodel-00002-of-00004.safetensors:  75%|███████▍  | 2.90G/3.86G [03:24<01:09, 13.9MB/s][A[A



[1A
[1Amodel-00001-of-00004.safetensors:  66%|██████▌   | 2.61G/3.95G [03:24<01:17, 17.1MB/s][A[A[A




[1A
[1Amodel-00003-of-00004.safetensors:  76%|███████▋  | 2.96G/3.86G [03:23<01:09, 13.2MB/s][A[A[A[A


[1Amodel-00002-of-00004.safetensors:  75%|███████▌  | 2.90G/3.86G [03:24<01:07, 14.3MB/s][A[A



[1Amodel-00001-of-00004.safetensors:  66%|██████▌   | 2.61G/3.95G [03:24<01:15, 17.6MB/s][A[A[A




[1Amodel-00003-of-00004.safetensors:  77%|███████▋  | 2.96G/3.86G [03:24<01:05, 13.7MB/s][A[A[A[A


[1A
[1Amodel-00002-of-00004.safetensors:  75%|███████▌  | 2.90G/3.86G [03:24<01:04, 14.9MB/s][A[A



[1Amodel-00001-of-00004.safetensors:  66%|██████▋   | 2.61G/3.95G [03:24<01:13, 18.1MB/s][A[A[A


[1A
[1Amodel-00002-of-00004.safetensors:  75%|███████▌  | 2.90G/3.86G [03:24<01:02, 15.5MB/s][A[A




[1Amodel-00003-of-00004.safetensors:  77%|███████▋  | 2.96G/3.86G [03:24<01:02, 14.4MB/s][A[A[A[A



[1A
[1Amodel-00001-of-00004.safetensors:  66%|██████▋   | 2.62G/3.95G [03:24<01:12, 18.4MB/s][A[A[A


[1Amodel-00002-of-00004.safetensors:  75%|███████▌  | 2.91G/3.86G [03:24<01:05, 14.6MB/s][A[A




[1A
[1Amodel-00003-of-00004.safetensors:  77%|███████▋  | 2.96G/3.86G [03:24<01:06, 13.6MB/s][A[A[A[A



[1Amodel-00001-of-00004.safetensors:  66%|██████▋   | 2.62G/3.95G [03:24<01:18, 17.0MB/s][A[A[A


[1A
[1Amodel-00002-of-00004.safetensors:  75%|███████▌  | 2.91G/3.86G [03:24<01:08, 14.0MB/s][A[A




[1A
[1Amodel-00003-of-00004.safetensors:  77%|███████▋  | 2.96G/3.86G [03:24<01:08, 13.2MB/s][A[A[A[A



[1A
[1Amodel-00001-of-00004.safetensors:  66%|██████▋   | 2.62G/3.95G [03:25<01:22, 16.2MB/s][A[A[A


[1Amodel-00002-of-00004.safetensors:  75%|███████▌  | 2.91G/3.86G [03:24<01:09, 13.7MB/s][A[A



[1A
[1Amodel-00001-of-00004.safetensors:  66%|██████▋   | 2.62G/3.95G [03:25<01:23, 15.8MB/s][A[A[A




[1Amodel-00003-of-00004.safetensors:  77%|███████▋  | 2.97G/3.86G [03:24<01:08, 13.1MB/s][A[A[A[A



[1Amodel-00001-of-00004.safetensors:  67%|██████▋   | 2.62G/3.95G [03:25<01:23, 15.8MB/s][A[A[A


[1A
[1Amodel-00002-of-00004.safetensors:  75%|███████▌  | 2.91G/3.86G [03:25<01:08, 13.8MB/s][A[A




[1Amodel-00003-of-00004.safetensors:  77%|███████▋  | 2.97G/3.86G [03:24<01:07, 13.2MB/s][A[A[A[A



[1Amodel-00001-of-00004.safetensors:  67%|██████▋   | 2.63G/3.95G [03:25<01:23, 15.9MB/s][A[A[A


[1A
[1Amodel-00002-of-00004.safetensors:  75%|███████▌  | 2.92G/3.86G [03:25<01:07, 14.0MB/s][A[A




[1A
[1Amodel-00003-of-00004.safetensors:  77%|███████▋  | 2.97G/3.86G [03:25<01:06, 13.5MB/s][A[A[A[A



[1A
[1Amodel-00001-of-00004.safetensors:  67%|██████▋   | 2.63G/3.95G [03:25<01:28, 14.9MB/s][A[A[A


[1A
[1Amodel-00002-of-00004.safetensors:  75%|███████▌  | 2.92G/3.86G [03:25<01:08, 13.7MB/s][A[A




[1Amodel-00003-of-00004.safetensors:  77%|███████▋  | 2.97G/3.86G [03:25<01:04, 13.9MB/s][A[A[A[A



[1Amodel-00001-of-00004.safetensors:  67%|██████▋   | 2.63G/3.95G [03:25<01:34, 13.9MB/s][A[A[A




[1Amodel-00003-of-00004.safetensors:  77%|███████▋  | 2.97G/3.86G [03:25<01:02, 14.3MB/s][A[A[A[A


[1Amodel-00002-of-00004.safetensors:  76%|███████▌  | 2.92G/3.86G [03:25<01:13, 12.9MB/s][A[A




[1Amodel-00003-of-00004.safetensors:  77%|███████▋  | 2.98G/3.86G [03:25<01:00, 14.7MB/s][A[A[A[A



[1Amodel-00001-of-00004.safetensors:  67%|██████▋   | 2.63G/3.95G [03:25<01:36, 13.6MB/s][A[A[A


[1Amodel-00002-of-00004.safetensors:  76%|███████▌  | 2.92G/3.86G [03:25<01:14, 12.6MB/s][A[A




[1Amodel-00003-of-00004.safetensors:  77%|███████▋  | 2.98G/3.86G [03:25<00:58, 15.2MB/s][A[A[A[A



[1A
[1Amodel-00001-of-00004.safetensors:  67%|██████▋   | 2.64G/3.95G [03:26<01:37, 13.4MB/s][A[A[A


[1Amodel-00002-of-00004.safetensors:  76%|███████▌  | 2.92G/3.86G [03:25<01:14, 12.6MB/s][A[A




[1Amodel-00003-of-00004.safetensors:  77%|███████▋  | 2.98G/3.86G [03:25<00:56, 15.7MB/s][A[A[A[A



[1Amodel-00001-of-00004.safetensors:  67%|██████▋   | 2.64G/3.95G [03:26<01:36, 13.6MB/s][A[A[A




[1Amodel-00003-of-00004.safetensors:  77%|███████▋  | 2.98G/3.86G [03:25<00:54, 16.3MB/s][A[A[A[A


[1Amodel-00002-of-00004.safetensors:  76%|███████▌  | 2.93G/3.86G [03:26<01:14, 12.5MB/s][A[A




[1A
[1Amodel-00003-of-00004.safetensors:  77%|███████▋  | 2.99G/3.86G [03:25<00:52, 16.8MB/s][A[A[A[A



[1Amodel-00001-of-00004.safetensors:  67%|██████▋   | 2.64G/3.95G [03:26<01:41, 12.8MB/s][A[A[A




[1Amodel-00003-of-00004.safetensors:  77%|███████▋  | 2.99G/3.86G [03:26<00:50, 17.4MB/s][A[A[A[A


[1Amodel-00002-of-00004.safetensors:  76%|███████▌  | 2.93G/3.86G [03:26<01:20, 11.6MB/s][A[A




[1A
[1Amodel-00003-of-00004.safetensors:  77%|███████▋  | 2.99G/3.86G [03:26<00:49, 17.8MB/s][A[A[A[A



[1A
[1Amodel-00001-of-00004.safetensors:  67%|██████▋   | 2.64G/3.95G [03:26<01:47, 12.1MB/s][A[A[A




[1Amodel-00003-of-00004.safetensors:  77%|███████▋  | 2.99G/3.86G [03:26<00:47, 18.4MB/s][A[A[A[A


[1A
[1Amodel-00002-of-00004.safetensors:  76%|███████▌  | 2.93G/3.86G [03:26<01:22, 11.3MB/s][A[A



[1A
[1Amodel-00001-of-00004.safetensors:  67%|██████▋   | 2.64G/3.95G [03:26<01:49, 11.9MB/s][A[A[A




[1Amodel-00003-of-00004.safetensors:  77%|███████▋  | 2.99G/3.86G [03:26<00:45, 19.0MB/s][A[A[A[A


[1A
[1Amodel-00002-of-00004.safetensors:  76%|███████▌  | 2.93G/3.86G [03:26<01:22, 11.3MB/s][A[A




[1Amodel-00003-of-00004.safetensors:  78%|███████▊  | 3.00G/3.86G [03:26<00:44, 19.4MB/s][A[A[A[A



[1A
[1Amodel-00001-of-00004.safetensors:  67%|██████▋   | 2.65G/3.95G [03:27<01:50, 11.8MB/s][A[A[A




[1A
[1Amodel-00003-of-00004.safetensors:  78%|███████▊  | 3.00G/3.86G [03:26<00:46, 18.7MB/s][A[A[A[A


[1A
[1Amodel-00002-of-00004.safetensors:  76%|███████▌  | 2.93G/3.86G [03:26<01:28, 10.6MB/s][A[A




[1A
[1Amodel-00003-of-00004.safetensors:  78%|███████▊  | 3.00G/3.86G [03:26<00:49, 17.5MB/s][A[A[A[A



[1A
[1Amodel-00001-of-00004.safetensors:  67%|██████▋   | 2.65G/3.95G [03:27<02:00, 10.8MB/s][A[A[A




[1A
[1Amodel-00003-of-00004.safetensors:  78%|███████▊  | 3.00G/3.86G [03:26<00:51, 16.9MB/s][A[A[A[A


[1Amodel-00002-of-00004.safetensors:  76%|███████▌  | 2.94G/3.86G [03:27<01:31, 10.1MB/s][A[A



[1A
[1Amodel-00001-of-00004.safetensors:  67%|██████▋   | 2.65G/3.95G [03:27<02:04, 10.4MB/s][A[A[A




[1A
[1Amodel-00003-of-00004.safetensors:  78%|███████▊  | 3.00G/3.86G [03:27<00:51, 16.7MB/s][A[A[A[A


[1Amodel-00002-of-00004.safetensors:  76%|███████▌  | 2.94G/3.86G [03:27<01:31, 10.1MB/s][A[A




[1Amodel-00003-of-00004.safetensors:  78%|███████▊  | 3.01G/3.86G [03:27<00:51, 16.7MB/s][A[A[A[A



[1A
[1Amodel-00001-of-00004.safetensors:  67%|██████▋   | 2.65G/3.95G [03:27<02:03, 10.5MB/s][A[A[A


[1Amodel-00002-of-00004.safetensors:  76%|███████▌  | 2.94G/3.86G [03:27<01:29, 10.3MB/s][A[A




[1A
[1Amodel-00003-of-00004.safetensors:  78%|███████▊  | 3.01G/3.86G [03:27<00:50, 17.0MB/s][A[A[A[A




[1A
[1Amodel-00003-of-00004.safetensors:  78%|███████▊  | 3.01G/3.86G [03:27<00:49, 17.2MB/s][A[A[A[A



[1A
[1Amodel-00001-of-00004.safetensors:  67%|██████▋   | 2.65G/3.95G [03:27<02:00, 10.7MB/s][A[A[A


[1A
[1Amodel-00002-of-00004.safetensors:  76%|███████▌  | 2.94G/3.86G [03:27<01:26, 10.6MB/s][A[A




[1Amodel-00003-of-00004.safetensors:  78%|███████▊  | 3.01G/3.86G [03:27<00:48, 17.6MB/s][A[A[A[A



[1Amodel-00001-of-00004.safetensors:  67%|██████▋   | 2.66G/3.95G [03:28<01:56, 11.1MB/s][A[A[A


[1Amodel-00002-of-00004.safetensors:  76%|███████▌  | 2.94G/3.86G [03:27<01:23, 11.1MB/s][A[A




[1Amodel-00003-of-00004.safetensors:  78%|███████▊  | 3.01G/3.86G [03:27<00:47, 18.0MB/s][A[A[A[A




[1A
[1Amodel-00003-of-00004.safetensors:  78%|███████▊  | 3.02G/3.86G [03:27<00:46, 18.2MB/s][A[A[A[A



[1A
[1Amodel-00001-of-00004.safetensors:  67%|██████▋   | 2.66G/3.95G [03:28<01:51, 11.5MB/s][A[A[A


[1A
[1Amodel-00002-of-00004.safetensors:  76%|███████▌  | 2.95G/3.86G [03:27<01:19, 11.6MB/s][A[A




[1A
[1Amodel-00003-of-00004.safetensors:  78%|███████▊  | 3.02G/3.86G [03:27<00:45, 18.8MB/s][A[A[A[A



[1A
[1Amodel-00001-of-00004.safetensors:  67%|██████▋   | 2.66G/3.95G [03:28<01:47, 12.0MB/s][A[A[A


[1A
[1Amodel-00002-of-00004.safetensors:  76%|███████▋  | 2.95G/3.86G [03:28<01:15, 12.1MB/s][A[A




[1A
[1Amodel-00003-of-00004.safetensors:  78%|███████▊  | 3.02G/3.86G [03:27<00:43, 19.2MB/s][A[A[A[A




[1Amodel-00003-of-00004.safetensors:  78%|███████▊  | 3.02G/3.86G [03:28<00:42, 19.7MB/s][A[A[A[A



[1Amodel-00001-of-00004.safetensors:  67%|██████▋   | 2.66G/3.95G [03:28<01:42, 12.5MB/s][A[A[A


[1A
[1Amodel-00002-of-00004.safetensors:  76%|███████▋  | 2.95G/3.86G [03:28<01:12, 12.6MB/s][A[A




[1A
[1Amodel-00003-of-00004.safetensors:  78%|███████▊  | 3.03G/3.86G [03:28<00:41, 20.1MB/s][A[A[A[A


[1Amodel-00002-of-00004.safetensors:  76%|███████▋  | 2.95G/3.86G [03:28<01:09, 13.2MB/s][A[A



[1A
[1Amodel-00001-of-00004.safetensors:  68%|██████▊   | 2.66G/3.95G [03:28<01:41, 12.6MB/s][A[A[A




[1A
[1Amodel-00003-of-00004.safetensors:  78%|███████▊  | 3.03G/3.86G [03:28<00:44, 18.7MB/s][A[A[A[A



[1A
[1Amodel-00001-of-00004.safetensors:  68%|██████▊   | 2.67G/3.95G [03:28<01:44, 12.3MB/s][A[A[A


[1A
[1Amodel-00002-of-00004.safetensors:  76%|███████▋  | 2.95G/3.86G [03:28<01:13, 12.4MB/s][A[A




[1Amodel-00003-of-00004.safetensors:  78%|███████▊  | 3.03G/3.86G [03:28<00:46, 17.8MB/s][A[A[A[A




[1Amodel-00003-of-00004.safetensors:  78%|███████▊  | 3.03G/3.86G [03:28<00:48, 17.2MB/s][A[A[A[A



[1A
[1Amodel-00001-of-00004.safetensors:  68%|██████▊   | 2.67G/3.95G [03:29<01:47, 11.9MB/s][A[A[A


[1Amodel-00002-of-00004.safetensors:  76%|███████▋  | 2.96G/3.86G [03:28<01:15, 12.1MB/s][A[A




[1Amodel-00003-of-00004.safetensors:  79%|███████▊  | 3.03G/3.86G [03:28<00:48, 17.2MB/s][A[A[A[A



[1Amodel-00001-of-00004.safetensors:  68%|██████▊   | 2.67G/3.95G [03:29<01:46, 11.9MB/s][A[A[A


[1A
[1Amodel-00002-of-00004.safetensors:  77%|███████▋  | 2.96G/3.86G [03:28<01:14, 12.2MB/s][A[A




[1A
[1Amodel-00003-of-00004.safetensors:  79%|███████▊  | 3.04G/3.86G [03:28<00:47, 17.3MB/s][A[A[A[A


[1A
[1Amodel-00002-of-00004.safetensors:  77%|███████▋  | 2.96G/3.86G [03:29<01:12, 12.4MB/s][A[A



[1A
[1Amodel-00001-of-00004.safetensors:  68%|██████▊   | 2.67G/3.95G [03:29<01:44, 12.2MB/s][A[A[A




[1A
[1Amodel-00003-of-00004.safetensors:  79%|███████▊  | 3.04G/3.86G [03:28<00:47, 17.4MB/s][A[A[A[A




[1A
[1Amodel-00003-of-00004.safetensors:  79%|███████▊  | 3.04G/3.86G [03:29<00:46, 17.8MB/s][A[A[A[A


[1A
[1Amodel-00002-of-00004.safetensors:  77%|███████▋  | 2.96G/3.86G [03:29<01:10, 12.8MB/s][A[A



[1A
[1Amodel-00001-of-00004.safetensors:  68%|██████▊   | 2.67G/3.95G [03:29<01:41, 12.5MB/s][A[A[A




[1A
[1Amodel-00003-of-00004.safetensors:  79%|███████▊  | 3.04G/3.86G [03:29<00:46, 17.7MB/s][A[A[A[A


[1A
[1Amodel-00002-of-00004.safetensors:  77%|███████▋  | 2.96G/3.86G [03:29<01:12, 12.3MB/s][A[A




[1A
[1Amodel-00003-of-00004.safetensors:  79%|███████▉  | 3.05G/3.86G [03:29<00:50, 16.2MB/s][A[A[A[A



[1A
[1Amodel-00001-of-00004.safetensors:  68%|██████▊   | 2.68G/3.95G [03:29<01:55, 11.0MB/s][A[A[A


[1Amodel-00002-of-00004.safetensors:  77%|███████▋  | 2.97G/3.86G [03:29<01:15, 11.8MB/s][A[A




[1A
[1Amodel-00003-of-00004.safetensors:  79%|███████▉  | 3.05G/3.86G [03:29<00:52, 15.6MB/s][A[A[A[A



[1A
[1Amodel-00001-of-00004.safetensors:  68%|██████▊   | 2.68G/3.95G [03:30<02:10, 9.68MB/s][A[A[A




[1A
[1Amodel-00003-of-00004.safetensors:  79%|███████▉  | 3.05G/3.86G [03:29<00:53, 15.3MB/s][A[A[A[A


[1A
[1Amodel-00002-of-00004.safetensors:  77%|███████▋  | 2.97G/3.86G [03:29<01:16, 11.7MB/s][A[A



[1A
[1Amodel-00001-of-00004.safetensors:  68%|██████▊   | 2.68G/3.95G [03:30<02:14, 9.43MB/s][A[A[A




[1Amodel-00003-of-00004.safetensors:  79%|███████▉  | 3.05G/3.86G [03:29<00:53, 15.3MB/s][A[A[A[A


[1Amodel-00002-of-00004.safetensors:  77%|███████▋  | 2.97G/3.86G [03:29<01:15, 11.9MB/s][A[A



[1Amodel-00001-of-00004.safetensors:  68%|██████▊   | 2.68G/3.95G [03:30<02:15, 9.31MB/s][A[A[A




[1A
[1Amodel-00003-of-00004.safetensors:  79%|███████▉  | 3.05G/3.86G [03:29<00:52, 15.4MB/s][A[A[A[A



[1A
[1Amodel-00001-of-00004.safetensors:  68%|██████▊   | 2.68G/3.95G [03:30<02:15, 9.30MB/s][A[A[A


[1A
[1Amodel-00002-of-00004.safetensors:  77%|███████▋  | 2.97G/3.86G [03:30<01:13, 12.1MB/s][A[A




[1Amodel-00003-of-00004.safetensors:  79%|███████▉  | 3.06G/3.86G [03:29<00:51, 15.8MB/s][A[A[A[A



[1Amodel-00001-of-00004.safetensors:  68%|██████▊   | 2.68G/3.95G [03:30<02:14, 9.35MB/s][A[A[A


[1A
[1Amodel-00002-of-00004.safetensors:  77%|███████▋  | 2.97G/3.86G [03:30<01:11, 12.5MB/s][A[A




[1A
[1Amodel-00003-of-00004.safetensors:  79%|███████▉  | 3.06G/3.86G [03:30<00:50, 16.1MB/s][A[A[A[A



[1A
[1Amodel-00001-of-00004.safetensors:  68%|██████▊   | 2.68G/3.95G [03:30<02:11, 9.57MB/s][A[A[A




[1Amodel-00003-of-00004.safetensors:  79%|███████▉  | 3.06G/3.86G [03:30<00:49, 16.4MB/s][A[A[A[A



[1A
[1Amodel-00001-of-00004.safetensors:  68%|██████▊   | 2.69G/3.95G [03:30<02:08, 9.79MB/s][A[A[A


[1A
[1Amodel-00002-of-00004.safetensors:  77%|███████▋  | 2.98G/3.86G [03:30<01:08, 13.0MB/s][A[A




[1Amodel-00003-of-00004.safetensors:  79%|███████▉  | 3.06G/3.86G [03:30<00:47, 16.9MB/s][A[A[A[A


[1Amodel-00002-of-00004.safetensors:  77%|███████▋  | 2.98G/3.86G [03:30<01:05, 13.5MB/s][A[A



[1A
[1Amodel-00001-of-00004.safetensors:  68%|██████▊   | 2.69G/3.95G [03:30<02:01, 10.3MB/s][A[A[A




[1Amodel-00003-of-00004.safetensors:  79%|███████▉  | 3.06G/3.86G [03:30<00:45, 17.5MB/s][A[A[A[A


[1Amodel-00002-of-00004.safetensors:  77%|███████▋  | 2.98G/3.86G [03:30<01:03, 14.0MB/s][A[A




[1Amodel-00003-of-00004.safetensors:  79%|███████▉  | 3.07G/3.86G [03:30<00:44, 17.9MB/s][A[A[A[A



[1Amodel-00001-of-00004.safetensors:  68%|██████▊   | 2.69G/3.95G [03:31<01:56, 10.8MB/s][A[A[A


[1A
[1Amodel-00002-of-00004.safetensors:  77%|███████▋  | 2.98G/3.86G [03:30<01:00, 14.5MB/s][A[A




[1A
[1Amodel-00003-of-00004.safetensors:  79%|███████▉  | 3.07G/3.86G [03:30<00:43, 18.4MB/s][A[A[A[A




[1A
[1Amodel-00003-of-00004.safetensors:  79%|███████▉  | 3.07G/3.86G [03:30<00:42, 18.8MB/s][A[A[A[A



[1A
[1Amodel-00001-of-00004.safetensors:  68%|██████▊   | 2.69G/3.95G [03:31<01:50, 11.4MB/s][A[A[A


[1A
[1Amodel-00002-of-00004.safetensors:  77%|███████▋  | 2.99G/3.86G [03:30<00:58, 15.0MB/s][A[A




[1A
[1Amodel-00003-of-00004.safetensors:  79%|███████▉  | 3.07G/3.86G [03:30<00:40, 19.4MB/s][A[A[A[A


[1A
[1Amodel-00002-of-00004.safetensors:  77%|███████▋  | 2.99G/3.86G [03:31<00:56, 15.6MB/s][A[A



[1A
[1Amodel-00001-of-00004.safetensors:  68%|██████▊   | 2.69G/3.95G [03:31<01:44, 11.9MB/s][A[A[A




[1Amodel-00003-of-00004.safetensors:  80%|███████▉  | 3.07G/3.86G [03:30<00:39, 19.8MB/s][A[A[A[A


[1A
[1Amodel-00002-of-00004.safetensors:  77%|███████▋  | 2.99G/3.86G [03:31<00:56, 15.5MB/s][A[A




[1A
[1Amodel-00003-of-00004.safetensors:  80%|███████▉  | 3.08G/3.86G [03:31<00:41, 18.9MB/s][A[A[A[A



[1Amodel-00001-of-00004.safetensors:  68%|██████▊   | 2.70G/3.95G [03:31<01:49, 11.4MB/s][A[A[A


[1A
[1Amodel-00002-of-00004.safetensors:  77%|███████▋  | 2.99G/3.86G [03:31<00:58, 14.8MB/s][A[A




[1A
[1Amodel-00003-of-00004.safetensors:  80%|███████▉  | 3.08G/3.86G [03:31<00:44, 17.6MB/s][A[A[A[A



[1A
[1Amodel-00001-of-00004.safetensors:  68%|██████▊   | 2.70G/3.95G [03:31<01:52, 11.1MB/s][A[A[A


[1A
[1Amodel-00002-of-00004.safetensors:  77%|███████▋  | 2.99G/3.86G [03:31<01:00, 14.3MB/s][A[A




[1A
[1Amodel-00003-of-00004.safetensors:  80%|███████▉  | 3.08G/3.86G [03:31<00:46, 17.0MB/s][A[A[A[A




[1A
[1Amodel-00003-of-00004.safetensors:  80%|███████▉  | 3.08G/3.86G [03:31<00:46, 16.9MB/s][A[A[A[A


[1A
[1Amodel-00002-of-00004.safetensors:  78%|███████▊  | 3.00G/3.86G [03:31<01:01, 14.1MB/s][A[A



[1Amodel-00001-of-00004.safetensors:  68%|██████▊   | 2.70G/3.95G [03:32<01:53, 11.0MB/s][A[A[A




[1Amodel-00003-of-00004.safetensors:  80%|███████▉  | 3.08G/3.86G [03:31<00:45, 17.0MB/s][A[A[A[A


[1A
[1Amodel-00002-of-00004.safetensors:  78%|███████▊  | 3.00G/3.86G [03:31<01:00, 14.3MB/s][A[A



[1Amodel-00001-of-00004.safetensors:  68%|██████▊   | 2.70G/3.95G [03:32<01:51, 11.2MB/s][A[A[A




[1Amodel-00003-of-00004.safetensors:  80%|███████▉  | 3.09G/3.86G [03:31<00:45, 17.2MB/s][A[A[A[A


[1A
[1Amodel-00002-of-00004.safetensors:  78%|███████▊  | 3.00G/3.86G [03:31<00:59, 14.4MB/s][A[A




[1A
[1Amodel-00003-of-00004.safetensors:  80%|███████▉  | 3.09G/3.86G [03:31<00:46, 16.7MB/s][A[A[A[A



[1A
[1Amodel-00001-of-00004.safetensors:  69%|██████▊   | 2.70G/3.95G [03:32<01:47, 11.5MB/s][A[A[A


[1Amodel-00002-of-00004.safetensors:  78%|███████▊  | 3.00G/3.86G [03:32<01:02, 13.8MB/s][A[A




[1Amodel-00003-of-00004.safetensors:  80%|███████▉  | 3.09G/3.86G [03:32<00:48, 15.9MB/s][A[A[A[A



[1A
[1Amodel-00001-of-00004.safetensors:  69%|██████▊   | 2.71G/3.95G [03:32<01:44, 11.9MB/s][A[A[A


[1Amodel-00002-of-00004.safetensors:  78%|███████▊  | 3.00G/3.86G [03:32<01:06, 12.9MB/s][A[A




[1A
[1Amodel-00003-of-00004.safetensors:  80%|████████  | 3.09G/3.86G [03:32<00:51, 15.1MB/s][A[A[A[A



[1A
[1Amodel-00001-of-00004.safetensors:  69%|██████▊   | 2.71G/3.95G [03:32<01:40, 12.3MB/s][A[A[A




[1A
[1Amodel-00003-of-00004.safetensors:  80%|████████  | 3.10G/3.86G [03:32<00:51, 14.9MB/s][A[A[A[A


[1A
[1Amodel-00002-of-00004.safetensors:  78%|███████▊  | 3.01G/3.86G [03:32<01:07, 12.7MB/s][A[A



[1A
[1Amodel-00001-of-00004.safetensors:  69%|██████▊   | 2.71G/3.95G [03:32<01:35, 12.9MB/s][A[A[A




[1A
[1Amodel-00003-of-00004.safetensors:  80%|████████  | 3.10G/3.86G [03:32<00:51, 14.8MB/s][A[A[A[A


[1A
[1Amodel-00002-of-00004.safetensors:  78%|███████▊  | 3.01G/3.86G [03:32<01:06, 12.8MB/s][A[A



[1A
[1Amodel-00001-of-00004.safetensors:  69%|██████▉   | 2.71G/3.95G [03:32<01:32, 13.3MB/s][A[A[A




[1Amodel-00003-of-00004.safetensors:  80%|████████  | 3.10G/3.86G [03:32<00:50, 15.1MB/s][A[A[A[A



[1A
[1Amodel-00001-of-00004.safetensors:  69%|██████▉   | 2.71G/3.95G [03:33<01:28, 13.9MB/s][A[A[A


[1Amodel-00002-of-00004.safetensors:  78%|███████▊  | 3.01G/3.86G [03:32<01:05, 13.0MB/s][A[A




[1A
[1Amodel-00003-of-00004.safetensors:  80%|████████  | 3.10G/3.86G [03:32<00:50, 15.2MB/s][A[A[A[A



[1A
[1Amodel-00001-of-00004.safetensors:  69%|██████▉   | 2.72G/3.95G [03:33<01:28, 13.8MB/s][A[A[A


[1A
[1Amodel-00002-of-00004.safetensors:  78%|███████▊  | 3.01G/3.86G [03:32<01:08, 12.5MB/s][A[A




[1Amodel-00003-of-00004.safetensors:  80%|████████  | 3.10G/3.86G [03:32<00:52, 14.5MB/s][A[A[A[A



[1Amodel-00001-of-00004.safetensors:  69%|██████▉   | 2.72G/3.95G [03:33<01:31, 13.4MB/s][A[A[A




[1Amodel-00003-of-00004.safetensors:  80%|████████  | 3.11G/3.86G [03:33<00:55, 13.7MB/s][A[A[A[A


[1A
[1Amodel-00002-of-00004.safetensors:  78%|███████▊  | 3.01G/3.86G [03:33<01:21, 10.4MB/s][A[A



[1Amodel-00001-of-00004.safetensors:  69%|██████▉   | 2.72G/3.95G [03:33<01:34, 13.0MB/s][A[A[A




[1Amodel-00003-of-00004.safetensors:  80%|████████  | 3.11G/3.86G [03:33<00:55, 13.6MB/s][A[A[A[A



[1A
[1Amodel-00001-of-00004.safetensors:  69%|██████▉   | 2.72G/3.95G [03:33<01:35, 12.9MB/s][A[A[A


[1Amodel-00002-of-00004.safetensors:  78%|███████▊  | 3.02G/3.86G [03:33<01:26, 9.86MB/s][A[A




[1Amodel-00003-of-00004.safetensors:  80%|████████  | 3.11G/3.86G [03:33<00:55, 13.6MB/s][A[A[A[A



[1Amodel-00001-of-00004.safetensors:  69%|██████▉   | 2.73G/3.95G [03:33<01:33, 13.1MB/s][A[A[A


[1A
[1Amodel-00002-of-00004.safetensors:  78%|███████▊  | 3.02G/3.86G [03:33<01:26, 9.77MB/s][A[A




[1A
[1Amodel-00003-of-00004.safetensors:  81%|████████  | 3.11G/3.86G [03:33<00:54, 13.8MB/s][A[A[A[A


[1A
[1Amodel-00002-of-00004.safetensors:  78%|███████▊  | 3.02G/3.86G [03:33<01:26, 9.80MB/s][A[A



[1Amodel-00001-of-00004.safetensors:  69%|██████▉   | 2.73G/3.95G [03:34<01:31, 13.3MB/s][A[A[A




[1A
[1Amodel-00003-of-00004.safetensors:  81%|████████  | 3.11G/3.86G [03:33<00:53, 14.1MB/s][A[A[A[A


[1A
[1Amodel-00002-of-00004.safetensors:  78%|███████▊  | 3.02G/3.86G [03:33<01:25, 9.88MB/s][A[A



[1Amodel-00001-of-00004.safetensors:  69%|██████▉   | 2.73G/3.95G [03:34<01:28, 13.7MB/s][A[A[A




[1A
[1Amodel-00003-of-00004.safetensors:  81%|████████  | 3.12G/3.86G [03:33<00:51, 14.6MB/s][A[A[A[A


[1Amodel-00002-of-00004.safetensors:  78%|███████▊  | 3.02G/3.86G [03:34<01:22, 10.2MB/s][A[A



[1A
[1Amodel-00001-of-00004.safetensors:  69%|██████▉   | 2.73G/3.95G [03:34<01:26, 14.0MB/s][A[A[A




[1A
[1Amodel-00003-of-00004.safetensors:  81%|████████  | 3.12G/3.86G [03:33<00:49, 15.0MB/s][A[A[A[A



[1A
[1Amodel-00001-of-00004.safetensors:  69%|██████▉   | 2.73G/3.95G [03:34<01:24, 14.4MB/s][A[A[A


[1Amodel-00002-of-00004.safetensors:  78%|███████▊  | 3.02G/3.86G [03:34<01:18, 10.7MB/s][A[A




[1A
[1Amodel-00003-of-00004.safetensors:  81%|████████  | 3.12G/3.86G [03:34<00:48, 15.5MB/s][A[A[A[A



[1A
[1Amodel-00001-of-00004.safetensors:  69%|██████▉   | 2.74G/3.95G [03:34<01:20, 14.9MB/s][A[A[A




[1Amodel-00003-of-00004.safetensors:  81%|████████  | 3.12G/3.86G [03:34<00:46, 15.9MB/s][A[A[A[A


[1A
[1Amodel-00002-of-00004.safetensors:  78%|███████▊  | 3.03G/3.86G [03:34<01:14, 11.2MB/s][A[A



[1Amodel-00001-of-00004.safetensors:  69%|██████▉   | 2.74G/3.95G [03:34<01:18, 15.4MB/s][A[A[A




[1A
[1Amodel-00003-of-00004.safetensors:  81%|████████  | 3.12G/3.86G [03:34<00:44, 16.5MB/s][A[A[A[A


[1Amodel-00002-of-00004.safetensors:  78%|███████▊  | 3.03G/3.86G [03:34<01:10, 11.8MB/s][A[A



[1A
[1Amodel-00001-of-00004.safetensors:  69%|██████▉   | 2.74G/3.95G [03:34<01:15, 15.9MB/s][A[A[A




[1Amodel-00003-of-00004.safetensors:  81%|████████  | 3.13G/3.86G [03:34<00:43, 17.1MB/s][A[A[A[A




[1A
[1Amodel-00003-of-00004.safetensors:  81%|████████  | 3.13G/3.86G [03:34<00:42, 17.5MB/s][A[A[A[A



[1A
[1Amodel-00001-of-00004.safetensors:  69%|██████▉   | 2.74G/3.95G [03:35<01:13, 16.3MB/s][A[A[A


[1A
[1Amodel-00002-of-00004.safetensors:  78%|███████▊  | 3.03G/3.86G [03:34<01:07, 12.3MB/s][A[A




[1A
[1Amodel-00003-of-00004.safetensors:  81%|████████  | 3.13G/3.86G [03:34<00:40, 17.9MB/s][A[A[A[A



[1Amodel-00001-of-00004.safetensors:  70%|██████▉   | 2.74G/3.95G [03:35<01:11, 16.7MB/s][A[A[A


[1Amodel-00002-of-00004.safetensors:  78%|███████▊  | 3.03G/3.86G [03:34<01:04, 12.9MB/s][A[A




[1A
[1Amodel-00003-of-00004.safetensors:  81%|████████  | 3.13G/3.86G [03:34<00:40, 18.1MB/s][A[A[A[A



[1Amodel-00001-of-00004.safetensors:  70%|██████▉   | 2.75G/3.95G [03:35<01:13, 16.4MB/s][A[A[A


[1A
[1Amodel-00002-of-00004.safetensors:  79%|███████▊  | 3.03G/3.86G [03:35<01:07, 12.3MB/s][A[A




[1Amodel-00003-of-00004.safetensors:  81%|████████  | 3.14G/3.86G [03:34<00:43, 17.0MB/s][A[A[A[A



[1Amodel-00001-of-00004.safetensors:  70%|██████▉   | 2.75G/3.95G [03:35<01:18, 15.3MB/s][A[A[A




[1Amodel-00003-of-00004.safetensors:  81%|████████  | 3.14G/3.86G [03:35<00:45, 16.0MB/s][A[A[A[A


[1Amodel-00002-of-00004.safetensors:  79%|███████▊  | 3.04G/3.86G [03:35<01:09, 11.9MB/s][A[A



[1Amodel-00001-of-00004.safetensors:  70%|██████▉   | 2.75G/3.95G [03:35<01:20, 14.8MB/s][A[A[A




[1Amodel-00003-of-00004.safetensors:  81%|████████  | 3.14G/3.86G [03:35<00:45, 15.8MB/s][A[A[A[A


[1Amodel-00002-of-00004.safetensors:  79%|███████▊  | 3.04G/3.86G [03:35<01:09, 11.8MB/s][A[A



[1Amodel-00001-of-00004.safetensors:  70%|██████▉   | 2.75G/3.95G [03:35<01:21, 14.7MB/s][A[A[A




[1A
[1Amodel-00003-of-00004.safetensors:  81%|████████▏ | 3.14G/3.86G [03:35<00:45, 15.9MB/s][A[A[A[A



[1A
[1Amodel-00001-of-00004.safetensors:  70%|██████▉   | 2.75G/3.95G [03:35<01:20, 14.7MB/s][A[A[A


[1A
[1Amodel-00002-of-00004.safetensors:  79%|███████▊  | 3.04G/3.86G [03:35<01:08, 12.1MB/s][A[A




[1A
[1Amodel-00003-of-00004.safetensors:  81%|████████▏ | 3.14G/3.86G [03:35<00:44, 16.1MB/s][A[A[A[A



[1A
[1Amodel-00001-of-00004.safetensors:  70%|██████▉   | 2.76G/3.95G [03:36<01:19, 14.9MB/s][A[A[A


[1A
[1Amodel-00002-of-00004.safetensors:  79%|███████▊  | 3.04G/3.86G [03:35<01:06, 12.4MB/s][A[A




[1A
[1Amodel-00003-of-00004.safetensors:  81%|████████▏ | 3.15G/3.86G [03:35<00:44, 16.0MB/s][A[A[A[A



[1A
[1Amodel-00001-of-00004.safetensors:  70%|██████▉   | 2.76G/3.95G [03:36<01:17, 15.3MB/s][A[A[A




[1Amodel-00003-of-00004.safetensors:  81%|████████▏ | 3.15G/3.86G [03:35<00:48, 14.9MB/s][A[A[A[A


[1A
[1Amodel-00002-of-00004.safetensors:  79%|███████▉  | 3.05G/3.86G [03:35<01:11, 11.5MB/s][A[A



[1A
[1Amodel-00001-of-00004.safetensors:  70%|██████▉   | 2.76G/3.95G [03:36<01:16, 15.4MB/s][A[A[A




[1A
[1Amodel-00003-of-00004.safetensors:  82%|████████▏ | 3.15G/3.86G [03:35<00:50, 14.3MB/s][A[A[A[A



[1Amodel-00001-of-00004.safetensors:  70%|███████   | 2.76G/3.95G [03:36<01:14, 15.8MB/s][A[A[A


[1Amodel-00002-of-00004.safetensors:  79%|███████▉  | 3.05G/3.86G [03:36<01:12, 11.2MB/s][A[A



[1Amodel-00001-of-00004.safetensors:  70%|███████   | 2.77G/3.95G [03:36<01:12, 16.3MB/s][A[A[A




[1A
[1Amodel-00003-of-00004.safetensors:  82%|████████▏ | 3.15G/3.86G [03:36<00:50, 14.0MB/s][A[A[A[A



[1A
[1Amodel-00001-of-00004.safetensors:  70%|███████   | 2.77G/3.95G [03:36<01:10, 16.7MB/s][A[A[A


[1A
[1Amodel-00002-of-00004.safetensors:  79%|███████▉  | 3.05G/3.86G [03:36<01:12, 11.2MB/s][A[A




[1Amodel-00003-of-00004.safetensors:  82%|████████▏ | 3.15G/3.86G [03:36<00:50, 14.1MB/s][A[A[A[A



[1Amodel-00001-of-00004.safetensors:  70%|███████   | 2.77G/3.95G [03:36<01:09, 17.0MB/s][A[A[A


[1Amodel-00002-of-00004.safetensors:  79%|███████▉  | 3.05G/3.86G [03:36<01:13, 11.0MB/s][A[A




[1A
[1Amodel-00003-of-00004.safetensors:  82%|████████▏ | 3.16G/3.86G [03:36<00:52, 13.6MB/s][A[A[A[A



[1Amodel-00001-of-00004.safetensors:  70%|███████   | 2.77G/3.95G [03:36<01:13, 15.9MB/s][A[A[A




[1Amodel-00003-of-00004.safetensors:  82%|████████▏ | 3.16G/3.86G [03:36<00:55, 12.7MB/s][A[A[A[A



[1A
[1Amodel-00001-of-00004.safetensors:  70%|███████   | 2.77G/3.95G [03:37<01:17, 15.1MB/s][A[A[A


[1A
[1Amodel-00002-of-00004.safetensors:  79%|███████▉  | 3.05G/3.86G [03:36<01:18, 10.4MB/s][A[A



[1A
[1Amodel-00001-of-00004.safetensors:  70%|███████   | 2.78G/3.95G [03:37<01:18, 14.9MB/s][A[A[A




[1Amodel-00003-of-00004.safetensors:  82%|████████▏ | 3.16G/3.86G [03:36<00:56, 12.5MB/s][A[A[A[A


[1Amodel-00002-of-00004.safetensors:  79%|███████▉  | 3.06G/3.86G [03:36<01:18, 10.3MB/s][A[A



[1Amodel-00001-of-00004.safetensors:  70%|███████   | 2.78G/3.95G [03:37<01:18, 14.9MB/s][A[A[A




[1Amodel-00003-of-00004.safetensors:  82%|████████▏ | 3.16G/3.86G [03:36<00:55, 12.5MB/s][A[A[A[A


[1A
[1Amodel-00002-of-00004.safetensors:  79%|███████▉  | 3.06G/3.86G [03:37<01:17, 10.5MB/s][A[A



[1A
[1Amodel-00001-of-00004.safetensors:  70%|███████   | 2.78G/3.95G [03:37<01:17, 15.1MB/s][A[A[A




[1A
[1Amodel-00003-of-00004.safetensors:  82%|████████▏ | 3.16G/3.86G [03:37<00:54, 12.8MB/s][A[A[A[A



[1A
[1Amodel-00001-of-00004.safetensors:  71%|███████   | 2.78G/3.95G [03:37<01:16, 15.2MB/s][A[A[A


[1Amodel-00002-of-00004.safetensors:  79%|███████▉  | 3.06G/3.86G [03:37<01:14, 10.8MB/s][A[A




[1A
[1Amodel-00003-of-00004.safetensors:  82%|████████▏ | 3.17G/3.86G [03:37<00:53, 13.1MB/s][A[A[A[A



[1A
[1Amodel-00001-of-00004.safetensors:  71%|███████   | 2.78G/3.95G [03:37<01:14, 15.6MB/s][A[A[A


[1A
[1Amodel-00002-of-00004.safetensors:  79%|███████▉  | 3.06G/3.86G [03:37<01:11, 11.2MB/s][A[A




[1Amodel-00003-of-00004.safetensors:  82%|████████▏ | 3.17G/3.86G [03:37<00:51, 13.5MB/s][A[A[A[A



[1A
[1Amodel-00001-of-00004.safetensors:  71%|███████   | 2.79G/3.95G [03:37<01:12, 15.9MB/s][A[A[A




[1A
[1Amodel-00003-of-00004.safetensors:  82%|████████▏ | 3.17G/3.86G [03:37<00:49, 14.0MB/s][A[A[A[A


[1A
[1Amodel-00002-of-00004.safetensors:  79%|███████▉  | 3.06G/3.86G [03:37<01:08, 11.7MB/s][A[A



[1Amodel-00001-of-00004.safetensors:  71%|███████   | 2.79G/3.95G [03:37<01:10, 16.4MB/s][A[A[A




[1Amodel-00003-of-00004.safetensors:  82%|████████▏ | 3.17G/3.86G [03:37<00:47, 14.5MB/s][A[A[A[A



[1A
[1Amodel-00001-of-00004.safetensors:  71%|███████   | 2.79G/3.95G [03:38<01:09, 16.7MB/s][A[A[A


[1A
[1Amodel-00002-of-00004.safetensors:  79%|███████▉  | 3.07G/3.86G [03:37<01:05, 12.3MB/s][A[A



[1A
[1Amodel-00001-of-00004.safetensors:  71%|███████   | 2.79G/3.95G [03:38<01:07, 17.1MB/s][A[A[A




[1A
[1Amodel-00003-of-00004.safetensors:  82%|████████▏ | 3.18G/3.86G [03:37<00:45, 15.1MB/s][A[A[A[A


[1Amodel-00002-of-00004.safetensors:  79%|███████▉  | 3.07G/3.86G [03:37<01:02, 12.8MB/s][A[A



[1Amodel-00001-of-00004.safetensors:  71%|███████   | 2.79G/3.95G [03:38<01:07, 17.0MB/s][A[A[A




[1Amodel-00003-of-00004.safetensors:  82%|████████▏ | 3.18G/3.86G [03:37<00:45, 15.0MB/s][A[A[A[A


[1A
[1Amodel-00002-of-00004.safetensors:  79%|███████▉  | 3.07G/3.86G [03:38<01:05, 12.0MB/s][A[A



[1A
[1Amodel-00001-of-00004.safetensors:  71%|███████   | 2.80G/3.95G [03:38<01:12, 15.8MB/s][A[A[A




[1Amodel-00003-of-00004.safetensors:  82%|████████▏ | 3.18G/3.86G [03:38<00:48, 14.1MB/s][A[A[A[A



[1A
[1Amodel-00001-of-00004.safetensors:  71%|███████   | 2.80G/3.95G [03:38<01:15, 15.2MB/s][A[A[A


[1A
[1Amodel-00002-of-00004.safetensors:  79%|███████▉  | 3.07G/3.86G [03:38<01:06, 11.8MB/s][A[A




[1A
[1Amodel-00003-of-00004.safetensors:  82%|████████▏ | 3.18G/3.86G [03:38<00:49, 13.7MB/s][A[A[A[A



[1Amodel-00001-of-00004.safetensors:  71%|███████   | 2.80G/3.95G [03:38<01:16, 15.0MB/s][A[A[A


[1Amodel-00002-of-00004.safetensors:  80%|███████▉  | 3.07G/3.86G [03:38<01:06, 11.8MB/s][A[A




[1A
[1Amodel-00003-of-00004.safetensors:  82%|████████▏ | 3.18G/3.86G [03:38<00:49, 13.8MB/s][A[A[A[A



[1A
[1Amodel-00001-of-00004.safetensors:  71%|███████   | 2.80G/3.95G [03:38<01:16, 14.9MB/s][A[A[A




[1A
[1Amodel-00003-of-00004.safetensors:  82%|████████▏ | 3.19G/3.86G [03:38<00:49, 13.8MB/s][A[A[A[A


[1A
[1Amodel-00002-of-00004.safetensors:  80%|███████▉  | 3.08G/3.86G [03:38<01:05, 12.0MB/s][A[A



[1A
[1Amodel-00001-of-00004.safetensors:  71%|███████   | 2.80G/3.95G [03:39<01:15, 15.1MB/s][A[A[A




[1A
[1Amodel-00003-of-00004.safetensors:  82%|████████▏ | 3.19G/3.86G [03:38<00:47, 14.2MB/s][A[A[A[A


[1A
[1Amodel-00002-of-00004.safetensors:  80%|███████▉  | 3.08G/3.86G [03:38<01:03, 12.4MB/s][A[A



[1A
[1Amodel-00001-of-00004.safetensors:  71%|███████   | 2.81G/3.95G [03:39<01:14, 15.4MB/s][A[A[A




[1Amodel-00003-of-00004.safetensors:  83%|████████▎ | 3.19G/3.86G [03:38<00:46, 14.6MB/s][A[A[A[A



[1Amodel-00001-of-00004.safetensors:  71%|███████   | 2.81G/3.95G [03:39<01:11, 15.9MB/s][A[A[A


[1A
[1Amodel-00002-of-00004.safetensors:  80%|███████▉  | 3.08G/3.86G [03:38<01:02, 12.6MB/s][A[A




[1Amodel-00003-of-00004.safetensors:  83%|████████▎ | 3.19G/3.86G [03:38<00:44, 15.1MB/s][A[A[A[A



[1Amodel-00001-of-00004.safetensors:  71%|███████▏  | 2.81G/3.95G [03:39<01:09, 16.3MB/s][A[A[A




[1A
[1Amodel-00003-of-00004.safetensors:  83%|████████▎ | 3.19G/3.86G [03:39<00:43, 15.5MB/s][A[A[A[A


[1Amodel-00002-of-00004.safetensors:  80%|███████▉  | 3.08G/3.86G [03:39<01:08, 11.4MB/s][A[A



[1A
[1Amodel-00001-of-00004.safetensors:  71%|███████▏  | 2.81G/3.95G [03:39<01:15, 14.9MB/s][A[A[A




[1A
[1Amodel-00003-of-00004.safetensors:  83%|████████▎ | 3.20G/3.86G [03:39<00:41, 16.0MB/s][A[A[A[A




[1Amodel-00003-of-00004.safetensors:  83%|████████▎ | 3.20G/3.86G [03:39<00:43, 15.3MB/s][A[A[A[A



[1A
[1Amodel-00001-of-00004.safetensors:  71%|███████▏  | 2.82G/3.95G [03:39<01:26, 13.1MB/s][A[A[A


[1Amodel-00002-of-00004.safetensors:  80%|███████▉  | 3.08G/3.86G [03:39<01:21, 9.58MB/s][A[A




[1Amodel-00003-of-00004.safetensors:  83%|████████▎ | 3.20G/3.86G [03:39<00:41, 16.2MB/s][A[A[A[A



[1Amodel-00001-of-00004.safetensors:  71%|███████▏  | 2.82G/3.95G [03:39<01:24, 13.4MB/s][A[A[A


[1Amodel-00002-of-00004.safetensors:  80%|███████▉  | 3.09G/3.86G [03:39<01:23, 9.33MB/s][A[A




[1A
[1Amodel-00003-of-00004.safetensors:  83%|████████▎ | 3.20G/3.86G [03:39<00:39, 16.8MB/s][A[A[A[A


[1A
[1Amodel-00002-of-00004.safetensors:  80%|███████▉  | 3.09G/3.86G [03:39<01:22, 9.43MB/s][A[A



[1A
[1Amodel-00001-of-00004.safetensors:  71%|███████▏  | 2.82G/3.95G [03:40<01:22, 13.6MB/s][A[A[A




[1Amodel-00003-of-00004.safetensors:  83%|████████▎ | 3.20G/3.86G [03:39<00:37, 17.4MB/s][A[A[A[A


[1Amodel-00002-of-00004.safetensors:  80%|███████▉  | 3.09G/3.86G [03:39<01:21, 9.57MB/s][A[A




[1Amodel-00003-of-00004.safetensors:  83%|████████▎ | 3.21G/3.86G [03:39<00:36, 18.1MB/s][A[A[A[A



[1A
[1Amodel-00001-of-00004.safetensors:  72%|███████▏  | 2.82G/3.95G [03:40<01:21, 13.8MB/s][A[A[A


[1Amodel-00002-of-00004.safetensors:  80%|███████▉  | 3.09G/3.86G [03:39<01:20, 9.69MB/s][A[A




[1A
[1Amodel-00003-of-00004.safetensors:  83%|████████▎ | 3.21G/3.86G [03:39<00:35, 18.7MB/s][A[A[A[A


[1Amodel-00002-of-00004.safetensors:  80%|███████▉  | 3.09G/3.86G [03:40<01:18, 9.82MB/s][A[A



[1Amodel-00001-of-00004.safetensors:  72%|███████▏  | 2.82G/3.95G [03:40<01:19, 14.1MB/s][A[A[A




[1A
[1Amodel-00003-of-00004.safetensors:  83%|████████▎ | 3.21G/3.86G [03:39<00:34, 19.2MB/s][A[A[A[A



[1A
[1Amodel-00001-of-00004.safetensors:  72%|███████▏  | 2.83G/3.95G [03:40<01:16, 14.6MB/s][A[A[A


[1Amodel-00002-of-00004.safetensors:  80%|████████  | 3.09G/3.86G [03:40<01:15, 10.3MB/s][A[A




[1Amodel-00003-of-00004.safetensors:  83%|████████▎ | 3.21G/3.86G [03:40<00:32, 19.9MB/s][A[A[A[A



[1A
[1Amodel-00001-of-00004.safetensors:  72%|███████▏  | 2.83G/3.95G [03:40<01:18, 14.3MB/s][A[A[A


[1Amodel-00002-of-00004.safetensors:  80%|████████  | 3.09G/3.86G [03:40<01:19, 9.76MB/s][A[A




[1A
[1Amodel-00003-of-00004.safetensors:  83%|████████▎ | 3.22G/3.86G [03:40<00:45, 14.2MB/s][A[A[A[A


[1Amodel-00002-of-00004.safetensors:  80%|████████  | 3.09G/3.86G [03:40<01:29, 8.60MB/s][A[A




[1A
[1Amodel-00003-of-00004.safetensors:  83%|████████▎ | 3.22G/3.86G [03:40<00:41, 15.5MB/s][A[A[A[A


[1Amodel-00002-of-00004.safetensors:  80%|████████  | 3.10G/3.86G [03:40<01:36, 7.95MB/s][A[A


[1A
[1Amodel-00002-of-00004.safetensors:  80%|████████  | 3.10G/3.86G [03:40<01:46, 7.22MB/s][A[A




[1A
[1Amodel-00003-of-00004.safetensors:  83%|████████▎ | 3.22G/3.86G [03:40<00:46, 13.8MB/s][A[A[A[A



[1A
[1Amodel-00001-of-00004.safetensors:  72%|███████▏  | 2.83G/3.95G [03:41<02:21, 7.90MB/s][A[A[A


[1A
[1Amodel-00002-of-00004.safetensors:  80%|████████  | 3.10G/3.86G [03:40<01:37, 7.85MB/s][A[A




[1A
[1Amodel-00003-of-00004.safetensors:  83%|████████▎ | 3.22G/3.86G [03:40<00:43, 14.8MB/s][A[A[A[A



[1Amodel-00001-of-00004.safetensors:  72%|███████▏  | 2.83G/3.95G [03:41<02:02, 9.08MB/s][A[A[A




[1Amodel-00003-of-00004.safetensors:  83%|████████▎ | 3.23G/3.86G [03:40<00:41, 15.6MB/s][A[A[A[A


[1A
[1Amodel-00002-of-00004.safetensors:  80%|████████  | 3.10G/3.86G [03:41<01:25, 8.95MB/s][A[A



[1Amodel-00001-of-00004.safetensors:  72%|███████▏  | 2.83G/3.95G [03:41<01:49, 10.2MB/s][A[A[A




[1A
[1Amodel-00003-of-00004.safetensors:  84%|████████▎ | 3.23G/3.86G [03:41<00:39, 16.1MB/s][A[A[A[A




[1Amodel-00003-of-00004.safetensors:  84%|████████▎ | 3.23G/3.86G [03:41<00:37, 16.9MB/s][A[A[A[A



[1Amodel-00001-of-00004.safetensors:  72%|███████▏  | 2.84G/3.95G [03:41<01:41, 11.0MB/s][A[A[A


[1A
[1Amodel-00002-of-00004.safetensors:  80%|████████  | 3.10G/3.86G [03:41<01:17, 9.90MB/s][A[A




[1A
[1Amodel-00003-of-00004.safetensors:  84%|████████▎ | 3.23G/3.86G [03:41<00:36, 17.4MB/s][A[A[A[A



[1Amodel-00001-of-00004.safetensors:  72%|███████▏  | 2.84G/3.95G [03:41<01:33, 11.9MB/s][A[A[A


[1A
[1Amodel-00002-of-00004.safetensors:  80%|████████  | 3.10G/3.86G [03:41<01:12, 10.6MB/s][A[A




[1A
[1Amodel-00003-of-00004.safetensors:  84%|████████▎ | 3.23G/3.86G [03:41<00:35, 17.9MB/s][A[A[A[A



[1Amodel-00001-of-00004.safetensors:  72%|███████▏  | 2.84G/3.95G [03:41<01:28, 12.5MB/s][A[A[A




[1A
[1Amodel-00003-of-00004.safetensors:  84%|████████▎ | 3.24G/3.86G [03:41<00:33, 18.6MB/s][A[A[A[A


[1A
[1Amodel-00002-of-00004.safetensors:  80%|████████  | 3.11G/3.86G [03:41<01:07, 11.2MB/s][A[A




[1A
[1Amodel-00003-of-00004.safetensors:  84%|████████▍ | 3.24G/3.86G [03:41<00:32, 19.1MB/s][A[A[A[A



[1Amodel-00001-of-00004.safetensors:  72%|███████▏  | 2.84G/3.95G [03:42<01:23, 13.2MB/s][A[A[A


[1A
[1Amodel-00002-of-00004.safetensors:  80%|████████  | 3.11G/3.86G [03:41<01:03, 11.9MB/s][A[A




[1Amodel-00003-of-00004.safetensors:  84%|████████▍ | 3.24G/3.86G [03:41<00:31, 19.6MB/s][A[A[A[A



[1A
[1Amodel-00001-of-00004.safetensors:  72%|███████▏  | 2.84G/3.95G [03:42<01:19, 13.8MB/s][A[A[A




[1Amodel-00003-of-00004.safetensors:  84%|████████▍ | 3.24G/3.86G [03:41<00:31, 20.0MB/s][A[A[A[A


[1A
[1Amodel-00002-of-00004.safetensors:  80%|████████  | 3.11G/3.86G [03:42<01:00, 12.4MB/s][A[A



[1A
[1Amodel-00001-of-00004.safetensors:  72%|███████▏  | 2.85G/3.95G [03:42<01:15, 14.5MB/s][A[A[A




[1A
[1Amodel-00003-of-00004.safetensors:  84%|████████▍ | 3.25G/3.86G [03:41<00:29, 20.8MB/s][A[A[A[A


[1Amodel-00002-of-00004.safetensors:  81%|████████  | 3.11G/3.86G [03:42<00:56, 13.3MB/s][A[A



[1A
[1Amodel-00001-of-00004.safetensors:  72%|███████▏  | 2.85G/3.95G [03:42<01:13, 15.0MB/s][A[A[A




[1A
[1Amodel-00003-of-00004.safetensors:  84%|████████▍ | 3.25G/3.86G [03:42<00:28, 21.5MB/s][A[A[A[A


[1Amodel-00002-of-00004.safetensors:  81%|████████  | 3.11G/3.86G [03:42<00:54, 13.8MB/s][A[A



[1Amodel-00001-of-00004.safetensors:  72%|███████▏  | 2.85G/3.95G [03:42<01:09, 15.6MB/s][A[A[A


[1A
[1Amodel-00002-of-00004.safetensors:  81%|████████  | 3.12G/3.86G [03:42<00:52, 14.1MB/s][A[A




[1A
[1Amodel-00003-of-00004.safetensors:  84%|████████▍ | 3.25G/3.86G [03:42<00:29, 20.9MB/s][A[A[A[A



[1A
[1Amodel-00001-of-00004.safetensors:  72%|███████▏  | 2.85G/3.95G [03:42<01:09, 15.7MB/s][A[A[A




[1A
[1Amodel-00003-of-00004.safetensors:  84%|████████▍ | 3.25G/3.86G [03:42<00:34, 17.9MB/s][A[A[A[A


[1Amodel-00002-of-00004.safetensors:  81%|████████  | 3.12G/3.86G [03:42<00:56, 13.3MB/s][A[A



[1A
[1Amodel-00001-of-00004.safetensors:  72%|███████▏  | 2.86G/3.95G [03:42<01:24, 12.9MB/s][A[A[A




[1Amodel-00003-of-00004.safetensors:  84%|████████▍ | 3.26G/3.86G [03:42<00:38, 16.0MB/s][A[A[A[A


[1Amodel-00002-of-00004.safetensors:  81%|████████  | 3.12G/3.86G [03:42<00:57, 13.0MB/s][A[A



[1A
[1Amodel-00001-of-00004.safetensors:  72%|███████▏  | 2.86G/3.95G [03:43<01:32, 11.8MB/s][A[A[A




[1Amodel-00003-of-00004.safetensors:  84%|████████▍ | 3.26G/3.86G [03:42<00:40, 15.0MB/s][A[A[A[A


[1A
[1Amodel-00002-of-00004.safetensors:  81%|████████  | 3.12G/3.86G [03:42<00:57, 12.9MB/s][A[A



[1A
[1Amodel-00001-of-00004.safetensors:  72%|███████▏  | 2.86G/3.95G [03:43<01:35, 11.4MB/s][A[A[A




[1A
[1Amodel-00003-of-00004.safetensors:  84%|████████▍ | 3.26G/3.86G [03:42<00:41, 14.7MB/s][A[A[A[A


[1A
[1Amodel-00002-of-00004.safetensors:  81%|████████  | 3.12G/3.86G [03:43<00:56, 13.1MB/s][A[A




[1A
[1Amodel-00003-of-00004.safetensors:  84%|████████▍ | 3.26G/3.86G [03:43<00:41, 14.5MB/s][A[A[A[A


[1Amodel-00002-of-00004.safetensors:  81%|████████  | 3.13G/3.86G [03:43<00:55, 13.4MB/s][A[A



[1A
[1Amodel-00001-of-00004.safetensors:  73%|███████▎  | 2.86G/3.95G [03:43<01:34, 11.4MB/s][A[A[A




[1A
[1Amodel-00003-of-00004.safetensors:  84%|████████▍ | 3.26G/3.86G [03:43<00:41, 14.6MB/s][A[A[A[A


[1A
[1Amodel-00002-of-00004.safetensors:  81%|████████  | 3.13G/3.86G [03:43<00:53, 13.7MB/s][A[A



[1A
[1Amodel-00001-of-00004.safetensors:  73%|███████▎  | 2.86G/3.95G [03:43<01:33, 11.6MB/s][A[A[A




[1A
[1Amodel-00003-of-00004.safetensors:  85%|████████▍ | 3.27G/3.86G [03:43<00:40, 14.8MB/s][A[A[A[A


[1A
[1Amodel-00002-of-00004.safetensors:  81%|████████  | 3.13G/3.86G [03:43<00:51, 14.3MB/s][A[A



[1A
[1Amodel-00001-of-00004.safetensors:  73%|███████▎  | 2.87G/3.95G [03:43<01:30, 11.9MB/s][A[A[A




[1A
[1Amodel-00003-of-00004.safetensors:  85%|████████▍ | 3.27G/3.86G [03:43<00:39, 15.0MB/s][A[A[A[A


[1A
[1Amodel-00002-of-00004.safetensors:  81%|████████  | 3.13G/3.86G [03:43<00:50, 14.5MB/s][A[A




[1Amodel-00003-of-00004.safetensors:  85%|████████▍ | 3.27G/3.86G [03:43<00:39, 15.1MB/s][A[A[A[A



[1Amodel-00001-of-00004.safetensors:  73%|███████▎  | 2.87G/3.95G [03:44<01:35, 11.3MB/s][A[A[A


[1A
[1Amodel-00002-of-00004.safetensors:  81%|████████  | 3.14G/3.86G [03:43<00:56, 13.0MB/s][A[A




[1A
[1Amodel-00003-of-00004.safetensors:  85%|████████▍ | 3.27G/3.86G [03:43<00:47, 12.5MB/s][A[A[A[A


[1A
[1Amodel-00002-of-00004.safetensors:  81%|████████  | 3.14G/3.86G [03:44<00:56, 12.8MB/s][A[A



[1A
[1Amodel-00001-of-00004.safetensors:  73%|███████▎  | 2.87G/3.95G [03:44<01:51, 9.65MB/s][A[A[A



[1A
[1Amodel-00001-of-00004.safetensors:  73%|███████▎  | 2.87G/3.95G [03:44<01:49, 9.78MB/s][A[A[A




[1A
[1Amodel-00003-of-00004.safetensors:  85%|████████▍ | 3.27G/3.86G [03:44<00:48, 12.2MB/s][A[A[A[A


[1A
[1Amodel-00002-of-00004.safetensors:  81%|████████  | 3.14G/3.86G [03:44<00:57, 12.5MB/s][A[A




[1A
[1Amodel-00003-of-00004.safetensors:  85%|████████▍ | 3.28G/3.86G [03:44<00:45, 12.8MB/s][A[A[A[A


[1A
[1Amodel-00002-of-00004.safetensors:  81%|████████▏ | 3.14G/3.86G [03:44<00:54, 13.2MB/s][A[A



[1A
[1Amodel-00001-of-00004.safetensors:  73%|███████▎  | 2.87G/3.95G [03:44<02:00, 8.94MB/s][A[A[A




[1Amodel-00003-of-00004.safetensors:  85%|████████▍ | 3.28G/3.86G [03:44<00:41, 14.2MB/s][A[A[A[A


[1Amodel-00002-of-00004.safetensors:  81%|████████▏ | 3.14G/3.86G [03:44<00:51, 14.0MB/s][A[A



[1Amodel-00001-of-00004.safetensors:  73%|███████▎  | 2.87G/3.95G [03:44<01:52, 9.55MB/s][A[A[A


[1Amodel-00002-of-00004.safetensors:  81%|████████▏ | 3.15G/3.86G [03:44<00:49, 14.5MB/s][A[A




[1A
[1Amodel-00003-of-00004.safetensors:  85%|████████▍ | 3.28G/3.86G [03:44<00:42, 13.7MB/s][A[A[A[A



[1A
[1Amodel-00001-of-00004.safetensors:  73%|███████▎  | 2.88G/3.95G [03:45<01:52, 9.53MB/s][A[A[A




[1A
[1Amodel-00003-of-00004.safetensors:  85%|████████▍ | 3.28G/3.86G [03:44<00:42, 13.7MB/s][A[A[A[A


[1A
[1Amodel-00002-of-00004.safetensors:  81%|████████▏ | 3.15G/3.86G [03:44<00:56, 12.7MB/s][A[A




[1Amodel-00003-of-00004.safetensors:  85%|████████▌ | 3.29G/3.86G [03:44<00:35, 16.2MB/s][A[A[A[A


[1Amodel-00002-of-00004.safetensors:  82%|████████▏ | 3.15G/3.86G [03:44<00:49, 14.3MB/s][A[A



[1A
[1Amodel-00001-of-00004.safetensors:  73%|███████▎  | 2.88G/3.95G [03:45<01:28, 12.1MB/s][A[A[A




[1A
[1Amodel-00003-of-00004.safetensors:  85%|████████▌ | 3.29G/3.86G [03:44<00:34, 16.9MB/s][A[A[A[A


[1A
[1Amodel-00002-of-00004.safetensors:  82%|████████▏ | 3.15G/3.86G [03:45<00:45, 15.5MB/s][A[A



[1A
[1Amodel-00001-of-00004.safetensors:  73%|███████▎  | 2.88G/3.95G [03:45<01:21, 13.0MB/s][A[A[A




[1A
[1Amodel-00003-of-00004.safetensors:  85%|████████▌ | 3.29G/3.86G [03:44<00:32, 17.8MB/s][A[A[A[A


[1Amodel-00002-of-00004.safetensors:  82%|████████▏ | 3.15G/3.86G [03:45<00:43, 16.5MB/s][A[A



[1Amodel-00001-of-00004.safetensors:  73%|███████▎  | 2.88G/3.95G [03:45<01:15, 14.0MB/s][A[A[A




[1A
[1Amodel-00003-of-00004.safetensors:  85%|████████▌ | 3.29G/3.86G [03:45<00:30, 18.6MB/s][A[A[A[A


[1A
[1Amodel-00002-of-00004.safetensors:  82%|████████▏ | 3.16G/3.86G [03:45<00:38, 18.2MB/s][A[A



[1A
[1Amodel-00001-of-00004.safetensors:  73%|███████▎  | 2.89G/3.95G [03:45<01:11, 14.8MB/s][A[A[A




[1A
[1Amodel-00003-of-00004.safetensors:  85%|████████▌ | 3.30G/3.86G [03:45<00:28, 19.7MB/s][A[A[A[A


[1A
[1Amodel-00002-of-00004.safetensors:  82%|████████▏ | 3.16G/3.86G [03:45<00:38, 18.2MB/s][A[A



[1A
[1Amodel-00001-of-00004.safetensors:  73%|███████▎  | 2.89G/3.95G [03:45<01:14, 14.3MB/s][A[A[A




[1A
[1Amodel-00003-of-00004.safetensors:  85%|████████▌ | 3.30G/3.86G [03:45<00:30, 18.8MB/s][A[A[A[A


[1Amodel-00002-of-00004.safetensors:  82%|████████▏ | 3.16G/3.86G [03:45<00:40, 17.5MB/s][A[A




[1A
[1Amodel-00003-of-00004.safetensors:  85%|████████▌ | 3.30G/3.86G [03:45<00:31, 18.1MB/s][A[A[A[A



[1A
[1Amodel-00001-of-00004.safetensors:  73%|███████▎  | 2.89G/3.95G [03:46<01:25, 12.3MB/s][A[A[A


[1A
[1Amodel-00002-of-00004.safetensors:  82%|████████▏ | 3.16G/3.86G [03:45<00:40, 17.1MB/s][A[A




[1A
[1Amodel-00003-of-00004.safetensors:  85%|████████▌ | 3.30G/3.86G [03:45<00:31, 17.8MB/s][A[A[A[A




[1A
[1Amodel-00003-of-00004.safetensors:  85%|████████▌ | 3.30G/3.86G [03:45<00:31, 17.6MB/s][A[A[A[A


[1Amodel-00002-of-00004.safetensors:  82%|████████▏ | 3.17G/3.86G [03:45<00:44, 15.7MB/s][A[A



[1Amodel-00001-of-00004.safetensors:  73%|███████▎  | 2.89G/3.95G [03:46<01:39, 10.5MB/s][A[A[A




[1A
[1Amodel-00003-of-00004.safetensors:  86%|████████▌ | 3.31G/3.86G [03:45<00:31, 17.7MB/s][A[A[A[A


[1A
[1Amodel-00002-of-00004.safetensors:  82%|████████▏ | 3.17G/3.86G [03:46<00:47, 14.6MB/s][A[A




[1A
[1Amodel-00003-of-00004.safetensors:  86%|████████▌ | 3.31G/3.86G [03:45<00:31, 17.9MB/s][A[A[A[A




[1A
[1Amodel-00003-of-00004.safetensors:  86%|████████▌ | 3.31G/3.86G [03:46<00:30, 18.1MB/s][A[A[A[A


[1A
[1Amodel-00002-of-00004.safetensors:  82%|████████▏ | 3.17G/3.86G [03:46<00:49, 14.1MB/s][A[A



[1Amodel-00001-of-00004.safetensors:  73%|███████▎  | 2.89G/3.95G [03:46<01:48, 9.65MB/s][A[A[A




[1Amodel-00003-of-00004.safetensors:  86%|████████▌ | 3.31G/3.86G [03:46<00:29, 18.4MB/s][A[A[A[A



[1Amodel-00001-of-00004.safetensors:  73%|███████▎  | 2.90G/3.95G [03:46<01:50, 9.49MB/s][A[A[A


[1Amodel-00002-of-00004.safetensors:  82%|████████▏ | 3.17G/3.86G [03:46<00:49, 14.0MB/s][A[A




[1A
[1Amodel-00003-of-00004.safetensors:  86%|████████▌ | 3.31G/3.86G [03:46<00:29, 18.9MB/s][A[A[A[A



[1A
[1Amodel-00001-of-00004.safetensors:  73%|███████▎  | 2.90G/3.95G [03:46<01:51, 9.43MB/s][A[A[A


[1A
[1Amodel-00002-of-00004.safetensors:  82%|████████▏ | 3.18G/3.86G [03:46<00:49, 14.0MB/s][A[A




[1A
[1Amodel-00003-of-00004.safetensors:  86%|████████▌ | 3.32G/3.86G [03:46<00:28, 19.4MB/s][A[A[A[A



[1A
[1Amodel-00001-of-00004.safetensors:  73%|███████▎  | 2.90G/3.95G [03:46<01:50, 9.51MB/s][A[A[A




[1A
[1Amodel-00003-of-00004.safetensors:  86%|████████▌ | 3.32G/3.86G [03:46<00:27, 19.7MB/s][A[A[A[A


[1A
[1Amodel-00002-of-00004.safetensors:  82%|████████▏ | 3.18G/3.86G [03:46<00:47, 14.3MB/s][A[A



[1A
[1Amodel-00001-of-00004.safetensors:  73%|███████▎  | 2.90G/3.95G [03:46<01:49, 9.60MB/s][A[A[A




[1Amodel-00003-of-00004.safetensors:  86%|████████▌ | 3.32G/3.86G [03:46<00:27, 19.5MB/s][A[A[A[A



[1Amodel-00001-of-00004.safetensors:  73%|███████▎  | 2.90G/3.95G [03:47<01:51, 9.35MB/s][A[A[A


[1A
[1Amodel-00002-of-00004.safetensors:  82%|████████▏ | 3.18G/3.86G [03:46<00:49, 13.8MB/s][A[A




[1Amodel-00003-of-00004.safetensors:  86%|████████▌ | 3.32G/3.86G [03:46<00:29, 18.5MB/s][A[A[A[A



[1A
[1Amodel-00001-of-00004.safetensors:  74%|███████▎  | 2.90G/3.95G [03:47<01:58, 8.80MB/s][A[A[A




[1Amodel-00003-of-00004.safetensors:  86%|████████▌ | 3.33G/3.86G [03:46<00:30, 17.5MB/s][A[A[A[A


[1Amodel-00002-of-00004.safetensors:  82%|████████▏ | 3.18G/3.86G [03:47<00:53, 12.9MB/s][A[A



[1Amodel-00001-of-00004.safetensors:  74%|███████▎  | 2.90G/3.95G [03:47<02:01, 8.62MB/s][A[A[A




[1A
[1Amodel-00003-of-00004.safetensors:  86%|████████▌ | 3.33G/3.86G [03:46<00:31, 17.0MB/s][A[A[A[A



[1Amodel-00001-of-00004.safetensors:  74%|███████▎  | 2.90G/3.95G [03:47<02:00, 8.64MB/s][A[A[A


[1A
[1Amodel-00002-of-00004.safetensors:  82%|████████▏ | 3.18G/3.86G [03:47<00:53, 12.6MB/s][A[A




[1A
[1Amodel-00003-of-00004.safetensors:  86%|████████▌ | 3.33G/3.86G [03:47<00:31, 17.0MB/s][A[A[A[A



[1Amodel-00001-of-00004.safetensors:  74%|███████▎  | 2.90G/3.95G [03:47<01:58, 8.76MB/s][A[A[A


[1Amodel-00002-of-00004.safetensors:  82%|████████▏ | 3.19G/3.86G [03:47<00:53, 12.6MB/s][A[A




[1A
[1Amodel-00003-of-00004.safetensors:  86%|████████▌ | 3.33G/3.86G [03:47<00:31, 17.2MB/s][A[A[A[A



[1Amodel-00001-of-00004.safetensors:  74%|███████▎  | 2.90G/3.95G [03:47<01:56, 8.94MB/s][A[A[A




[1A
[1Amodel-00003-of-00004.safetensors:  86%|████████▋ | 3.33G/3.86G [03:47<00:30, 17.4MB/s][A[A[A[A


[1Amodel-00002-of-00004.safetensors:  82%|████████▏ | 3.19G/3.86G [03:47<00:52, 12.9MB/s][A[A



[1A
[1Amodel-00001-of-00004.safetensors:  74%|███████▎  | 2.91G/3.95G [03:47<01:52, 9.20MB/s][A[A[A




[1Amodel-00003-of-00004.safetensors:  86%|████████▋ | 3.34G/3.86G [03:47<00:29, 17.7MB/s][A[A[A[A


[1A
[1Amodel-00002-of-00004.safetensors:  83%|████████▎ | 3.19G/3.86G [03:47<00:51, 13.2MB/s][A[A



[1Amodel-00001-of-00004.safetensors:  74%|███████▎  | 2.91G/3.95G [03:48<01:45, 9.84MB/s][A[A[A




[1A
[1Amodel-00003-of-00004.safetensors:  86%|████████▋ | 3.34G/3.86G [03:47<00:29, 18.0MB/s][A[A[A[A


[1Amodel-00002-of-00004.safetensors:  83%|████████▎ | 3.19G/3.86G [03:47<00:49, 13.7MB/s][A[A




[1A
[1Amodel-00003-of-00004.safetensors:  86%|████████▋ | 3.34G/3.86G [03:47<00:28, 18.4MB/s][A[A[A[A



[1A
[1Amodel-00001-of-00004.safetensors:  74%|███████▍  | 2.91G/3.95G [03:48<01:39, 10.4MB/s][A[A[A


[1A
[1Amodel-00002-of-00004.safetensors:  83%|████████▎ | 3.19G/3.86G [03:47<00:47, 14.1MB/s][A[A




[1A
[1Amodel-00003-of-00004.safetensors:  86%|████████▋ | 3.34G/3.86G [03:47<00:27, 18.7MB/s][A[A[A[A




[1Amodel-00003-of-00004.safetensors:  87%|████████▋ | 3.34G/3.86G [03:47<00:27, 19.2MB/s][A[A[A[A


[1A
[1Amodel-00002-of-00004.safetensors:  83%|████████▎ | 3.20G/3.86G [03:48<00:46, 14.5MB/s][A[A



[1Amodel-00001-of-00004.safetensors:  74%|███████▍  | 2.91G/3.95G [03:48<01:35, 10.8MB/s][A[A[A




[1A
[1Amodel-00003-of-00004.safetensors:  87%|████████▋ | 3.35G/3.86G [03:47<00:26, 19.7MB/s][A[A[A[A


[1A
[1Amodel-00002-of-00004.safetensors:  83%|████████▎ | 3.20G/3.86G [03:48<00:47, 14.1MB/s][A[A



[1A
[1Amodel-00001-of-00004.safetensors:  74%|███████▍  | 2.91G/3.95G [03:48<01:35, 10.8MB/s][A[A[A




[1Amodel-00003-of-00004.safetensors:  87%|████████▋ | 3.35G/3.86G [03:48<00:31, 16.5MB/s][A[A[A[A


[1A
[1Amodel-00002-of-00004.safetensors:  83%|████████▎ | 3.20G/3.86G [03:48<00:56, 11.8MB/s][A[A



[1A
[1Amodel-00001-of-00004.safetensors:  74%|███████▍  | 2.92G/3.95G [03:48<01:40, 10.2MB/s][A[A[A




[1Amodel-00003-of-00004.safetensors:  87%|████████▋ | 3.35G/3.86G [03:48<00:35, 14.4MB/s][A[A[A[A



[1A
[1Amodel-00001-of-00004.safetensors:  74%|███████▍  | 2.92G/3.95G [03:48<01:41, 10.2MB/s][A[A[A




[1A
[1Amodel-00003-of-00004.safetensors:  87%|████████▋ | 3.35G/3.86G [03:48<00:37, 13.6MB/s][A[A[A[A


[1Amodel-00002-of-00004.safetensors:  83%|████████▎ | 3.20G/3.86G [03:48<01:00, 11.0MB/s][A[A



[1Amodel-00001-of-00004.safetensors:  74%|███████▍  | 2.92G/3.95G [03:49<01:39, 10.3MB/s][A[A[A




[1A
[1Amodel-00003-of-00004.safetensors:  87%|████████▋ | 3.35G/3.86G [03:48<00:38, 13.3MB/s][A[A[A[A


[1Amodel-00002-of-00004.safetensors:  83%|████████▎ | 3.20G/3.86G [03:48<01:01, 10.8MB/s][A[A



[1Amodel-00001-of-00004.safetensors:  74%|███████▍  | 2.92G/3.95G [03:49<01:35, 10.7MB/s][A[A[A




[1Amodel-00003-of-00004.safetensors:  87%|████████▋ | 3.36G/3.86G [03:48<00:38, 13.3MB/s][A[A[A[A


[1A
[1Amodel-00002-of-00004.safetensors:  83%|████████▎ | 3.21G/3.86G [03:49<01:00, 10.9MB/s][A[A




[1A
[1Amodel-00003-of-00004.safetensors:  87%|████████▋ | 3.36G/3.86G [03:48<00:37, 13.5MB/s][A[A[A[A



[1Amodel-00001-of-00004.safetensors:  74%|███████▍  | 2.92G/3.95G [03:49<01:32, 11.0MB/s][A[A[A


[1A
[1Amodel-00002-of-00004.safetensors:  83%|████████▎ | 3.21G/3.86G [03:49<00:58, 11.2MB/s][A[A




[1Amodel-00003-of-00004.safetensors:  87%|████████▋ | 3.36G/3.86G [03:49<00:36, 13.8MB/s][A[A[A[A



[1A
[1Amodel-00001-of-00004.safetensors:  74%|███████▍  | 2.93G/3.95G [03:49<01:28, 11.5MB/s][A[A[A


[1A
[1Amodel-00002-of-00004.safetensors:  83%|████████▎ | 3.21G/3.86G [03:49<00:56, 11.6MB/s][A[A




[1A
[1Amodel-00003-of-00004.safetensors:  87%|████████▋ | 3.36G/3.86G [03:49<00:35, 14.2MB/s][A[A[A[A



[1A
[1Amodel-00001-of-00004.safetensors:  74%|███████▍  | 2.93G/3.95G [03:49<01:24, 12.0MB/s][A[A[A




[1A
[1Amodel-00003-of-00004.safetensors:  87%|████████▋ | 3.36G/3.86G [03:49<00:34, 14.6MB/s][A[A[A[A


[1A
[1Amodel-00002-of-00004.safetensors:  83%|████████▎ | 3.21G/3.86G [03:49<00:53, 12.1MB/s][A[A



[1Amodel-00001-of-00004.safetensors:  74%|███████▍  | 2.93G/3.95G [03:49<01:21, 12.5MB/s][A[A[A




[1Amodel-00003-of-00004.safetensors:  87%|████████▋ | 3.37G/3.86G [03:49<00:32, 15.2MB/s][A[A[A[A


[1A
[1Amodel-00002-of-00004.safetensors:  83%|████████▎ | 3.21G/3.86G [03:49<00:51, 12.6MB/s][A[A



[1Amodel-00001-of-00004.safetensors:  74%|███████▍  | 2.93G/3.95G [03:50<01:17, 13.1MB/s][A[A[A




[1Amodel-00003-of-00004.safetensors:  87%|████████▋ | 3.37G/3.86G [03:49<00:31, 15.7MB/s][A[A[A[A


[1A
[1Amodel-00002-of-00004.safetensors:  83%|████████▎ | 3.22G/3.86G [03:49<00:49, 13.1MB/s][A[A



[1A
[1Amodel-00001-of-00004.safetensors:  74%|███████▍  | 2.93G/3.95G [03:50<01:14, 13.5MB/s][A[A[A




[1A
[1Amodel-00003-of-00004.safetensors:  87%|████████▋ | 3.37G/3.86G [03:49<00:30, 16.0MB/s][A[A[A[A


[1A
[1Amodel-00002-of-00004.safetensors:  83%|████████▎ | 3.22G/3.86G [03:50<00:47, 13.7MB/s][A[A



[1Amodel-00001-of-00004.safetensors:  74%|███████▍  | 2.94G/3.95G [03:50<01:11, 14.1MB/s][A[A[A




[1Amodel-00003-of-00004.safetensors:  87%|████████▋ | 3.37G/3.86G [03:49<00:29, 16.6MB/s][A[A[A[A


[1Amodel-00002-of-00004.safetensors:  83%|████████▎ | 3.22G/3.86G [03:50<00:45, 14.2MB/s][A[A




[1A
[1Amodel-00003-of-00004.safetensors:  87%|████████▋ | 3.38G/3.86G [03:50<00:28, 17.1MB/s][A[A[A[A



[1Amodel-00001-of-00004.safetensors:  74%|███████▍  | 2.94G/3.95G [03:50<01:08, 14.8MB/s][A[A[A


[1A
[1Amodel-00002-of-00004.safetensors:  83%|████████▎ | 3.22G/3.86G [03:50<00:43, 14.8MB/s][A[A




[1A
[1Amodel-00003-of-00004.safetensors:  87%|████████▋ | 3.38G/3.86G [03:50<00:27, 17.6MB/s][A[A[A[A



[1A
[1Amodel-00001-of-00004.safetensors:  75%|███████▍  | 2.94G/3.95G [03:50<01:05, 15.3MB/s][A[A[A




[1A
[1Amodel-00003-of-00004.safetensors:  87%|████████▋ | 3.38G/3.86G [03:50<00:26, 18.0MB/s][A[A[A[A


[1Amodel-00002-of-00004.safetensors:  83%|████████▎ | 3.23G/3.86G [03:50<00:41, 15.4MB/s][A[A



[1A
[1Amodel-00001-of-00004.safetensors:  75%|███████▍  | 2.94G/3.95G [03:50<01:03, 15.7MB/s][A[A[A




[1A
[1Amodel-00003-of-00004.safetensors:  88%|████████▊ | 3.38G/3.86G [03:50<00:25, 18.7MB/s][A[A[A[A


[1A
[1Amodel-00002-of-00004.safetensors:  84%|████████▎ | 3.23G/3.86G [03:50<00:40, 15.8MB/s][A[A



[1A
[1Amodel-00001-of-00004.safetensors:  75%|███████▍  | 2.94G/3.95G [03:50<01:03, 15.7MB/s][A[A[A




[1A
[1Amodel-00003-of-00004.safetensors:  88%|████████▊ | 3.38G/3.86G [03:50<00:27, 17.8MB/s][A[A[A[A


[1A
[1Amodel-00002-of-00004.safetensors:  84%|████████▎ | 3.23G/3.86G [03:50<00:43, 14.7MB/s][A[A



[1Amodel-00001-of-00004.safetensors:  75%|███████▍  | 2.95G/3.95G [03:51<01:08, 14.7MB/s][A[A[A




[1Amodel-00003-of-00004.safetensors:  88%|████████▊ | 3.39G/3.86G [03:50<00:28, 16.7MB/s][A[A[A[A


[1A
[1Amodel-00002-of-00004.safetensors:  84%|████████▎ | 3.23G/3.86G [03:50<00:44, 14.3MB/s][A[A



[1Amodel-00001-of-00004.safetensors:  75%|███████▍  | 2.95G/3.95G [03:51<01:10, 14.2MB/s][A[A[A




[1Amodel-00003-of-00004.safetensors:  88%|████████▊ | 3.39G/3.86G [03:50<00:29, 16.2MB/s][A[A[A[A


[1A
[1Amodel-00002-of-00004.safetensors:  84%|████████▎ | 3.23G/3.86G [03:50<00:44, 14.0MB/s][A[A




[1A
[1Amodel-00003-of-00004.safetensors:  88%|████████▊ | 3.39G/3.86G [03:50<00:29, 16.2MB/s][A[A[A[A



[1A
[1Amodel-00001-of-00004.safetensors:  75%|███████▍  | 2.95G/3.95G [03:51<01:10, 14.0MB/s][A[A[A


[1A
[1Amodel-00002-of-00004.safetensors:  84%|████████▎ | 3.24G/3.86G [03:51<00:46, 13.6MB/s][A[A




[1Amodel-00003-of-00004.safetensors:  88%|████████▊ | 3.39G/3.86G [03:51<00:30, 15.4MB/s][A[A[A[A



[1A
[1Amodel-00001-of-00004.safetensors:  75%|███████▍  | 2.95G/3.95G [03:51<01:14, 13.2MB/s][A[A[A




[1A
[1Amodel-00003-of-00004.safetensors:  88%|████████▊ | 3.39G/3.86G [03:51<00:33, 14.2MB/s][A[A[A[A


[1A
[1Amodel-00002-of-00004.safetensors:  84%|████████▍ | 3.24G/3.86G [03:51<00:49, 12.6MB/s][A[A



[1Amodel-00001-of-00004.safetensors:  75%|███████▍  | 2.95G/3.95G [03:51<01:19, 12.4MB/s][A[A[A




[1Amodel-00003-of-00004.safetensors:  88%|████████▊ | 3.40G/3.86G [03:51<00:34, 13.7MB/s][A[A[A[A


[1Amodel-00002-of-00004.safetensors:  84%|████████▍ | 3.24G/3.86G [03:51<00:51, 12.1MB/s][A[A



[1A
[1Amodel-00001-of-00004.safetensors:  75%|███████▍  | 2.96G/3.95G [03:51<01:22, 12.0MB/s][A[A[A




[1A
[1Amodel-00003-of-00004.safetensors:  88%|████████▊ | 3.40G/3.86G [03:51<00:34, 13.7MB/s][A[A[A[A


[1A
[1Amodel-00002-of-00004.safetensors:  84%|████████▍ | 3.24G/3.86G [03:51<00:51, 12.1MB/s][A[A



[1A
[1Amodel-00001-of-00004.safetensors:  75%|███████▌  | 2.96G/3.95G [03:52<01:21, 12.1MB/s][A[A[A




[1A
[1Amodel-00003-of-00004.safetensors:  88%|████████▊ | 3.40G/3.86G [03:51<00:33, 13.8MB/s][A[A[A[A


[1A
[1Amodel-00002-of-00004.safetensors:  84%|████████▍ | 3.24G/3.86G [03:51<00:50, 12.3MB/s][A[A



[1Amodel-00001-of-00004.safetensors:  75%|███████▌  | 2.96G/3.95G [03:52<01:20, 12.2MB/s][A[A[A




[1A
[1Amodel-00003-of-00004.safetensors:  88%|████████▊ | 3.40G/3.86G [03:51<00:32, 14.0MB/s][A[A[A[A


[1A
[1Amodel-00002-of-00004.safetensors:  84%|████████▍ | 3.25G/3.86G [03:52<00:48, 12.7MB/s][A[A



[1A
[1Amodel-00001-of-00004.safetensors:  75%|███████▌  | 2.96G/3.95G [03:52<01:18, 12.5MB/s][A[A[A




[1A
[1Amodel-00003-of-00004.safetensors:  88%|████████▊ | 3.40G/3.86G [03:51<00:31, 14.5MB/s][A[A[A[A


[1A
[1Amodel-00002-of-00004.safetensors:  84%|████████▍ | 3.25G/3.86G [03:52<00:47, 13.0MB/s][A[A




[1A
[1Amodel-00003-of-00004.safetensors:  88%|████████▊ | 3.41G/3.86G [03:52<00:30, 14.8MB/s][A[A[A[A



[1A
[1Amodel-00001-of-00004.safetensors:  75%|███████▌  | 2.97G/3.95G [03:52<01:15, 12.9MB/s][A[A[A


[1Amodel-00002-of-00004.safetensors:  84%|████████▍ | 3.25G/3.86G [03:52<00:45, 13.5MB/s][A[A




[1A
[1Amodel-00003-of-00004.safetensors:  88%|████████▊ | 3.41G/3.86G [03:52<00:29, 15.4MB/s][A[A[A[A



[1A
[1Amodel-00001-of-00004.safetensors:  75%|███████▌  | 2.97G/3.95G [03:52<01:13, 13.4MB/s][A[A[A


[1A
[1Amodel-00002-of-00004.safetensors:  84%|████████▍ | 3.25G/3.86G [03:52<00:43, 14.0MB/s][A[A




[1A
[1Amodel-00003-of-00004.safetensors:  88%|████████▊ | 3.41G/3.86G [03:52<00:28, 15.8MB/s][A[A[A[A



[1A
[1Amodel-00001-of-00004.safetensors:  75%|███████▌  | 2.97G/3.95G [03:52<01:11, 13.7MB/s][A[A[A


[1Amodel-00002-of-00004.safetensors:  84%|████████▍ | 3.25G/3.86G [03:52<00:42, 14.5MB/s][A[A




[1A
[1Amodel-00003-of-00004.safetensors:  88%|████████▊ | 3.41G/3.86G [03:52<00:27, 16.4MB/s][A[A[A[A



[1Amodel-00001-of-00004.safetensors:  75%|███████▌  | 2.97G/3.95G [03:52<01:07, 14.3MB/s][A[A[A




[1A
[1Amodel-00003-of-00004.safetensors:  88%|████████▊ | 3.42G/3.86G [03:52<00:26, 16.8MB/s][A[A[A[A


[1A
[1Amodel-00002-of-00004.safetensors:  84%|████████▍ | 3.26G/3.86G [03:52<00:40, 15.1MB/s][A[A



[1A
[1Amodel-00001-of-00004.safetensors:  75%|███████▌  | 2.97G/3.95G [03:53<01:08, 14.2MB/s][A[A[A




[1A
[1Amodel-00003-of-00004.safetensors:  88%|████████▊ | 3.42G/3.86G [03:52<00:27, 16.2MB/s][A[A[A[A


[1A
[1Amodel-00002-of-00004.safetensors:  84%|████████▍ | 3.26G/3.86G [03:52<00:42, 14.3MB/s][A[A



[1Amodel-00001-of-00004.safetensors:  75%|███████▌  | 2.98G/3.95G [03:53<01:12, 13.4MB/s][A[A[A




[1A
[1Amodel-00003-of-00004.safetensors:  88%|████████▊ | 3.42G/3.86G [03:52<00:29, 15.3MB/s][A[A[A[A


[1A
[1Amodel-00002-of-00004.safetensors:  84%|████████▍ | 3.26G/3.86G [03:53<00:43, 13.7MB/s][A[A



[1A
[1Amodel-00001-of-00004.safetensors:  75%|███████▌  | 2.98G/3.95G [03:53<01:14, 13.0MB/s][A[A[A




[1Amodel-00003-of-00004.safetensors:  89%|████████▊ | 3.42G/3.86G [03:53<00:29, 14.9MB/s][A[A[A[A


[1Amodel-00002-of-00004.safetensors:  84%|████████▍ | 3.26G/3.86G [03:53<00:44, 13.4MB/s][A[A




[1Amodel-00003-of-00004.safetensors:  89%|████████▊ | 3.42G/3.86G [03:53<00:29, 14.9MB/s][A[A[A[A



[1A
[1Amodel-00001-of-00004.safetensors:  76%|███████▌  | 2.98G/3.95G [03:53<01:14, 13.0MB/s][A[A[A


[1Amodel-00002-of-00004.safetensors:  84%|████████▍ | 3.27G/3.86G [03:53<00:44, 13.5MB/s][A[A




[1Amodel-00003-of-00004.safetensors:  89%|████████▊ | 3.43G/3.86G [03:53<00:29, 15.1MB/s][A[A[A[A



[1A
[1Amodel-00001-of-00004.safetensors:  76%|███████▌  | 2.98G/3.95G [03:53<01:13, 13.1MB/s][A[A[A


[1A
[1Amodel-00002-of-00004.safetensors:  85%|████████▍ | 3.27G/3.86G [03:53<00:43, 13.8MB/s][A[A




[1Amodel-00003-of-00004.safetensors:  89%|████████▊ | 3.43G/3.86G [03:53<00:28, 15.2MB/s][A[A[A[A



[1Amodel-00001-of-00004.safetensors:  76%|███████▌  | 2.98G/3.95G [03:53<01:11, 13.4MB/s][A[A[A


[1Amodel-00002-of-00004.safetensors:  85%|████████▍ | 3.27G/3.86G [03:53<00:42, 14.1MB/s][A[A




[1A
[1Amodel-00003-of-00004.safetensors:  89%|████████▊ | 3.43G/3.86G [03:53<00:27, 15.6MB/s][A[A[A[A



[1Amodel-00001-of-00004.safetensors:  76%|███████▌  | 2.99G/3.95G [03:54<01:11, 13.4MB/s][A[A[A


[1Amodel-00002-of-00004.safetensors:  85%|████████▍ | 3.27G/3.86G [03:53<00:43, 13.6MB/s][A[A




[1Amodel-00003-of-00004.safetensors:  89%|████████▉ | 3.43G/3.86G [03:53<00:28, 15.0MB/s][A[A[A[A



[1A
[1Amodel-00001-of-00004.safetensors:  76%|███████▌  | 2.99G/3.95G [03:54<01:16, 12.5MB/s][A[A[A


[1A
[1Amodel-00002-of-00004.safetensors:  85%|████████▍ | 3.27G/3.86G [03:54<00:45, 12.9MB/s][A[A




[1A
[1Amodel-00003-of-00004.safetensors:  89%|████████▉ | 3.43G/3.86G [03:53<00:30, 14.2MB/s][A[A[A[A



[1A
[1Amodel-00001-of-00004.safetensors:  76%|███████▌  | 2.99G/3.95G [03:54<01:18, 12.1MB/s][A[A[A




[1A
[1Amodel-00003-of-00004.safetensors:  89%|████████▉ | 3.44G/3.86G [03:54<00:31, 13.8MB/s][A[A[A[A


[1A
[1Amodel-00002-of-00004.safetensors:  85%|████████▍ | 3.28G/3.86G [03:54<00:46, 12.5MB/s][A[A




[1A
[1Amodel-00003-of-00004.safetensors:  89%|████████▉ | 3.44G/3.86G [03:54<00:30, 13.9MB/s][A[A[A[A



[1A
[1Amodel-00001-of-00004.safetensors:  76%|███████▌  | 2.99G/3.95G [03:54<01:18, 12.1MB/s][A[A[A


[1A
[1Amodel-00002-of-00004.safetensors:  85%|████████▍ | 3.28G/3.86G [03:54<00:46, 12.6MB/s][A[A




[1A
[1Amodel-00003-of-00004.safetensors:  89%|████████▉ | 3.44G/3.86G [03:54<00:30, 14.0MB/s][A[A[A[A



[1A
[1Amodel-00001-of-00004.safetensors:  76%|███████▌  | 2.99G/3.95G [03:54<01:17, 12.3MB/s][A[A[A


[1A
[1Amodel-00002-of-00004.safetensors:  85%|████████▍ | 3.28G/3.86G [03:54<00:45, 12.9MB/s][A[A




[1A
[1Amodel-00003-of-00004.safetensors:  89%|████████▉ | 3.44G/3.86G [03:54<00:29, 14.4MB/s][A[A[A[A


[1A
[1Amodel-00002-of-00004.safetensors:  85%|████████▍ | 3.28G/3.86G [03:54<00:43, 13.3MB/s][A[A



[1A
[1Amodel-00001-of-00004.safetensors:  76%|███████▌  | 3.00G/3.95G [03:54<01:15, 12.6MB/s][A[A[A




[1A
[1Amodel-00003-of-00004.safetensors:  89%|████████▉ | 3.44G/3.86G [03:54<00:28, 14.8MB/s][A[A[A[A


[1A
[1Amodel-00002-of-00004.safetensors:  85%|████████▍ | 3.28G/3.86G [03:54<00:42, 13.7MB/s][A[A



[1A
[1Amodel-00001-of-00004.safetensors:  76%|███████▌  | 3.00G/3.95G [03:55<01:12, 13.0MB/s][A[A[A




[1A
[1Amodel-00003-of-00004.safetensors:  89%|████████▉ | 3.45G/3.86G [03:54<00:27, 15.2MB/s][A[A[A[A


[1A
[1Amodel-00002-of-00004.safetensors:  85%|████████▌ | 3.29G/3.86G [03:54<00:40, 14.1MB/s][A[A



[1Amodel-00001-of-00004.safetensors:  76%|███████▌  | 3.00G/3.95G [03:55<01:09, 13.5MB/s][A[A[A




[1Amodel-00003-of-00004.safetensors:  89%|████████▉ | 3.45G/3.86G [03:54<00:26, 15.7MB/s][A[A[A[A


[1A
[1Amodel-00002-of-00004.safetensors:  85%|████████▌ | 3.29G/3.86G [03:55<00:39, 14.7MB/s][A[A



[1A
[1Amodel-00001-of-00004.safetensors:  76%|███████▌  | 3.00G/3.95G [03:55<01:07, 13.9MB/s][A[A[A




[1Amodel-00003-of-00004.safetensors:  89%|████████▉ | 3.45G/3.86G [03:54<00:25, 16.1MB/s][A[A[A[A


[1A
[1Amodel-00002-of-00004.safetensors:  85%|████████▌ | 3.29G/3.86G [03:55<00:43, 13.3MB/s][A[A



[1Amodel-00001-of-00004.safetensors:  76%|███████▌  | 3.01G/3.95G [03:55<01:10, 13.4MB/s][A[A[A




[1A
[1Amodel-00003-of-00004.safetensors:  89%|████████▉ | 3.45G/3.86G [03:55<00:26, 15.3MB/s][A[A[A[A




[1A
[1Amodel-00003-of-00004.safetensors:  89%|████████▉ | 3.46G/3.86G [03:55<00:28, 14.5MB/s][A[A[A[A



[1Amodel-00001-of-00004.safetensors:  76%|███████▌  | 3.01G/3.95G [03:55<01:13, 12.8MB/s][A[A[A


[1A
[1Amodel-00002-of-00004.safetensors:  85%|████████▌ | 3.29G/3.86G [03:55<00:49, 11.5MB/s][A[A




[1A
[1Amodel-00003-of-00004.safetensors:  89%|████████▉ | 3.46G/3.86G [03:55<00:28, 14.3MB/s][A[A[A[A



[1A
[1Amodel-00001-of-00004.safetensors:  76%|███████▋  | 3.01G/3.95G [03:55<01:14, 12.6MB/s][A[A[A


[1A
[1Amodel-00002-of-00004.safetensors:  85%|████████▌ | 3.29G/3.86G [03:55<00:52, 10.9MB/s][A[A




[1Amodel-00003-of-00004.safetensors:  90%|████████▉ | 3.46G/3.86G [03:55<00:28, 14.3MB/s][A[A[A[A



[1Amodel-00001-of-00004.safetensors:  76%|███████▋  | 3.01G/3.95G [03:56<01:13, 12.7MB/s][A[A[A




[1A
[1Amodel-00003-of-00004.safetensors:  90%|████████▉ | 3.46G/3.86G [03:55<00:27, 14.6MB/s][A[A[A[A


[1A
[1Amodel-00002-of-00004.safetensors:  85%|████████▌ | 3.30G/3.86G [03:55<00:52, 10.8MB/s][A[A



[1A
[1Amodel-00001-of-00004.safetensors:  76%|███████▋  | 3.01G/3.95G [03:56<01:12, 12.9MB/s][A[A[A




[1Amodel-00003-of-00004.safetensors:  90%|████████▉ | 3.46G/3.86G [03:55<00:27, 14.8MB/s][A[A[A[A



[1A
[1Amodel-00001-of-00004.safetensors:  76%|███████▋  | 3.02G/3.95G [03:56<01:10, 13.2MB/s][A[A[A


[1A
[1Amodel-00002-of-00004.safetensors:  85%|████████▌ | 3.30G/3.86G [03:56<00:51, 11.0MB/s][A[A




[1Amodel-00003-of-00004.safetensors:  90%|████████▉ | 3.47G/3.86G [03:55<00:26, 15.2MB/s][A[A[A[A



[1A
[1Amodel-00001-of-00004.safetensors:  76%|███████▋  | 3.02G/3.95G [03:56<01:08, 13.6MB/s][A[A[A




[1Amodel-00003-of-00004.safetensors:  90%|████████▉ | 3.47G/3.86G [03:56<00:25, 15.6MB/s][A[A[A[A


[1A
[1Amodel-00002-of-00004.safetensors:  85%|████████▌ | 3.30G/3.86G [03:56<00:49, 11.3MB/s][A[A



[1Amodel-00001-of-00004.safetensors:  77%|███████▋  | 3.02G/3.95G [03:56<01:06, 14.0MB/s][A[A[A




[1A
[1Amodel-00003-of-00004.safetensors:  90%|████████▉ | 3.47G/3.86G [03:56<00:24, 16.2MB/s][A[A[A[A


[1Amodel-00002-of-00004.safetensors:  85%|████████▌ | 3.30G/3.86G [03:56<00:47, 11.7MB/s][A[A



[1Amodel-00001-of-00004.safetensors:  77%|███████▋  | 3.02G/3.95G [03:56<01:03, 14.5MB/s][A[A[A




[1Amodel-00003-of-00004.safetensors:  90%|████████▉ | 3.47G/3.86G [03:56<00:23, 16.6MB/s][A[A[A[A


[1A
[1Amodel-00002-of-00004.safetensors:  86%|████████▌ | 3.31G/3.86G [03:56<00:45, 12.2MB/s][A[A




[1Amodel-00003-of-00004.safetensors:  90%|████████▉ | 3.47G/3.86G [03:56<00:22, 17.2MB/s][A[A[A[A



[1Amodel-00001-of-00004.safetensors:  77%|███████▋  | 3.02G/3.95G [03:56<01:01, 14.9MB/s][A[A[A




[1A
[1Amodel-00003-of-00004.safetensors:  90%|████████▉ | 3.48G/3.86G [03:56<00:21, 17.8MB/s][A[A[A[A


[1A
[1Amodel-00002-of-00004.safetensors:  86%|████████▌ | 3.31G/3.86G [03:56<00:44, 12.7MB/s][A[A



[1A
[1Amodel-00001-of-00004.safetensors:  77%|███████▋  | 3.03G/3.95G [03:57<00:59, 15.4MB/s][A[A[A




[1Amodel-00003-of-00004.safetensors:  90%|████████▉ | 3.48G/3.86G [03:56<00:21, 18.1MB/s][A[A[A[A



[1A
[1Amodel-00001-of-00004.safetensors:  77%|███████▋  | 3.03G/3.95G [03:57<00:58, 15.8MB/s][A[A[A


[1A
[1Amodel-00002-of-00004.safetensors:  86%|████████▌ | 3.31G/3.86G [03:56<00:43, 12.9MB/s][A[A




[1A
[1Amodel-00003-of-00004.safetensors:  90%|█████████ | 3.48G/3.86G [03:56<00:22, 17.1MB/s][A[A[A[A



[1Amodel-00001-of-00004.safetensors:  77%|███████▋  | 3.03G/3.95G [03:57<01:02, 14.6MB/s][A[A[A


[1A
[1Amodel-00002-of-00004.safetensors:  86%|████████▌ | 3.31G/3.86G [03:57<00:45, 12.2MB/s][A[A




[1A
[1Amodel-00003-of-00004.safetensors:  90%|█████████ | 3.48G/3.86G [03:56<00:23, 16.1MB/s][A[A[A[A



[1A
[1Amodel-00001-of-00004.safetensors:  77%|███████▋  | 3.03G/3.95G [03:57<01:04, 14.1MB/s][A[A[A




[1A
[1Amodel-00003-of-00004.safetensors:  90%|█████████ | 3.48G/3.86G [03:57<00:24, 15.8MB/s][A[A[A[A


[1Amodel-00002-of-00004.safetensors:  86%|████████▌ | 3.31G/3.86G [03:57<00:45, 12.0MB/s][A[A



[1Amodel-00001-of-00004.safetensors:  77%|███████▋  | 3.03G/3.95G [03:57<01:05, 13.9MB/s][A[A[A




[1Amodel-00003-of-00004.safetensors:  90%|█████████ | 3.49G/3.86G [03:57<00:24, 15.6MB/s][A[A[A[A


[1Amodel-00002-of-00004.safetensors:  86%|████████▌ | 3.32G/3.86G [03:57<00:45, 12.1MB/s][A[A



[1A
[1Amodel-00001-of-00004.safetensors:  77%|███████▋  | 3.04G/3.95G [03:57<01:05, 14.0MB/s][A[A[A




[1A
[1Amodel-00003-of-00004.safetensors:  90%|█████████ | 3.49G/3.86G [03:57<00:23, 15.7MB/s][A[A[A[A


[1A
[1Amodel-00002-of-00004.safetensors:  86%|████████▌ | 3.32G/3.86G [03:57<00:45, 12.1MB/s][A[A




[1Amodel-00003-of-00004.safetensors:  90%|█████████ | 3.49G/3.86G [03:57<00:23, 16.1MB/s][A[A[A[A



[1A
[1Amodel-00001-of-00004.safetensors:  77%|███████▋  | 3.04G/3.95G [03:57<01:04, 14.1MB/s][A[A[A


[1Amodel-00002-of-00004.safetensors:  86%|████████▌ | 3.32G/3.86G [03:57<00:42, 12.7MB/s][A[A




[1Amodel-00003-of-00004.safetensors:  90%|█████████ | 3.49G/3.86G [03:57<00:22, 16.4MB/s][A[A[A[A



[1Amodel-00001-of-00004.safetensors:  77%|███████▋  | 3.04G/3.95G [03:58<01:04, 14.1MB/s][A[A[A




[1A
[1Amodel-00003-of-00004.safetensors:  90%|█████████ | 3.49G/3.86G [03:57<00:24, 15.2MB/s][A[A[A[A


[1A
[1Amodel-00002-of-00004.safetensors:  86%|████████▌ | 3.32G/3.86G [03:57<00:46, 11.8MB/s][A[A



[1A
[1Amodel-00001-of-00004.safetensors:  77%|███████▋  | 3.04G/3.95G [03:58<01:09, 12.9MB/s][A[A[A




[1A
[1Amodel-00003-of-00004.safetensors:  90%|█████████ | 3.50G/3.86G [03:57<00:25, 14.5MB/s][A[A[A[A


[1Amodel-00002-of-00004.safetensors:  86%|████████▌ | 3.32G/3.86G [03:58<00:48, 11.3MB/s][A[A



[1A
[1Amodel-00001-of-00004.safetensors:  77%|███████▋  | 3.05G/3.95G [03:58<01:15, 11.9MB/s][A[A[A




[1A
[1Amodel-00003-of-00004.safetensors:  91%|█████████ | 3.50G/3.86G [03:58<00:27, 13.2MB/s][A[A[A[A


[1A
[1Amodel-00002-of-00004.safetensors:  86%|████████▌ | 3.33G/3.86G [03:58<00:48, 11.0MB/s][A[A



[1Amodel-00001-of-00004.safetensors:  77%|███████▋  | 3.05G/3.95G [03:58<01:14, 12.0MB/s][A[A[A




[1A
[1Amodel-00003-of-00004.safetensors:  91%|█████████ | 3.50G/3.86G [03:58<00:27, 13.4MB/s][A[A[A[A



[1A
[1Amodel-00001-of-00004.safetensors:  77%|███████▋  | 3.05G/3.95G [03:58<01:11, 12.5MB/s][A[A[A


[1Amodel-00002-of-00004.safetensors:  86%|████████▌ | 3.33G/3.86G [03:58<00:47, 11.4MB/s][A[A




[1A
[1Amodel-00003-of-00004.safetensors:  91%|█████████ | 3.50G/3.86G [03:58<00:25, 14.0MB/s][A[A[A[A



[1A
[1Amodel-00001-of-00004.safetensors:  77%|███████▋  | 3.05G/3.95G [03:59<01:09, 12.9MB/s][A[A[A


[1A
[1Amodel-00002-of-00004.safetensors:  86%|████████▌ | 3.33G/3.86G [03:58<00:44, 11.9MB/s][A[A




[1Amodel-00003-of-00004.safetensors:  91%|█████████ | 3.51G/3.86G [03:58<00:24, 14.5MB/s][A[A[A[A



[1A
[1Amodel-00001-of-00004.safetensors:  77%|███████▋  | 3.05G/3.95G [03:59<01:07, 13.3MB/s][A[A[A




[1A
[1Amodel-00003-of-00004.safetensors:  91%|█████████ | 3.51G/3.86G [03:58<00:23, 14.9MB/s][A[A[A[A


[1A
[1Amodel-00002-of-00004.safetensors:  86%|████████▌ | 3.33G/3.86G [03:58<00:43, 12.4MB/s][A[A




[1A
[1Amodel-00003-of-00004.safetensors:  91%|█████████ | 3.51G/3.86G [03:58<00:22, 15.5MB/s][A[A[A[A



[1A
[1Amodel-00001-of-00004.safetensors:  77%|███████▋  | 3.06G/3.95G [03:59<01:05, 13.6MB/s][A[A[A


[1A
[1Amodel-00002-of-00004.safetensors:  86%|████████▋ | 3.33G/3.86G [03:58<00:41, 12.8MB/s][A[A




[1Amodel-00003-of-00004.safetensors:  91%|█████████ | 3.51G/3.86G [03:58<00:22, 16.0MB/s][A[A[A[A



[1A
[1Amodel-00001-of-00004.safetensors:  77%|███████▋  | 3.06G/3.95G [03:59<01:03, 14.0MB/s][A[A[A


[1A
[1Amodel-00002-of-00004.safetensors:  86%|████████▋ | 3.34G/3.86G [03:59<00:39, 13.4MB/s][A[A




[1A
[1Amodel-00003-of-00004.safetensors:  91%|█████████ | 3.51G/3.86G [03:59<00:21, 16.4MB/s][A[A[A[A



[1A
[1Amodel-00001-of-00004.safetensors:  78%|███████▊  | 3.06G/3.95G [03:59<01:00, 14.6MB/s][A[A[A


[1A
[1Amodel-00002-of-00004.safetensors:  86%|████████▋ | 3.34G/3.86G [03:59<00:37, 13.9MB/s][A[A




[1A
[1Amodel-00003-of-00004.safetensors:  91%|█████████ | 3.52G/3.86G [03:59<00:20, 17.0MB/s][A[A[A[A



[1A
[1Amodel-00001-of-00004.safetensors:  78%|███████▊  | 3.06G/3.95G [03:59<00:58, 15.1MB/s][A[A[A


[1A
[1Amodel-00002-of-00004.safetensors:  86%|████████▋ | 3.34G/3.86G [03:59<00:37, 14.0MB/s][A[A




[1Amodel-00003-of-00004.safetensors:  91%|█████████ | 3.52G/3.86G [03:59<00:20, 17.0MB/s][A[A[A[A



[1A
[1Amodel-00001-of-00004.safetensors:  78%|███████▊  | 3.06G/3.95G [03:59<01:03, 13.9MB/s][A[A[A




[1Amodel-00003-of-00004.safetensors:  91%|█████████ | 3.52G/3.86G [03:59<00:21, 15.9MB/s][A[A[A[A


[1A
[1Amodel-00002-of-00004.safetensors:  86%|████████▋ | 3.34G/3.86G [03:59<00:39, 13.1MB/s][A[A



[1Amodel-00001-of-00004.safetensors:  78%|███████▊  | 3.07G/3.95G [04:00<01:05, 13.4MB/s][A[A[A




[1A
[1Amodel-00003-of-00004.safetensors:  91%|█████████ | 3.52G/3.86G [03:59<00:22, 15.3MB/s][A[A[A[A


[1A
[1Amodel-00002-of-00004.safetensors:  87%|████████▋ | 3.34G/3.86G [03:59<00:40, 12.9MB/s][A[A




[1Amodel-00003-of-00004.safetensors:  91%|█████████ | 3.52G/3.86G [03:59<00:22, 15.1MB/s][A[A[A[A



[1A
[1Amodel-00001-of-00004.safetensors:  78%|███████▊  | 3.07G/3.95G [04:00<01:05, 13.3MB/s][A[A[A


[1Amodel-00002-of-00004.safetensors:  87%|████████▋ | 3.35G/3.86G [03:59<00:40, 12.8MB/s][A[A




[1A
[1Amodel-00003-of-00004.safetensors:  91%|█████████ | 3.53G/3.86G [03:59<00:22, 15.3MB/s][A[A[A[A



[1Amodel-00001-of-00004.safetensors:  78%|███████▊  | 3.07G/3.95G [04:00<01:05, 13.4MB/s][A[A[A


[1Amodel-00002-of-00004.safetensors:  87%|████████▋ | 3.35G/3.86G [04:00<00:39, 13.1MB/s][A[A




[1A
[1Amodel-00003-of-00004.safetensors:  91%|█████████▏| 3.53G/3.86G [03:59<00:21, 15.4MB/s][A[A[A[A



[1A
[1Amodel-00001-of-00004.safetensors:  78%|███████▊  | 3.07G/3.95G [04:00<01:04, 13.6MB/s][A[A[A


[1A
[1Amodel-00002-of-00004.safetensors:  87%|████████▋ | 3.35G/3.86G [04:00<00:40, 12.7MB/s][A[A




[1Amodel-00003-of-00004.safetensors:  91%|█████████▏| 3.53G/3.86G [04:00<00:21, 15.8MB/s][A[A[A[A



[1A
[1Amodel-00001-of-00004.safetensors:  78%|███████▊  | 3.07G/3.95G [04:00<01:03, 13.8MB/s][A[A[A




[1Amodel-00003-of-00004.safetensors:  91%|█████████▏| 3.53G/3.86G [04:00<00:22, 14.8MB/s][A[A[A[A


[1A
[1Amodel-00002-of-00004.safetensors:  87%|████████▋ | 3.35G/3.86G [04:00<00:41, 12.5MB/s][A[A



[1Amodel-00001-of-00004.safetensors:  78%|███████▊  | 3.08G/3.95G [04:00<01:02, 13.9MB/s][A[A[A




[1A
[1Amodel-00003-of-00004.safetensors:  91%|█████████▏| 3.53G/3.86G [04:00<00:21, 15.7MB/s][A[A[A[A



[1Amodel-00001-of-00004.safetensors:  78%|███████▊  | 3.08G/3.95G [04:00<00:58, 14.7MB/s][A[A[A


[1A
[1Amodel-00002-of-00004.safetensors:  87%|████████▋ | 3.36G/3.86G [04:00<00:42, 12.0MB/s][A[A




[1A
[1Amodel-00003-of-00004.safetensors:  92%|█████████▏| 3.54G/3.86G [04:00<00:20, 16.4MB/s][A[A[A[A



[1Amodel-00001-of-00004.safetensors:  78%|███████▊  | 3.08G/3.95G [04:01<00:59, 14.6MB/s][A[A[A


[1A
[1Amodel-00002-of-00004.safetensors:  87%|████████▋ | 3.36G/3.86G [04:00<00:42, 11.8MB/s][A[A




[1Amodel-00003-of-00004.safetensors:  92%|█████████▏| 3.54G/3.86G [04:00<00:21, 15.3MB/s][A[A[A[A



[1Amodel-00001-of-00004.safetensors:  78%|███████▊  | 3.08G/3.95G [04:01<01:03, 13.5MB/s][A[A[A




[1A
[1Amodel-00003-of-00004.safetensors:  92%|█████████▏| 3.54G/3.86G [04:00<00:21, 14.8MB/s][A[A[A[A


[1A
[1Amodel-00002-of-00004.safetensors:  87%|████████▋ | 3.36G/3.86G [04:00<00:42, 12.0MB/s][A[A



[1A
[1Amodel-00001-of-00004.safetensors:  78%|███████▊  | 3.08G/3.95G [04:01<01:05, 13.1MB/s][A[A[A




[1Amodel-00003-of-00004.safetensors:  92%|█████████▏| 3.54G/3.86G [04:00<00:21, 14.6MB/s][A[A[A[A


[1A
[1Amodel-00002-of-00004.safetensors:  87%|████████▋ | 3.36G/3.86G [04:01<00:41, 12.1MB/s][A[A




[1Amodel-00003-of-00004.safetensors:  92%|█████████▏| 3.55G/3.86G [04:01<00:21, 14.8MB/s][A[A[A[A



[1Amodel-00001-of-00004.safetensors:  78%|███████▊  | 3.09G/3.95G [04:01<01:05, 13.1MB/s][A[A[A


[1Amodel-00002-of-00004.safetensors:  87%|████████▋ | 3.36G/3.86G [04:01<00:40, 12.4MB/s][A[A




[1A
[1Amodel-00003-of-00004.safetensors:  92%|█████████▏| 3.55G/3.86G [04:01<00:21, 15.0MB/s][A[A[A[A



[1A
[1Amodel-00001-of-00004.safetensors:  78%|███████▊  | 3.09G/3.95G [04:01<01:04, 13.3MB/s][A[A[A


[1A
[1Amodel-00002-of-00004.safetensors:  87%|████████▋ | 3.37G/3.86G [04:01<00:38, 12.9MB/s][A[A




[1A
[1Amodel-00003-of-00004.safetensors:  92%|█████████▏| 3.55G/3.86G [04:01<00:20, 15.3MB/s][A[A[A[A



[1A
[1Amodel-00001-of-00004.safetensors:  78%|███████▊  | 3.09G/3.95G [04:01<01:03, 13.6MB/s][A[A[A


[1A
[1Amodel-00002-of-00004.safetensors:  87%|████████▋ | 3.37G/3.86G [04:01<00:37, 13.3MB/s][A[A




[1Amodel-00003-of-00004.safetensors:  92%|█████████▏| 3.55G/3.86G [04:01<00:19, 15.7MB/s][A[A[A[A



[1Amodel-00001-of-00004.safetensors:  78%|███████▊  | 3.09G/3.95G [04:02<01:01, 13.9MB/s][A[A[A


[1A
[1Amodel-00002-of-00004.safetensors:  87%|████████▋ | 3.37G/3.86G [04:01<00:36, 13.4MB/s][A[A




[1Amodel-00003-of-00004.safetensors:  92%|█████████▏| 3.55G/3.86G [04:01<00:20, 15.2MB/s][A[A[A[A



[1A
[1Amodel-00001-of-00004.safetensors:  78%|███████▊  | 3.10G/3.95G [04:02<01:06, 12.8MB/s][A[A[A


[1Amodel-00002-of-00004.safetensors:  87%|████████▋ | 3.37G/3.86G [04:01<00:38, 12.6MB/s][A[A




[1Amodel-00003-of-00004.safetensors:  92%|█████████▏| 3.56G/3.86G [04:01<00:21, 14.3MB/s][A[A[A[A



[1A
[1Amodel-00001-of-00004.safetensors:  79%|███████▊  | 3.10G/3.95G [04:02<01:08, 12.4MB/s][A[A[A




[1A
[1Amodel-00003-of-00004.safetensors:  92%|█████████▏| 3.56G/3.86G [04:01<00:21, 14.0MB/s][A[A[A[A


[1Amodel-00002-of-00004.safetensors:  87%|████████▋ | 3.37G/3.86G [04:02<00:39, 12.4MB/s][A[A



[1A
[1Amodel-00001-of-00004.safetensors:  79%|███████▊  | 3.10G/3.95G [04:02<01:08, 12.3MB/s][A[A[A




[1Amodel-00003-of-00004.safetensors:  92%|█████████▏| 3.56G/3.86G [04:02<00:21, 14.0MB/s][A[A[A[A


[1Amodel-00002-of-00004.safetensors:  87%|████████▋ | 3.38G/3.86G [04:02<00:39, 12.5MB/s][A[A



[1Amodel-00001-of-00004.safetensors:  79%|███████▊  | 3.10G/3.95G [04:02<01:08, 12.4MB/s][A[A[A




[1A
[1Amodel-00003-of-00004.safetensors:  92%|█████████▏| 3.56G/3.86G [04:02<00:21, 14.1MB/s][A[A[A[A


[1Amodel-00002-of-00004.safetensors:  87%|████████▋ | 3.38G/3.86G [04:02<00:41, 11.8MB/s][A[A




[1A
[1Amodel-00003-of-00004.safetensors:  92%|█████████▏| 3.56G/3.86G [04:02<00:20, 14.4MB/s][A[A[A[A



[1A
[1Amodel-00001-of-00004.safetensors:  79%|███████▊  | 3.10G/3.95G [04:02<01:06, 12.7MB/s][A[A[A


[1Amodel-00002-of-00004.safetensors:  87%|████████▋ | 3.38G/3.86G [04:02<00:39, 12.4MB/s][A[A




[1Amodel-00003-of-00004.safetensors:  92%|█████████▏| 3.57G/3.86G [04:02<00:20, 14.8MB/s][A[A[A[A



[1Amodel-00001-of-00004.safetensors:  79%|███████▊  | 3.11G/3.95G [04:03<01:04, 13.1MB/s][A[A[A


[1Amodel-00002-of-00004.safetensors:  88%|████████▊ | 3.38G/3.86G [04:02<00:36, 13.2MB/s][A[A




[1A
[1Amodel-00003-of-00004.safetensors:  92%|█████████▏| 3.57G/3.86G [04:02<00:19, 15.1MB/s][A[A[A[A



[1A
[1Amodel-00001-of-00004.safetensors:  79%|███████▉  | 3.11G/3.95G [04:03<01:02, 13.4MB/s][A[A[A


[1A
[1Amodel-00002-of-00004.safetensors:  88%|████████▊ | 3.38G/3.86G [04:02<00:35, 13.6MB/s][A[A




[1Amodel-00003-of-00004.safetensors:  92%|█████████▏| 3.57G/3.86G [04:02<00:18, 15.8MB/s][A[A[A[A



[1A
[1Amodel-00001-of-00004.safetensors:  79%|███████▉  | 3.11G/3.95G [04:03<01:00, 13.9MB/s][A[A[A




[1A
[1Amodel-00003-of-00004.safetensors:  92%|█████████▏| 3.57G/3.86G [04:02<00:18, 16.2MB/s][A[A[A[A


[1A
[1Amodel-00002-of-00004.safetensors:  88%|████████▊ | 3.39G/3.86G [04:03<00:34, 14.0MB/s][A[A



[1A
[1Amodel-00001-of-00004.safetensors:  79%|███████▉  | 3.11G/3.95G [04:03<00:59, 14.0MB/s][A[A[A




[1A
[1Amodel-00003-of-00004.safetensors:  92%|█████████▏| 3.57G/3.86G [04:03<00:18, 15.5MB/s][A[A[A[A


[1A
[1Amodel-00002-of-00004.safetensors:  88%|████████▊ | 3.39G/3.86G [04:03<00:34, 13.8MB/s][A[A



[1A
[1Amodel-00001-of-00004.safetensors:  79%|███████▉  | 3.11G/3.95G [04:03<01:02, 13.3MB/s][A[A[A




[1Amodel-00003-of-00004.safetensors:  93%|█████████▎| 3.58G/3.86G [04:03<00:19, 14.7MB/s][A[A[A[A


[1Amodel-00002-of-00004.safetensors:  88%|████████▊ | 3.39G/3.86G [04:03<00:35, 13.2MB/s][A[A



[1Amodel-00001-of-00004.safetensors:  79%|███████▉  | 3.12G/3.95G [04:03<01:04, 12.8MB/s][A[A[A




[1A
[1Amodel-00003-of-00004.safetensors:  93%|█████████▎| 3.58G/3.86G [04:03<00:20, 14.2MB/s][A[A[A[A


[1A
[1Amodel-00002-of-00004.safetensors:  88%|████████▊ | 3.39G/3.86G [04:03<00:36, 13.0MB/s][A[A




[1Amodel-00003-of-00004.safetensors:  93%|█████████▎| 3.58G/3.86G [04:03<00:20, 14.2MB/s][A[A[A[A



[1A
[1Amodel-00001-of-00004.safetensors:  79%|███████▉  | 3.12G/3.95G [04:04<01:05, 12.7MB/s][A[A[A


[1A
[1Amodel-00002-of-00004.safetensors:  88%|████████▊ | 3.40G/3.86G [04:03<00:36, 13.0MB/s][A[A




[1A
[1Amodel-00003-of-00004.safetensors:  93%|█████████▎| 3.58G/3.86G [04:03<00:19, 14.4MB/s][A[A[A[A



[1A
[1Amodel-00001-of-00004.safetensors:  79%|███████▉  | 3.12G/3.95G [04:04<01:03, 13.0MB/s][A[A[A


[1Amodel-00002-of-00004.safetensors:  88%|████████▊ | 3.40G/3.86G [04:03<00:35, 13.3MB/s][A[A




[1Amodel-00003-of-00004.safetensors:  93%|█████████▎| 3.59G/3.86G [04:03<00:18, 14.7MB/s][A[A[A[A



[1A
[1Amodel-00001-of-00004.safetensors:  79%|███████▉  | 3.12G/3.95G [04:04<01:02, 13.1MB/s][A[A[A


[1A
[1Amodel-00002-of-00004.safetensors:  88%|████████▊ | 3.40G/3.86G [04:04<00:34, 13.4MB/s][A[A




[1Amodel-00003-of-00004.safetensors:  93%|█████████▎| 3.59G/3.86G [04:03<00:18, 15.1MB/s][A[A[A[A



[1A
[1Amodel-00001-of-00004.safetensors:  79%|███████▉  | 3.12G/3.95G [04:04<01:00, 13.5MB/s][A[A[A


[1A
[1Amodel-00002-of-00004.safetensors:  88%|████████▊ | 3.40G/3.86G [04:04<00:33, 14.0MB/s][A[A




[1A
[1Amodel-00003-of-00004.safetensors:  93%|█████████▎| 3.59G/3.86G [04:04<00:17, 15.6MB/s][A[A[A[A



[1A
[1Amodel-00001-of-00004.safetensors:  79%|███████▉  | 3.13G/3.95G [04:04<00:59, 13.8MB/s][A[A[A


[1Amodel-00002-of-00004.safetensors:  88%|████████▊ | 3.40G/3.86G [04:04<00:33, 13.9MB/s][A[A




[1Amodel-00003-of-00004.safetensors:  93%|█████████▎| 3.59G/3.86G [04:04<00:17, 15.5MB/s][A[A[A[A



[1A
[1Amodel-00001-of-00004.safetensors:  79%|███████▉  | 3.13G/3.95G [04:04<01:01, 13.2MB/s][A[A[A


[1A
[1Amodel-00002-of-00004.safetensors:  88%|████████▊ | 3.41G/3.86G [04:04<00:36, 12.5MB/s][A[A




[1Amodel-00003-of-00004.safetensors:  93%|█████████▎| 3.59G/3.86G [04:04<00:19, 14.0MB/s][A[A[A[A



[1Amodel-00001-of-00004.safetensors:  79%|███████▉  | 3.13G/3.95G [04:04<00:54, 15.0MB/s][A[A[A




[1Amodel-00003-of-00004.safetensors:  93%|█████████▎| 3.60G/3.86G [04:04<00:19, 13.9MB/s][A[A[A[A


[1A
[1Amodel-00002-of-00004.safetensors:  88%|████████▊ | 3.41G/3.86G [04:04<00:36, 12.5MB/s][A[A



[1A
[1Amodel-00001-of-00004.safetensors:  79%|███████▉  | 3.13G/3.95G [04:05<00:52, 15.5MB/s][A[A[A




[1Amodel-00003-of-00004.safetensors:  93%|█████████▎| 3.60G/3.86G [04:04<00:19, 13.9MB/s][A[A[A[A


[1Amodel-00002-of-00004.safetensors:  88%|████████▊ | 3.41G/3.86G [04:04<00:35, 12.7MB/s][A[A



[1A
[1Amodel-00001-of-00004.safetensors:  79%|███████▉  | 3.14G/3.95G [04:05<00:50, 16.0MB/s][A[A[A



[1Amodel-00001-of-00004.safetensors:  80%|███████▉  | 3.14G/3.95G [04:05<00:49, 16.3MB/s][A[A[A




[1A
[1Amodel-00003-of-00004.safetensors:  93%|█████████▎| 3.60G/3.86G [04:04<00:19, 13.3MB/s][A[A[A[A


[1A
[1Amodel-00002-of-00004.safetensors:  88%|████████▊ | 3.41G/3.86G [04:05<00:37, 12.2MB/s][A[A



[1A
[1Amodel-00001-of-00004.safetensors:  80%|███████▉  | 3.14G/3.95G [04:05<00:53, 14.9MB/s][A[A[A


[1A
[1Amodel-00002-of-00004.safetensors:  88%|████████▊ | 3.41G/3.86G [04:05<00:39, 11.4MB/s][A[A




[1Amodel-00003-of-00004.safetensors:  93%|█████████▎| 3.60G/3.86G [04:05<00:24, 10.9MB/s][A[A[A[A



[1A
[1Amodel-00001-of-00004.safetensors:  80%|███████▉  | 3.14G/3.95G [04:05<00:55, 14.5MB/s][A[A[A


[1A
[1Amodel-00002-of-00004.safetensors:  88%|████████▊ | 3.42G/3.86G [04:05<00:39, 11.2MB/s][A[A



[1Amodel-00001-of-00004.safetensors:  80%|███████▉  | 3.14G/3.95G [04:05<00:55, 14.3MB/s][A[A[A




[1A
[1Amodel-00003-of-00004.safetensors:  93%|█████████▎| 3.60G/3.86G [04:05<00:25, 10.1MB/s][A[A[A[A



[1A
[1Amodel-00001-of-00004.safetensors:  80%|███████▉  | 3.15G/3.95G [04:05<00:55, 14.4MB/s][A[A[A


[1Amodel-00002-of-00004.safetensors:  88%|████████▊ | 3.42G/3.86G [04:05<00:39, 11.4MB/s][A[A




[1A
[1Amodel-00003-of-00004.safetensors:  93%|█████████▎| 3.61G/3.86G [04:05<00:25, 10.0MB/s][A[A[A[A



[1A
[1Amodel-00001-of-00004.safetensors:  80%|███████▉  | 3.15G/3.95G [04:06<00:54, 14.5MB/s][A[A[A


[1Amodel-00002-of-00004.safetensors:  89%|████████▊ | 3.42G/3.86G [04:05<00:38, 11.6MB/s][A[A



[1A
[1Amodel-00001-of-00004.safetensors:  80%|███████▉  | 3.15G/3.95G [04:06<00:53, 14.8MB/s][A[A[A




[1Amodel-00003-of-00004.safetensors:  93%|█████████▎| 3.61G/3.86G [04:05<00:25, 10.2MB/s][A[A[A[A


[1Amodel-00002-of-00004.safetensors:  89%|████████▊ | 3.42G/3.86G [04:05<00:36, 12.0MB/s][A[A



[1Amodel-00001-of-00004.safetensors:  80%|███████▉  | 3.15G/3.95G [04:06<00:52, 15.2MB/s][A[A[A


[1A
[1Amodel-00002-of-00004.safetensors:  89%|████████▊ | 3.42G/3.86G [04:06<00:35, 12.5MB/s][A[A




[1Amodel-00003-of-00004.safetensors:  93%|█████████▎| 3.61G/3.86G [04:05<00:24, 10.5MB/s][A[A[A[A



[1Amodel-00001-of-00004.safetensors:  80%|███████▉  | 3.16G/3.95G [04:06<00:50, 15.6MB/s][A[A[A


[1Amodel-00002-of-00004.safetensors:  89%|████████▊ | 3.43G/3.86G [04:06<00:33, 12.9MB/s][A[A



[1A
[1Amodel-00001-of-00004.safetensors:  80%|████████  | 3.16G/3.95G [04:06<00:49, 16.0MB/s][A[A[A




[1Amodel-00003-of-00004.safetensors:  93%|█████████▎| 3.61G/3.86G [04:06<00:22, 11.1MB/s][A[A[A[A



[1Amodel-00001-of-00004.safetensors:  80%|████████  | 3.16G/3.95G [04:06<00:47, 16.4MB/s][A[A[A


[1Amodel-00002-of-00004.safetensors:  89%|████████▊ | 3.43G/3.86G [04:06<00:32, 13.5MB/s][A[A




[1A
[1Amodel-00003-of-00004.safetensors:  94%|█████████▎| 3.61G/3.86G [04:06<00:22, 11.1MB/s][A[A[A[A



[1Amodel-00001-of-00004.safetensors:  80%|████████  | 3.16G/3.95G [04:06<00:50, 15.6MB/s][A[A[A


[1Amodel-00002-of-00004.safetensors:  89%|████████▉ | 3.43G/3.86G [04:06<00:32, 13.3MB/s][A[A



[1Amodel-00001-of-00004.safetensors:  80%|████████  | 3.16G/3.95G [04:06<00:47, 16.3MB/s][A[A[A




[1Amodel-00003-of-00004.safetensors:  94%|█████████▎| 3.62G/3.86G [04:06<00:22, 11.1MB/s][A[A[A[A


[1A
[1Amodel-00002-of-00004.safetensors:  89%|████████▉ | 3.43G/3.86G [04:06<00:31, 13.7MB/s][A[A



[1A
[1Amodel-00001-of-00004.safetensors:  80%|████████  | 3.17G/3.95G [04:07<00:46, 16.7MB/s][A[A[A




[1A
[1Amodel-00003-of-00004.safetensors:  94%|█████████▎| 3.62G/3.86G [04:06<00:20, 11.8MB/s][A[A[A[A


[1Amodel-00002-of-00004.safetensors:  89%|████████▉ | 3.44G/3.86G [04:06<00:29, 14.7MB/s][A[A



[1Amodel-00001-of-00004.safetensors:  80%|████████  | 3.17G/3.95G [04:07<00:44, 17.4MB/s][A[A[A


[1Amodel-00002-of-00004.safetensors:  89%|████████▉ | 3.44G/3.86G [04:06<00:27, 15.5MB/s][A[A




[1A
[1Amodel-00003-of-00004.safetensors:  94%|█████████▎| 3.62G/3.86G [04:06<00:18, 12.9MB/s][A[A[A[A



[1A
[1Amodel-00001-of-00004.safetensors:  80%|████████  | 3.17G/3.95G [04:07<00:43, 18.0MB/s][A[A[A


[1Amodel-00002-of-00004.safetensors:  89%|████████▉ | 3.44G/3.86G [04:07<00:26, 15.8MB/s][A[A




[1Amodel-00003-of-00004.safetensors:  94%|█████████▎| 3.62G/3.86G [04:06<00:17, 13.5MB/s][A[A[A[A



[1A
[1Amodel-00001-of-00004.safetensors:  80%|████████  | 3.17G/3.95G [04:07<00:41, 18.6MB/s][A[A[A


[1Amodel-00002-of-00004.safetensors:  89%|████████▉ | 3.44G/3.86G [04:07<00:25, 16.6MB/s][A[A



[1Amodel-00001-of-00004.safetensors:  80%|████████  | 3.17G/3.95G [04:07<00:40, 19.2MB/s][A[A[A




[1Amodel-00003-of-00004.safetensors:  94%|█████████▍| 3.62G/3.86G [04:07<00:16, 14.1MB/s][A[A[A[A


[1A
[1Amodel-00002-of-00004.safetensors:  89%|████████▉ | 3.44G/3.86G [04:07<00:26, 15.8MB/s][A[A



[1A
[1Amodel-00001-of-00004.safetensors:  81%|████████  | 3.18G/3.95G [04:07<00:45, 17.0MB/s][A[A[A




[1A
[1Amodel-00003-of-00004.safetensors:  94%|█████████▍| 3.63G/3.86G [04:07<00:17, 13.3MB/s][A[A[A[A


[1A
[1Amodel-00002-of-00004.safetensors:  89%|████████▉ | 3.45G/3.86G [04:07<00:27, 15.1MB/s][A[A



[1Amodel-00001-of-00004.safetensors:  81%|████████  | 3.18G/3.95G [04:07<00:46, 16.5MB/s][A[A[A




[1Amodel-00003-of-00004.safetensors:  94%|█████████▍| 3.63G/3.86G [04:07<00:17, 13.1MB/s][A[A[A[A



[1Amodel-00001-of-00004.safetensors:  81%|████████  | 3.18G/3.95G [04:07<00:47, 16.2MB/s][A[A[A


[1A
[1Amodel-00002-of-00004.safetensors:  89%|████████▉ | 3.45G/3.86G [04:07<00:28, 14.7MB/s][A[A




[1Amodel-00003-of-00004.safetensors:  94%|█████████▍| 3.63G/3.86G [04:07<00:17, 13.0MB/s][A[A[A[A



[1Amodel-00001-of-00004.safetensors:  81%|████████  | 3.18G/3.95G [04:08<00:47, 16.2MB/s][A[A[A


[1A
[1Amodel-00002-of-00004.safetensors:  89%|████████▉ | 3.45G/3.86G [04:07<00:30, 13.8MB/s][A[A



[1Amodel-00001-of-00004.safetensors:  81%|████████  | 3.18G/3.95G [04:08<00:46, 16.3MB/s][A[A[A




[1A
[1Amodel-00003-of-00004.safetensors:  94%|█████████▍| 3.63G/3.86G [04:07<00:17, 13.2MB/s][A[A[A[A



[1A
[1Amodel-00001-of-00004.safetensors:  81%|████████  | 3.19G/3.95G [04:08<00:47, 15.9MB/s][A[A[A


[1Amodel-00002-of-00004.safetensors:  89%|████████▉ | 3.45G/3.86G [04:08<00:33, 12.3MB/s][A[A




[1A
[1Amodel-00003-of-00004.safetensors:  94%|█████████▍| 3.64G/3.86G [04:07<00:16, 13.6MB/s][A[A[A[A




[1Amodel-00003-of-00004.safetensors:  94%|█████████▍| 3.64G/3.86G [04:07<00:16, 14.1MB/s][A[A[A[A



[1A
[1Amodel-00001-of-00004.safetensors:  81%|████████  | 3.19G/3.95G [04:08<00:51, 14.6MB/s][A[A[A


[1Amodel-00002-of-00004.safetensors:  89%|████████▉ | 3.45G/3.86G [04:08<00:38, 10.7MB/s][A[A




[1A
[1Amodel-00003-of-00004.safetensors:  94%|█████████▍| 3.64G/3.86G [04:08<00:15, 14.5MB/s][A[A[A[A



[1Amodel-00001-of-00004.safetensors:  81%|████████  | 3.19G/3.95G [04:08<00:53, 14.1MB/s][A[A[A




[1Amodel-00003-of-00004.safetensors:  94%|█████████▍| 3.64G/3.86G [04:08<00:14, 15.0MB/s][A[A[A[A


[1A
[1Amodel-00002-of-00004.safetensors:  89%|████████▉ | 3.46G/3.86G [04:08<00:39, 10.2MB/s][A[A



[1A
[1Amodel-00001-of-00004.safetensors:  81%|████████  | 3.19G/3.95G [04:08<00:54, 13.9MB/s][A[A[A




[1Amodel-00003-of-00004.safetensors:  94%|█████████▍| 3.64G/3.86G [04:08<00:14, 15.5MB/s][A[A[A[A



[1A
[1Amodel-00001-of-00004.safetensors:  81%|████████  | 3.20G/3.95G [04:08<00:53, 14.1MB/s][A[A[A




[1Amodel-00003-of-00004.safetensors:  94%|█████████▍| 3.65G/3.86G [04:08<00:13, 16.0MB/s][A[A[A[A


[1Amodel-00002-of-00004.safetensors:  89%|████████▉ | 3.46G/3.86G [04:08<00:39, 10.2MB/s][A[A




[1A
[1Amodel-00003-of-00004.safetensors:  94%|█████████▍| 3.65G/3.86G [04:08<00:13, 16.6MB/s][A[A[A[A



[1Amodel-00001-of-00004.safetensors:  81%|████████  | 3.20G/3.95G [04:09<00:52, 14.2MB/s][A[A[A


[1Amodel-00002-of-00004.safetensors:  90%|████████▉ | 3.46G/3.86G [04:08<00:38, 10.4MB/s][A[A




[1Amodel-00003-of-00004.safetensors:  94%|█████████▍| 3.65G/3.86G [04:08<00:12, 17.1MB/s][A[A[A[A



[1A
[1Amodel-00001-of-00004.safetensors:  81%|████████  | 3.20G/3.95G [04:09<00:51, 14.5MB/s][A[A[A




[1Amodel-00003-of-00004.safetensors:  95%|█████████▍| 3.65G/3.86G [04:08<00:12, 17.6MB/s][A[A[A[A



[1A
[1Amodel-00001-of-00004.safetensors:  81%|████████  | 3.20G/3.95G [04:09<00:50, 14.8MB/s][A[A[A


[1A
[1Amodel-00002-of-00004.safetensors:  90%|████████▉ | 3.46G/3.86G [04:09<00:37, 10.8MB/s][A[A




[1Amodel-00003-of-00004.safetensors:  95%|█████████▍| 3.65G/3.86G [04:08<00:11, 18.1MB/s][A[A[A[A



[1A
[1Amodel-00001-of-00004.safetensors:  81%|████████  | 3.20G/3.95G [04:09<00:49, 15.1MB/s][A[A[A




[1A
[1Amodel-00003-of-00004.safetensors:  95%|█████████▍| 3.66G/3.86G [04:09<00:12, 17.1MB/s][A[A[A[A


[1A
[1Amodel-00002-of-00004.safetensors:  90%|████████▉ | 3.46G/3.86G [04:09<00:38, 10.5MB/s][A[A



[1Amodel-00001-of-00004.safetensors:  81%|████████  | 3.21G/3.95G [04:09<00:53, 13.9MB/s][A[A[A




[1A
[1Amodel-00003-of-00004.safetensors:  95%|█████████▍| 3.66G/3.86G [04:09<00:12, 16.1MB/s][A[A[A[A


[1A
[1Amodel-00002-of-00004.safetensors:  90%|████████▉ | 3.47G/3.86G [04:09<00:39, 10.1MB/s][A[A



[1A
[1Amodel-00001-of-00004.safetensors:  81%|████████▏ | 3.21G/3.95G [04:09<00:54, 13.5MB/s][A[A[A




[1A
[1Amodel-00003-of-00004.safetensors:  95%|█████████▍| 3.66G/3.86G [04:09<00:12, 15.8MB/s][A[A[A[A


[1A
[1Amodel-00002-of-00004.safetensors:  90%|████████▉ | 3.47G/3.86G [04:09<00:39, 10.0MB/s][A[A




[1Amodel-00003-of-00004.safetensors:  95%|█████████▍| 3.66G/3.86G [04:09<00:12, 15.7MB/s][A[A[A[A



[1A
[1Amodel-00001-of-00004.safetensors:  81%|████████▏ | 3.21G/3.95G [04:10<00:55, 13.2MB/s][A[A[A


[1Amodel-00002-of-00004.safetensors:  90%|████████▉ | 3.47G/3.86G [04:09<00:39, 10.1MB/s][A[A




[1A
[1Amodel-00003-of-00004.safetensors:  95%|█████████▍| 3.66G/3.86G [04:09<00:12, 15.6MB/s][A[A[A[A



[1A
[1Amodel-00001-of-00004.safetensors:  81%|████████▏ | 3.21G/3.95G [04:10<00:54, 13.4MB/s][A[A[A


[1A
[1Amodel-00002-of-00004.safetensors:  90%|████████▉ | 3.47G/3.86G [04:09<00:37, 10.5MB/s][A[A




[1A
[1Amodel-00003-of-00004.safetensors:  95%|█████████▍| 3.67G/3.86G [04:09<00:12, 16.1MB/s][A[A[A[A



[1Amodel-00001-of-00004.safetensors:  81%|████████▏ | 3.21G/3.95G [04:10<00:53, 13.6MB/s][A[A[A




[1Amodel-00003-of-00004.safetensors:  95%|█████████▍| 3.67G/3.86G [04:09<00:11, 16.4MB/s][A[A[A[A


[1A
[1Amodel-00002-of-00004.safetensors:  90%|████████▉ | 3.47G/3.86G [04:10<00:36, 10.8MB/s][A[A



[1A
[1Amodel-00001-of-00004.safetensors:  82%|████████▏ | 3.22G/3.95G [04:10<00:52, 13.9MB/s][A[A[A




[1Amodel-00003-of-00004.safetensors:  95%|█████████▍| 3.67G/3.86G [04:10<00:11, 16.6MB/s][A[A[A[A


[1A
[1Amodel-00002-of-00004.safetensors:  90%|████████▉ | 3.47G/3.86G [04:10<00:33, 11.5MB/s][A[A



[1A
[1Amodel-00001-of-00004.safetensors:  82%|████████▏ | 3.22G/3.95G [04:10<00:51, 14.3MB/s][A[A[A




[1A
[1Amodel-00003-of-00004.safetensors:  95%|█████████▌| 3.67G/3.86G [04:10<00:11, 17.1MB/s][A[A[A[A




[1A
[1Amodel-00003-of-00004.safetensors:  95%|█████████▌| 3.68G/3.86G [04:10<00:10, 17.6MB/s][A[A[A[A


[1Amodel-00002-of-00004.safetensors:  90%|████████▉ | 3.48G/3.86G [04:10<00:32, 11.9MB/s][A[A



[1A
[1Amodel-00001-of-00004.safetensors:  82%|████████▏ | 3.22G/3.95G [04:10<00:51, 14.2MB/s][A[A[A




[1Amodel-00003-of-00004.safetensors:  95%|█████████▌| 3.68G/3.86G [04:10<00:11, 16.7MB/s][A[A[A[A


[1A
[1Amodel-00002-of-00004.safetensors:  90%|█████████ | 3.48G/3.86G [04:10<00:34, 11.3MB/s][A[A



[1Amodel-00001-of-00004.safetensors:  82%|████████▏ | 3.22G/3.95G [04:10<00:59, 12.1MB/s][A[A[A




[1Amodel-00003-of-00004.safetensors:  95%|█████████▌| 3.68G/3.86G [04:10<00:11, 15.8MB/s][A[A[A[A


[1Amodel-00002-of-00004.safetensors:  90%|█████████ | 3.48G/3.86G [04:10<00:34, 11.1MB/s][A[A




[1A
[1Amodel-00003-of-00004.safetensors:  95%|█████████▌| 3.68G/3.86G [04:10<00:11, 15.4MB/s][A[A[A[A



[1Amodel-00001-of-00004.safetensors:  82%|████████▏ | 3.22G/3.95G [04:11<01:05, 11.0MB/s][A[A[A




[1A
[1Amodel-00003-of-00004.safetensors:  95%|█████████▌| 3.68G/3.86G [04:10<00:11, 15.3MB/s][A[A[A[A


[1Amodel-00002-of-00004.safetensors:  90%|█████████ | 3.48G/3.86G [04:10<00:34, 11.2MB/s][A[A




[1Amodel-00003-of-00004.safetensors:  95%|█████████▌| 3.69G/3.86G [04:10<00:11, 15.5MB/s][A[A[A[A



[1A
[1Amodel-00001-of-00004.safetensors:  82%|████████▏ | 3.23G/3.95G [04:11<01:07, 10.6MB/s][A[A[A


[1Amodel-00002-of-00004.safetensors:  90%|█████████ | 3.49G/3.86G [04:11<00:33, 11.4MB/s][A[A




[1Amodel-00003-of-00004.safetensors:  95%|█████████▌| 3.69G/3.86G [04:11<00:11, 15.8MB/s][A[A[A[A



[1A
[1Amodel-00001-of-00004.safetensors:  82%|████████▏ | 3.23G/3.95G [04:11<01:07, 10.6MB/s][A[A[A


[1Amodel-00002-of-00004.safetensors:  90%|█████████ | 3.49G/3.86G [04:11<00:31, 11.9MB/s][A[A




[1A
[1Amodel-00003-of-00004.safetensors:  95%|█████████▌| 3.69G/3.86G [04:11<00:10, 16.2MB/s][A[A[A[A




[1Amodel-00003-of-00004.safetensors:  96%|█████████▌| 3.69G/3.86G [04:11<00:10, 16.5MB/s][A[A[A[A


[1A
[1Amodel-00002-of-00004.safetensors:  90%|█████████ | 3.49G/3.86G [04:11<00:30, 12.3MB/s][A[A



[1A
[1Amodel-00001-of-00004.safetensors:  82%|████████▏ | 3.23G/3.95G [04:11<01:06, 10.8MB/s][A[A[A




[1Amodel-00003-of-00004.safetensors:  96%|█████████▌| 3.69G/3.86G [04:11<00:10, 17.1MB/s][A[A[A[A


[1Amodel-00002-of-00004.safetensors:  90%|█████████ | 3.49G/3.86G [04:11<00:29, 12.7MB/s][A[A



[1Amodel-00001-of-00004.safetensors:  82%|████████▏ | 3.23G/3.95G [04:11<01:03, 11.2MB/s][A[A[A




[1Amodel-00003-of-00004.safetensors:  96%|█████████▌| 3.70G/3.86G [04:11<00:09, 17.5MB/s][A[A[A[A


[1Amodel-00002-of-00004.safetensors:  90%|█████████ | 3.49G/3.86G [04:11<00:27, 13.3MB/s][A[A




[1Amodel-00003-of-00004.safetensors:  96%|█████████▌| 3.70G/3.86G [04:11<00:09, 17.8MB/s][A[A[A[A



[1Amodel-00001-of-00004.safetensors:  82%|████████▏ | 3.23G/3.95G [04:12<01:01, 11.6MB/s][A[A[A


[1Amodel-00002-of-00004.safetensors:  90%|█████████ | 3.50G/3.86G [04:11<00:26, 13.9MB/s][A[A




[1A
[1Amodel-00003-of-00004.safetensors:  96%|█████████▌| 3.70G/3.86G [04:11<00:08, 18.3MB/s][A[A[A[A



[1Amodel-00001-of-00004.safetensors:  82%|████████▏ | 3.24G/3.95G [04:12<00:58, 12.1MB/s][A[A[A




[1A
[1Amodel-00003-of-00004.safetensors:  96%|█████████▌| 3.70G/3.86G [04:11<00:08, 18.7MB/s][A[A[A[A


[1Amodel-00002-of-00004.safetensors:  91%|█████████ | 3.50G/3.86G [04:12<00:25, 14.3MB/s][A[A




[1A
[1Amodel-00003-of-00004.safetensors:  96%|█████████▌| 3.70G/3.86G [04:11<00:08, 19.0MB/s][A[A[A[A



[1Amodel-00001-of-00004.safetensors:  82%|████████▏ | 3.24G/3.95G [04:12<00:57, 12.3MB/s][A[A[A


[1A
[1Amodel-00002-of-00004.safetensors:  91%|█████████ | 3.50G/3.86G [04:12<00:25, 14.1MB/s][A[A




[1A
[1Amodel-00003-of-00004.safetensors:  96%|█████████▌| 3.71G/3.86G [04:12<00:08, 18.5MB/s][A[A[A[A



[1Amodel-00001-of-00004.safetensors:  82%|████████▏ | 3.24G/3.95G [04:12<01:00, 11.6MB/s][A[A[A




[1Amodel-00003-of-00004.safetensors:  96%|█████████▌| 3.71G/3.86G [04:12<00:08, 19.2MB/s][A[A[A[A


[1A
[1Amodel-00002-of-00004.safetensors:  91%|█████████ | 3.50G/3.86G [04:12<00:27, 13.1MB/s][A[A




[1Amodel-00003-of-00004.safetensors:  96%|█████████▌| 3.71G/3.86G [04:12<00:07, 19.6MB/s][A[A[A[A


[1A
[1Amodel-00002-of-00004.safetensors:  91%|█████████ | 3.50G/3.86G [04:12<00:28, 12.6MB/s][A[A



[1Amodel-00001-of-00004.safetensors:  82%|████████▏ | 3.24G/3.95G [04:12<01:05, 10.7MB/s][A[A[A




[1Amodel-00003-of-00004.safetensors:  96%|█████████▌| 3.71G/3.86G [04:12<00:07, 19.4MB/s][A[A[A[A




[1Amodel-00003-of-00004.safetensors:  96%|█████████▌| 3.72G/3.86G [04:12<00:08, 18.5MB/s][A[A[A[A


[1Amodel-00002-of-00004.safetensors:  91%|█████████ | 3.51G/3.86G [04:12<00:31, 11.3MB/s][A[A



[1Amodel-00001-of-00004.safetensors:  82%|████████▏ | 3.25G/3.95G [04:13<01:11, 9.79MB/s][A[A[A




[1Amodel-00003-of-00004.safetensors:  96%|█████████▌| 3.72G/3.86G [04:12<00:08, 17.9MB/s][A[A[A[A



[1A
[1Amodel-00001-of-00004.safetensors:  82%|████████▏ | 3.25G/3.95G [04:13<01:12, 9.62MB/s][A[A[A




[1Amodel-00003-of-00004.safetensors:  96%|█████████▋| 3.72G/3.86G [04:12<00:08, 17.6MB/s][A[A[A[A


[1Amodel-00002-of-00004.safetensors:  91%|█████████ | 3.51G/3.86G [04:13<00:32, 10.9MB/s][A[A



[1Amodel-00001-of-00004.safetensors:  82%|████████▏ | 3.25G/3.95G [04:13<01:13, 9.55MB/s][A[A[A




[1A
[1Amodel-00003-of-00004.safetensors:  96%|█████████▋| 3.72G/3.86G [04:12<00:08, 17.6MB/s][A[A[A[A



[1A
[1Amodel-00001-of-00004.safetensors:  82%|████████▏ | 3.25G/3.95G [04:13<01:12, 9.59MB/s][A[A[A


[1Amodel-00002-of-00004.safetensors:  91%|█████████ | 3.51G/3.86G [04:13<00:32, 10.9MB/s][A[A




[1A
[1Amodel-00003-of-00004.safetensors:  96%|█████████▋| 3.72G/3.86G [04:13<00:07, 17.7MB/s][A[A[A[A



[1Amodel-00001-of-00004.safetensors:  82%|████████▏ | 3.25G/3.95G [04:13<01:12, 9.62MB/s][A[A[A




[1A
[1Amodel-00003-of-00004.safetensors:  96%|█████████▋| 3.73G/3.86G [04:13<00:07, 18.1MB/s][A[A[A[A


[1A
[1Amodel-00002-of-00004.safetensors:  91%|█████████ | 3.51G/3.86G [04:13<00:31, 11.1MB/s][A[A




[1Amodel-00003-of-00004.safetensors:  96%|█████████▋| 3.73G/3.86G [04:13<00:07, 18.4MB/s][A[A[A[A



[1A
[1Amodel-00001-of-00004.safetensors:  82%|████████▏ | 3.25G/3.95G [04:13<01:09, 10.0MB/s][A[A[A


[1A
[1Amodel-00002-of-00004.safetensors:  91%|█████████ | 3.51G/3.86G [04:13<00:30, 11.5MB/s][A[A




[1A
[1Amodel-00003-of-00004.safetensors:  97%|█████████▋| 3.73G/3.86G [04:13<00:07, 18.7MB/s][A[A[A[A




[1A
[1Amodel-00003-of-00004.safetensors:  97%|█████████▋| 3.73G/3.86G [04:13<00:06, 19.1MB/s][A[A[A[A



[1Amodel-00001-of-00004.safetensors:  82%|████████▏ | 3.25G/3.95G [04:13<01:06, 10.5MB/s][A[A[A


[1A
[1Amodel-00002-of-00004.safetensors:  91%|█████████ | 3.52G/3.86G [04:13<00:29, 11.9MB/s][A[A




[1A
[1Amodel-00003-of-00004.safetensors:  97%|█████████▋| 3.74G/3.86G [04:13<00:06, 19.5MB/s][A[A[A[A



[1A
[1Amodel-00001-of-00004.safetensors:  83%|████████▎ | 3.26G/3.95G [04:14<01:03, 10.9MB/s][A[A[A


[1A
[1Amodel-00002-of-00004.safetensors:  91%|█████████ | 3.52G/3.86G [04:13<00:27, 12.5MB/s][A[A




[1Amodel-00003-of-00004.safetensors:  97%|█████████▋| 3.74G/3.86G [04:13<00:06, 19.9MB/s][A[A[A[A


[1A
[1Amodel-00002-of-00004.safetensors:  91%|█████████ | 3.52G/3.86G [04:14<00:26, 12.9MB/s][A[A



[1A
[1Amodel-00001-of-00004.safetensors:  83%|████████▎ | 3.26G/3.95G [04:14<00:59, 11.5MB/s][A[A[A




[1A
[1Amodel-00003-of-00004.safetensors:  97%|█████████▋| 3.74G/3.86G [04:13<00:06, 20.3MB/s][A[A[A[A


[1Amodel-00002-of-00004.safetensors:  91%|█████████ | 3.52G/3.86G [04:14<00:25, 13.5MB/s][A[A




[1A
[1Amodel-00003-of-00004.safetensors:  97%|█████████▋| 3.74G/3.86G [04:14<00:05, 21.0MB/s][A[A[A[A



[1A
[1Amodel-00001-of-00004.safetensors:  83%|████████▎ | 3.26G/3.95G [04:14<00:58, 11.7MB/s][A[A[A




[1A
[1Amodel-00003-of-00004.safetensors:  97%|█████████▋| 3.75G/3.86G [04:14<00:06, 19.4MB/s][A[A[A[A


[1Amodel-00002-of-00004.safetensors:  91%|█████████ | 3.53G/3.86G [04:14<00:27, 12.3MB/s][A[A



[1Amodel-00001-of-00004.safetensors:  83%|████████▎ | 3.26G/3.95G [04:14<01:01, 11.2MB/s][A[A[A




[1A
[1Amodel-00003-of-00004.safetensors:  97%|█████████▋| 3.75G/3.86G [04:14<00:06, 18.5MB/s][A[A[A[A


[1A
[1Amodel-00002-of-00004.safetensors:  91%|█████████▏| 3.53G/3.86G [04:14<00:27, 12.1MB/s][A[A




[1Amodel-00003-of-00004.safetensors:  97%|█████████▋| 3.75G/3.86G [04:14<00:06, 18.0MB/s][A[A[A[A



[1A
[1Amodel-00001-of-00004.safetensors:  83%|████████▎ | 3.26G/3.95G [04:14<01:02, 10.9MB/s][A[A[A




[1A
[1Amodel-00003-of-00004.safetensors:  97%|█████████▋| 3.75G/3.86G [04:14<00:06, 17.9MB/s][A[A[A[A


[1A
[1Amodel-00002-of-00004.safetensors:  91%|█████████▏| 3.53G/3.86G [04:14<00:28, 11.8MB/s][A[A



[1Amodel-00001-of-00004.safetensors:  83%|████████▎ | 3.27G/3.95G [04:15<01:02, 10.8MB/s][A[A[A




[1A
[1Amodel-00003-of-00004.safetensors:  97%|█████████▋| 3.75G/3.86G [04:14<00:06, 17.1MB/s][A[A[A[A


[1Amodel-00002-of-00004.safetensors:  91%|█████████▏| 3.53G/3.86G [04:14<00:27, 11.9MB/s][A[A




[1Amodel-00003-of-00004.safetensors:  97%|█████████▋| 3.76G/3.86G [04:14<00:06, 17.1MB/s][A[A[A[A



[1A
[1Amodel-00001-of-00004.safetensors:  83%|████████▎ | 3.27G/3.95G [04:15<01:03, 10.7MB/s][A[A[A




[1Amodel-00003-of-00004.safetensors:  97%|█████████▋| 3.76G/3.86G [04:14<00:06, 16.3MB/s][A[A[A[A


[1Amodel-00002-of-00004.safetensors:  91%|█████████▏| 3.53G/3.86G [04:15<00:28, 11.7MB/s][A[A



[1Amodel-00001-of-00004.safetensors:  83%|████████▎ | 3.27G/3.95G [04:15<01:05, 10.2MB/s][A[A[A




[1A
[1Amodel-00003-of-00004.safetensors:  97%|█████████▋| 3.76G/3.86G [04:15<00:06, 15.4MB/s][A[A[A[A


[1Amodel-00002-of-00004.safetensors:  91%|█████████▏| 3.54G/3.86G [04:15<00:28, 11.4MB/s][A[A




[1A
[1Amodel-00003-of-00004.safetensors:  97%|█████████▋| 3.76G/3.86G [04:15<00:06, 16.6MB/s][A[A[A[A



[1Amodel-00001-of-00004.safetensors:  83%|████████▎ | 3.27G/3.95G [04:15<01:01, 11.0MB/s][A[A[A


[1Amodel-00002-of-00004.safetensors:  92%|█████████▏| 3.54G/3.86G [04:15<00:26, 12.2MB/s][A[A




[1A
[1Amodel-00003-of-00004.safetensors:  97%|█████████▋| 3.76G/3.86G [04:15<00:05, 17.6MB/s][A[A[A[A



[1A
[1Amodel-00001-of-00004.safetensors:  83%|████████▎ | 3.27G/3.95G [04:15<00:57, 11.7MB/s][A[A[A


[1A
[1Amodel-00002-of-00004.safetensors:  92%|█████████▏| 3.54G/3.86G [04:15<00:24, 13.2MB/s][A[A




[1A
[1Amodel-00003-of-00004.safetensors:  97%|█████████▋| 3.77G/3.86G [04:15<00:05, 19.0MB/s][A[A[A[A




[1A
[1Amodel-00003-of-00004.safetensors:  98%|█████████▊| 3.77G/3.86G [04:15<00:05, 18.8MB/s][A[A[A[A



[1A
[1Amodel-00001-of-00004.safetensors:  83%|████████▎ | 3.28G/3.95G [04:16<00:55, 12.1MB/s][A[A[A


[1Amodel-00002-of-00004.safetensors:  92%|█████████▏| 3.54G/3.86G [04:15<00:23, 13.6MB/s][A[A




[1Amodel-00003-of-00004.safetensors:  98%|█████████▊| 3.77G/3.86G [04:15<00:05, 16.6MB/s][A[A[A[A


[1Amodel-00002-of-00004.safetensors:  92%|█████████▏| 3.54G/3.86G [04:15<00:24, 13.0MB/s][A[A



[1A
[1Amodel-00001-of-00004.safetensors:  83%|████████▎ | 3.28G/3.95G [04:16<01:01, 10.8MB/s][A[A[A




[1A
[1Amodel-00003-of-00004.safetensors:  98%|█████████▊| 3.77G/3.86G [04:15<00:06, 14.6MB/s][A[A[A[A


[1A
[1Amodel-00002-of-00004.safetensors:  92%|█████████▏| 3.55G/3.86G [04:16<00:24, 12.8MB/s][A[A



[1Amodel-00001-of-00004.safetensors:  83%|████████▎ | 3.28G/3.95G [04:16<01:07, 9.88MB/s][A[A[A


[1Amodel-00002-of-00004.safetensors:  92%|█████████▏| 3.55G/3.86G [04:16<00:24, 12.9MB/s][A[A




[1A
[1Amodel-00003-of-00004.safetensors:  98%|█████████▊| 3.78G/3.86G [04:16<00:06, 13.8MB/s][A[A[A[A



[1A
[1Amodel-00001-of-00004.safetensors:  83%|████████▎ | 3.28G/3.95G [04:16<01:08, 9.71MB/s][A[A[A


[1A
[1Amodel-00002-of-00004.safetensors:  92%|█████████▏| 3.55G/3.86G [04:16<00:23, 13.1MB/s][A[A




[1A
[1Amodel-00003-of-00004.safetensors:  98%|█████████▊| 3.78G/3.86G [04:16<00:06, 13.5MB/s][A[A[A[A



[1A
[1Amodel-00001-of-00004.safetensors:  83%|████████▎ | 3.28G/3.95G [04:16<01:08, 9.67MB/s][A[A[A


[1A
[1Amodel-00002-of-00004.safetensors:  92%|█████████▏| 3.55G/3.86G [04:16<00:23, 13.3MB/s][A[A



[1Amodel-00001-of-00004.safetensors:  83%|████████▎ | 3.28G/3.95G [04:16<01:08, 9.68MB/s][A[A[A




[1A
[1Amodel-00003-of-00004.safetensors:  98%|█████████▊| 3.78G/3.86G [04:16<00:06, 13.6MB/s][A[A[A[A



[1A
[1Amodel-00001-of-00004.safetensors:  83%|████████▎ | 3.29G/3.95G [04:16<01:07, 9.79MB/s][A[A[A


[1A
[1Amodel-00002-of-00004.safetensors:  92%|█████████▏| 3.55G/3.86G [04:16<00:22, 13.8MB/s][A[A




[1A
[1Amodel-00003-of-00004.safetensors:  98%|█████████▊| 3.78G/3.86G [04:16<00:05, 13.8MB/s][A[A[A[A


[1A
[1Amodel-00002-of-00004.safetensors:  92%|█████████▏| 3.56G/3.86G [04:16<00:21, 14.2MB/s][A[A




[1A
[1Amodel-00003-of-00004.safetensors:  98%|█████████▊| 3.78G/3.86G [04:16<00:05, 14.2MB/s][A[A[A[A



[1A
[1Amodel-00001-of-00004.safetensors:  83%|████████▎ | 3.29G/3.95G [04:17<01:04, 10.2MB/s][A[A[A


[1Amodel-00002-of-00004.safetensors:  92%|█████████▏| 3.56G/3.86G [04:16<00:20, 14.8MB/s][A[A




[1Amodel-00003-of-00004.safetensors:  98%|█████████▊| 3.79G/3.86G [04:16<00:05, 14.5MB/s][A[A[A[A



[1A
[1Amodel-00001-of-00004.safetensors:  83%|████████▎ | 3.29G/3.95G [04:17<01:01, 10.6MB/s][A[A[A


[1Amodel-00002-of-00004.safetensors:  92%|█████████▏| 3.56G/3.86G [04:17<00:19, 15.2MB/s][A[A




[1Amodel-00003-of-00004.safetensors:  98%|█████████▊| 3.79G/3.86G [04:16<00:05, 14.9MB/s][A[A[A[A


[1Amodel-00002-of-00004.safetensors:  92%|█████████▏| 3.56G/3.86G [04:17<00:19, 15.7MB/s][A[A



[1A
[1Amodel-00001-of-00004.safetensors:  83%|████████▎ | 3.29G/3.95G [04:17<00:58, 11.2MB/s][A[A[A




[1A
[1Amodel-00003-of-00004.safetensors:  98%|█████████▊| 3.79G/3.86G [04:17<00:04, 15.4MB/s][A[A[A[A


[1Amodel-00002-of-00004.safetensors:  92%|█████████▏| 3.57G/3.86G [04:17<00:18, 16.3MB/s][A[A




[1Amodel-00003-of-00004.safetensors:  98%|█████████▊| 3.79G/3.86G [04:17<00:04, 16.0MB/s][A[A[A[A



[1Amodel-00001-of-00004.safetensors:  83%|████████▎ | 3.29G/3.95G [04:17<00:55, 11.7MB/s][A[A[A


[1A
[1Amodel-00002-of-00004.safetensors:  92%|█████████▏| 3.57G/3.86G [04:17<00:17, 16.8MB/s][A[A




[1A
[1Amodel-00003-of-00004.safetensors:  98%|█████████▊| 3.79G/3.86G [04:17<00:04, 16.5MB/s][A[A[A[A



[1A
[1Amodel-00001-of-00004.safetensors:  84%|████████▎ | 3.30G/3.95G [04:17<00:53, 12.2MB/s][A[A[A


[1A
[1Amodel-00002-of-00004.safetensors:  92%|█████████▏| 3.57G/3.86G [04:17<00:17, 17.2MB/s][A[A




[1Amodel-00003-of-00004.safetensors:  98%|█████████▊| 3.80G/3.86G [04:17<00:03, 17.1MB/s][A[A[A[A


[1A
[1Amodel-00002-of-00004.safetensors:  92%|█████████▏| 3.57G/3.86G [04:17<00:16, 17.6MB/s][A[A



[1A
[1Amodel-00001-of-00004.safetensors:  84%|████████▎ | 3.30G/3.95G [04:17<00:50, 12.8MB/s][A[A[A




[1A
[1Amodel-00003-of-00004.safetensors:  98%|█████████▊| 3.80G/3.86G [04:17<00:03, 17.5MB/s][A[A[A[A


[1A
[1Amodel-00002-of-00004.safetensors:  92%|█████████▏| 3.57G/3.86G [04:17<00:16, 18.2MB/s][A[A




[1A
[1Amodel-00003-of-00004.safetensors:  98%|█████████▊| 3.80G/3.86G [04:17<00:03, 17.1MB/s][A[A[A[A



[1A
[1Amodel-00001-of-00004.safetensors:  84%|████████▎ | 3.30G/3.95G [04:18<00:50, 12.8MB/s][A[A[A


[1A
[1Amodel-00002-of-00004.safetensors:  93%|█████████▎| 3.58G/3.86G [04:17<00:17, 17.0MB/s][A[A



[1Amodel-00001-of-00004.safetensors:  84%|████████▎ | 3.30G/3.95G [04:18<00:53, 12.0MB/s][A[A[A




[1A
[1Amodel-00003-of-00004.safetensors:  98%|█████████▊| 3.80G/3.86G [04:17<00:04, 14.0MB/s][A[A[A[A


[1Amodel-00002-of-00004.safetensors:  93%|█████████▎| 3.58G/3.86G [04:18<00:17, 16.2MB/s][A[A


[1A
[1Amodel-00002-of-00004.safetensors:  93%|█████████▎| 3.58G/3.86G [04:18<00:18, 15.7MB/s][A[A



[1A
[1Amodel-00001-of-00004.safetensors:  84%|████████▎ | 3.30G/3.95G [04:18<00:53, 11.9MB/s][A[A[A




[1A
[1Amodel-00003-of-00004.safetensors:  98%|█████████▊| 3.81G/3.86G [04:18<00:04, 12.8MB/s][A[A[A[A


[1Amodel-00002-of-00004.safetensors:  93%|█████████▎| 3.58G/3.86G [04:18<00:18, 15.6MB/s][A[A



[1A
[1Amodel-00001-of-00004.safetensors:  84%|████████▍ | 3.31G/3.95G [04:18<00:53, 11.9MB/s][A[A[A




[1Amodel-00003-of-00004.safetensors:  99%|█████████▊| 3.81G/3.86G [04:18<00:04, 12.4MB/s][A[A[A[A


[1Amodel-00002-of-00004.safetensors:  93%|█████████▎| 3.58G/3.86G [04:18<00:17, 15.8MB/s][A[A



[1Amodel-00001-of-00004.safetensors:  84%|████████▍ | 3.31G/3.95G [04:18<00:52, 12.2MB/s][A[A[A


[1Amodel-00002-of-00004.safetensors:  93%|█████████▎| 3.59G/3.86G [04:18<00:17, 16.1MB/s][A[A




[1A
[1Amodel-00003-of-00004.safetensors:  99%|█████████▊| 3.81G/3.86G [04:18<00:04, 12.4MB/s][A[A[A[A



[1Amodel-00001-of-00004.safetensors:  84%|████████▍ | 3.31G/3.95G [04:18<00:50, 12.5MB/s][A[A[A


[1A
[1Amodel-00002-of-00004.safetensors:  93%|█████████▎| 3.59G/3.86G [04:18<00:16, 16.4MB/s][A[A




[1A
[1Amodel-00003-of-00004.safetensors:  99%|█████████▊| 3.81G/3.86G [04:18<00:04, 12.6MB/s][A[A[A[A


[1Amodel-00002-of-00004.safetensors:  93%|█████████▎| 3.59G/3.86G [04:18<00:16, 16.7MB/s][A[A



[1A
[1Amodel-00001-of-00004.safetensors:  84%|████████▍ | 3.31G/3.95G [04:19<00:49, 12.9MB/s][A[A[A




[1A
[1Amodel-00003-of-00004.safetensors:  99%|█████████▊| 3.81G/3.86G [04:18<00:03, 12.9MB/s][A[A[A[A


[1A
[1Amodel-00002-of-00004.safetensors:  93%|█████████▎| 3.59G/3.86G [04:18<00:15, 17.2MB/s][A[A



[1Amodel-00001-of-00004.safetensors:  84%|████████▍ | 3.31G/3.95G [04:19<00:47, 13.3MB/s][A[A[A




[1Amodel-00003-of-00004.safetensors:  99%|█████████▊| 3.82G/3.86G [04:18<00:03, 13.3MB/s][A[A[A[A


[1A
[1Amodel-00002-of-00004.safetensors:  93%|█████████▎| 3.59G/3.86G [04:19<00:15, 17.6MB/s][A[A



[1Amodel-00001-of-00004.safetensors:  84%|████████▍ | 3.32G/3.95G [04:19<00:46, 13.5MB/s][A[A[A


[1A
[1Amodel-00002-of-00004.safetensors:  93%|█████████▎| 3.60G/3.86G [04:19<00:15, 17.2MB/s][A[A




[1A
[1Amodel-00003-of-00004.safetensors:  99%|█████████▉| 3.82G/3.86G [04:19<00:03, 12.8MB/s][A[A[A[A


[1Amodel-00002-of-00004.safetensors:  93%|█████████▎| 3.60G/3.86G [04:19<00:16, 16.0MB/s][A[A



[1A
[1Amodel-00001-of-00004.safetensors:  84%|████████▍ | 3.32G/3.95G [04:19<00:49, 12.5MB/s][A[A[A




[1A
[1Amodel-00003-of-00004.safetensors:  99%|█████████▉| 3.82G/3.86G [04:19<00:03, 12.2MB/s][A[A[A[A


[1Amodel-00002-of-00004.safetensors:  93%|█████████▎| 3.60G/3.86G [04:19<00:17, 15.3MB/s][A[A



[1A
[1Amodel-00001-of-00004.safetensors:  84%|████████▍ | 3.32G/3.95G [04:19<00:50, 12.3MB/s][A[A[A




[1A
[1Amodel-00003-of-00004.safetensors:  99%|█████████▉| 3.82G/3.86G [04:19<00:03, 12.1MB/s][A[A[A[A


[1Amodel-00002-of-00004.safetensors:  93%|█████████▎| 3.60G/3.86G [04:19<00:17, 15.3MB/s][A[A



[1A
[1Amodel-00001-of-00004.safetensors:  84%|████████▍ | 3.32G/3.95G [04:19<00:50, 12.2MB/s][A[A[A




[1Amodel-00003-of-00004.safetensors:  99%|█████████▉| 3.82G/3.86G [04:19<00:03, 12.3MB/s][A[A[A[A


[1A
[1Amodel-00002-of-00004.safetensors:  93%|█████████▎| 3.61G/3.86G [04:19<00:16, 15.3MB/s][A[A



[1A
[1Amodel-00001-of-00004.safetensors:  84%|████████▍ | 3.33G/3.95G [04:20<00:49, 12.5MB/s][A[A[A


[1A
[1Amodel-00002-of-00004.safetensors:  93%|█████████▎| 3.61G/3.86G [04:19<00:16, 15.6MB/s][A[A




[1A
[1Amodel-00003-of-00004.safetensors:  99%|█████████▉| 3.83G/3.86G [04:19<00:03, 12.6MB/s][A[A[A[A


[1A
[1Amodel-00002-of-00004.safetensors:  93%|█████████▎| 3.61G/3.86G [04:19<00:16, 15.9MB/s][A[A



[1A
[1Amodel-00001-of-00004.safetensors:  84%|████████▍ | 3.33G/3.95G [04:20<00:48, 12.8MB/s][A[A[A




[1Amodel-00003-of-00004.safetensors:  99%|█████████▉| 3.83G/3.86G [04:19<00:02, 13.0MB/s][A[A[A[A


[1A
[1Amodel-00002-of-00004.safetensors:  93%|█████████▎| 3.61G/3.86G [04:20<00:15, 16.3MB/s][A[A



[1A
[1Amodel-00001-of-00004.safetensors:  84%|████████▍ | 3.33G/3.95G [04:20<00:46, 13.2MB/s][A[A[A




[1A
[1Amodel-00003-of-00004.safetensors:  99%|█████████▉| 3.83G/3.86G [04:20<00:02, 13.5MB/s][A[A[A[A


[1A
[1Amodel-00002-of-00004.safetensors:  93%|█████████▎| 3.61G/3.86G [04:20<00:15, 16.7MB/s][A[A



[1Amodel-00001-of-00004.safetensors:  84%|████████▍ | 3.33G/3.95G [04:20<00:45, 13.6MB/s][A[A[A




[1A
[1Amodel-00003-of-00004.safetensors:  99%|█████████▉| 3.83G/3.86G [04:20<00:02, 13.4MB/s][A[A[A[A


[1Amodel-00002-of-00004.safetensors:  94%|█████████▎| 3.62G/3.86G [04:20<00:15, 16.4MB/s][A[A



[1A
[1Amodel-00001-of-00004.safetensors:  84%|████████▍ | 3.33G/3.95G [04:20<00:48, 12.7MB/s][A[A[A


[1A
[1Amodel-00002-of-00004.safetensors:  94%|█████████▎| 3.62G/3.86G [04:20<00:16, 15.2MB/s][A[A




[1A
[1Amodel-00003-of-00004.safetensors:  99%|█████████▉| 3.83G/3.86G [04:20<00:02, 11.1MB/s][A[A[A[A



[1A
[1Amodel-00001-of-00004.safetensors:  85%|████████▍ | 3.34G/3.95G [04:20<00:49, 12.3MB/s][A[A[A


[1A
[1Amodel-00002-of-00004.safetensors:  94%|█████████▎| 3.62G/3.86G [04:20<00:16, 14.8MB/s][A[A


[1A
[1Amodel-00002-of-00004.safetensors:  94%|█████████▎| 3.62G/3.86G [04:20<00:16, 14.6MB/s][A[A



[1A
[1Amodel-00001-of-00004.safetensors:  85%|████████▍ | 3.34G/3.95G [04:21<00:49, 12.2MB/s][A[A[A




[1A
[1Amodel-00003-of-00004.safetensors:  99%|█████████▉| 3.84G/3.86G [04:20<00:02, 10.5MB/s][A[A[A[A


[1A
[1Amodel-00002-of-00004.safetensors:  94%|█████████▍| 3.62G/3.86G [04:20<00:16, 14.8MB/s][A[A



[1A
[1Amodel-00001-of-00004.safetensors:  85%|████████▍ | 3.34G/3.95G [04:21<00:49, 12.4MB/s][A[A[A




[1A
[1Amodel-00003-of-00004.safetensors:  99%|█████████▉| 3.84G/3.86G [04:20<00:02, 10.3MB/s][A[A[A[A


[1A
[1Amodel-00002-of-00004.safetensors:  94%|█████████▍| 3.63G/3.86G [04:21<00:15, 15.0MB/s][A[A



[1A
[1Amodel-00001-of-00004.safetensors:  85%|████████▍ | 3.34G/3.95G [04:21<00:47, 12.6MB/s][A[A[A


[1A
[1Amodel-00002-of-00004.safetensors:  94%|█████████▍| 3.63G/3.86G [04:21<00:15, 15.3MB/s][A[A




[1Amodel-00003-of-00004.safetensors:  99%|█████████▉| 3.84G/3.86G [04:21<00:02, 10.5MB/s][A[A[A[A



[1A
[1Amodel-00001-of-00004.safetensors:  85%|████████▍ | 3.34G/3.95G [04:21<00:46, 12.9MB/s][A[A[A


[1A
[1Amodel-00002-of-00004.safetensors:  94%|█████████▍| 3.63G/3.86G [04:21<00:14, 15.7MB/s][A[A




[1A
[1Amodel-00003-of-00004.safetensors:  99%|█████████▉| 3.84G/3.86G [04:21<00:02, 10.8MB/s][A[A[A[A



[1A
[1Amodel-00001-of-00004.safetensors:  85%|████████▍ | 3.35G/3.95G [04:21<00:44, 13.4MB/s][A[A[A


[1A
[1Amodel-00002-of-00004.safetensors:  94%|█████████▍| 3.63G/3.86G [04:21<00:14, 16.0MB/s][A[A




[1A
[1Amodel-00003-of-00004.safetensors:  99%|█████████▉| 3.85G/3.86G [04:21<00:01, 11.3MB/s][A[A[A[A



[1A
[1Amodel-00001-of-00004.safetensors:  85%|████████▍ | 3.35G/3.95G [04:21<00:43, 13.8MB/s][A[A[A


[1A
[1Amodel-00002-of-00004.safetensors:  94%|█████████▍| 3.63G/3.86G [04:21<00:13, 16.5MB/s][A[A


[1A
[1Amodel-00002-of-00004.safetensors:  94%|█████████▍| 3.64G/3.86G [04:21<00:13, 17.0MB/s][A[A



[1A
[1Amodel-00001-of-00004.safetensors:  85%|████████▍ | 3.35G/3.95G [04:22<00:41, 14.2MB/s][A[A[A




[1A
[1Amodel-00003-of-00004.safetensors: 100%|█████████▉| 3.85G/3.86G [04:21<00:01, 11.0MB/s][A[A[A[A


[1A
[1Amodel-00002-of-00004.safetensors:  94%|█████████▍| 3.64G/3.86G [04:21<00:14, 15.7MB/s][A[A



[1A
[1Amodel-00001-of-00004.safetensors:  85%|████████▍ | 3.35G/3.95G [04:22<00:43, 13.7MB/s][A[A[A




[1Amodel-00003-of-00004.safetensors: 100%|█████████▉| 3.85G/3.86G [04:21<00:01, 11.8MB/s][A[A[A[A


[1Amodel-00002-of-00004.safetensors:  94%|█████████▍| 3.64G/3.86G [04:21<00:13, 16.8MB/s][A[A



[1Amodel-00001-of-00004.safetensors:  85%|████████▌ | 3.35G/3.95G [04:22<00:40, 14.6MB/s][A[A[A


[1A
[1Amodel-00002-of-00004.safetensors:  94%|█████████▍| 3.64G/3.86G [04:22<00:12, 17.7MB/s][A[A




[1A
[1Amodel-00003-of-00004.safetensors: 100%|█████████▉| 3.85G/3.86G [04:21<00:01, 12.5MB/s][A[A[A[A



[1A
[1Amodel-00001-of-00004.safetensors:  85%|████████▌ | 3.36G/3.95G [04:22<00:38, 15.3MB/s][A[A[A


[1Amodel-00002-of-00004.safetensors:  94%|█████████▍| 3.64G/3.86G [04:22<00:12, 18.3MB/s][A[A




[1A
[1Amodel-00003-of-00004.safetensors: 100%|█████████▉| 3.85G/3.86G [04:22<00:00, 13.2MB/s][A[A[A[A



[1A
[1Amodel-00001-of-00004.safetensors:  85%|████████▌ | 3.36G/3.95G [04:22<00:39, 14.9MB/s][A[A[A


[1A
[1Amodel-00002-of-00004.safetensors:  94%|█████████▍| 3.65G/3.86G [04:22<00:13, 16.7MB/s][A[A




[1A
[1Amodel-00003-of-00004.safetensors: 100%|█████████▉| 3.86G/3.86G [04:22<00:00, 13.8MB/s][A[A[A[A



[1A
[1Amodel-00001-of-00004.safetensors:  85%|████████▌ | 3.36G/3.95G [04:22<00:41, 14.1MB/s][A[A[A


[1A
[1Amodel-00002-of-00004.safetensors:  94%|█████████▍| 3.65G/3.86G [04:22<00:14, 14.6MB/s][A[A




[1A
[1Amodel-00003-of-00004.safetensors: 100%|█████████▉| 3.86G/3.86G [04:22<00:00, 13.2MB/s][A[A[A[A



[1Amodel-00001-of-00004.safetensors:  85%|████████▌ | 3.36G/3.95G [04:22<00:42, 13.8MB/s][A[A[A




[1Amodel-00003-of-00004.safetensors: 100%|█████████▉| 3.86G/3.86G [04:22<00:00, 12.9MB/s][A[A[A[A


[1A
[1Amodel-00002-of-00004.safetensors:  94%|█████████▍| 3.65G/3.86G [04:22<00:16, 13.3MB/s][A[A



[1A
[1Amodel-00001-of-00004.safetensors:  85%|████████▌ | 3.36G/3.95G [04:23<00:42, 13.7MB/s][A[A[A




[1Amodel-00003-of-00004.safetensors: 100%|█████████▉| 3.86G/3.86G [04:22<00:00, 12.9MB/s][A[A[A[A


[1A
[1Amodel-00002-of-00004.safetensors:  95%|█████████▍| 3.65G/3.86G [04:22<00:16, 12.8MB/s][A[A



[1A
[1Amodel-00001-of-00004.safetensors:  85%|████████▌ | 3.37G/3.95G [04:23<00:41, 14.0MB/s][A[A[A




[1A
[1Amodel-00003-of-00004.safetensors: 100%|█████████▉| 3.86G/3.86G [04:22<00:00, 13.0MB/s][A[A[A[A


[1A
[1Amodel-00002-of-00004.safetensors:  95%|█████████▍| 3.66G/3.86G [04:23<00:16, 12.7MB/s][A[A



[1A
[1Amodel-00001-of-00004.safetensors:  85%|████████▌ | 3.37G/3.95G [04:23<00:40, 14.1MB/s][A[A[A




[1A                                                                                      [A[A[A[A



[1A
[1Amodel-00001-of-00004.safetensors:  85%|████████▌ | 3.37G/3.95G [04:23<00:39, 14.5MB/s][A[A[A


[1A
[1Amodel-00002-of-00004.safetensors:  95%|█████████▍| 3.66G/3.86G [04:23<00:16, 12.7MB/s][A[A



[1A
[1Amodel-00001-of-00004.safetensors:  85%|████████▌ | 3.37G/3.95G [04:23<00:38, 14.9MB/s][A[A[A


[1A
[1Amodel-00002-of-00004.safetensors:  95%|█████████▍| 3.66G/3.86G [04:23<00:15, 13.0MB/s][A[A



[1A
[1Amodel-00001-of-00004.safetensors:  86%|████████▌ | 3.38G/3.95G [04:23<00:37, 15.4MB/s][A[A[A


[1Amodel-00002-of-00004.safetensors:  95%|█████████▍| 3.66G/3.86G [04:23<00:15, 13.4MB/s][A[A



[1Amodel-00001-of-00004.safetensors:  86%|████████▌ | 3.38G/3.95G [04:23<00:36, 15.7MB/s][A[A[A


[1A
[1Amodel-00002-of-00004.safetensors:  95%|█████████▍| 3.66G/3.86G [04:23<00:14, 13.8MB/s][A[A



[1A
[1Amodel-00001-of-00004.safetensors:  86%|████████▌ | 3.38G/3.95G [04:24<00:34, 16.2MB/s][A[A[A


[1A
[1Amodel-00002-of-00004.safetensors:  95%|█████████▍| 3.67G/3.86G [04:23<00:13, 14.2MB/s][A[A



[1A
[1Amodel-00001-of-00004.safetensors:  86%|████████▌ | 3.38G/3.95G [04:24<00:33, 16.8MB/s][A[A[A


[1A
[1Amodel-00002-of-00004.safetensors:  95%|█████████▍| 3.67G/3.86G [04:23<00:13, 14.8MB/s][A[A



[1A
[1Amodel-00001-of-00004.safetensors:  86%|████████▌ | 3.38G/3.95G [04:24<00:32, 17.2MB/s][A[A[A



[1Amodel-00001-of-00004.safetensors:  86%|████████▌ | 3.39G/3.95G [04:24<00:31, 17.7MB/s][A[A[A


[1A
[1Amodel-00002-of-00004.safetensors:  95%|█████████▍| 3.67G/3.86G [04:24<00:12, 15.3MB/s][A[A



[1Amodel-00001-of-00004.safetensors:  86%|████████▌ | 3.39G/3.95G [04:24<00:30, 18.2MB/s][A[A[A


[1A
[1Amodel-00002-of-00004.safetensors:  95%|█████████▌| 3.67G/3.86G [04:24<00:12, 15.8MB/s][A[A



[1Amodel-00001-of-00004.safetensors:  86%|████████▌ | 3.39G/3.95G [04:24<00:30, 18.3MB/s][A[A[A


[1A
[1Amodel-00002-of-00004.safetensors:  95%|█████████▌| 3.67G/3.86G [04:24<00:11, 16.4MB/s][A[A



[1Amodel-00001-of-00004.safetensors:  86%|████████▌ | 3.39G/3.95G [04:24<00:29, 19.0MB/s][A[A[A


[1A
[1Amodel-00002-of-00004.safetensors:  95%|█████████▌| 3.68G/3.86G [04:24<00:11, 16.9MB/s][A[A



[1A
[1Amodel-00001-of-00004.safetensors:  86%|████████▌ | 3.39G/3.95G [04:24<00:28, 19.2MB/s][A[A[A


[1A
[1Amodel-00002-of-00004.safetensors:  95%|█████████▌| 3.68G/3.86G [04:24<00:10, 17.3MB/s][A[A



[1A
[1Amodel-00001-of-00004.safetensors:  86%|████████▌ | 3.40G/3.95G [04:24<00:27, 19.7MB/s][A[A[A


[1A
[1Amodel-00002-of-00004.safetensors:  95%|█████████▌| 3.68G/3.86G [04:24<00:10, 17.6MB/s][A[A



[1A
[1Amodel-00001-of-00004.safetensors:  86%|████████▌ | 3.40G/3.95G [04:25<00:26, 20.3MB/s][A[A[A


[1Amodel-00002-of-00004.safetensors:  95%|█████████▌| 3.68G/3.86G [04:24<00:09, 18.3MB/s][A[A


[1A
[1Amodel-00002-of-00004.safetensors:  95%|█████████▌| 3.68G/3.86G [04:24<00:09, 18.8MB/s][A[A



[1A
[1Amodel-00001-of-00004.safetensors:  86%|████████▌ | 3.40G/3.95G [04:25<00:25, 20.9MB/s][A[A[A


[1A
[1Amodel-00002-of-00004.safetensors:  95%|█████████▌| 3.69G/3.86G [04:24<00:09, 19.3MB/s][A[A



[1Amodel-00001-of-00004.safetensors:  86%|████████▋ | 3.41G/3.95G [04:25<00:25, 21.4MB/s][A[A[A


[1A
[1Amodel-00002-of-00004.safetensors:  95%|█████████▌| 3.69G/3.86G [04:25<00:08, 19.7MB/s][A[A



[1Amodel-00001-of-00004.safetensors:  86%|████████▋ | 3.41G/3.95G [04:25<00:24, 21.8MB/s][A[A[A


[1A
[1Amodel-00002-of-00004.safetensors:  96%|█████████▌| 3.69G/3.86G [04:25<00:08, 20.4MB/s][A[A



[1A
[1Amodel-00001-of-00004.safetensors:  86%|████████▋ | 3.41G/3.95G [04:25<00:23, 22.4MB/s][A[A[A


[1Amodel-00002-of-00004.safetensors:  96%|█████████▌| 3.70G/3.86G [04:25<00:08, 21.0MB/s][A[A



[1A
[1Amodel-00001-of-00004.safetensors:  87%|████████▋ | 3.42G/3.95G [04:25<00:23, 22.9MB/s][A[A[A


[1Amodel-00002-of-00004.safetensors:  96%|█████████▌| 3.70G/3.86G [04:25<00:07, 21.5MB/s][A[A



[1A
[1Amodel-00001-of-00004.safetensors:  87%|████████▋ | 3.42G/3.95G [04:25<00:22, 23.4MB/s][A[A[A


[1A
[1Amodel-00002-of-00004.safetensors:  96%|█████████▌| 3.70G/3.86G [04:25<00:07, 21.9MB/s][A[A



[1A
[1Amodel-00001-of-00004.safetensors:  87%|████████▋ | 3.42G/3.95G [04:25<00:22, 23.8MB/s][A[A[A


[1A
[1Amodel-00002-of-00004.safetensors:  96%|█████████▌| 3.70G/3.86G [04:25<00:07, 22.5MB/s][A[A



[1Amodel-00001-of-00004.safetensors:  87%|████████▋ | 3.42G/3.95G [04:26<00:21, 24.3MB/s][A[A[A


[1A
[1Amodel-00002-of-00004.safetensors:  96%|█████████▌| 3.71G/3.86G [04:25<00:06, 23.0MB/s][A[A



[1A
[1Amodel-00001-of-00004.safetensors:  87%|████████▋ | 3.43G/3.95G [04:26<00:20, 24.8MB/s][A[A[A


[1A
[1Amodel-00002-of-00004.safetensors:  96%|█████████▌| 3.71G/3.86G [04:25<00:06, 23.7MB/s][A[A



[1Amodel-00001-of-00004.safetensors:  87%|████████▋ | 3.43G/3.95G [04:26<00:20, 25.4MB/s][A[A[A


[1A
[1Amodel-00002-of-00004.safetensors:  96%|█████████▌| 3.71G/3.86G [04:26<00:06, 22.0MB/s][A[A



[1Amodel-00001-of-00004.safetensors:  87%|████████▋ | 3.43G/3.95G [04:26<00:21, 23.7MB/s][A[A[A


[1Amodel-00002-of-00004.safetensors:  96%|█████████▌| 3.72G/3.86G [04:26<00:06, 23.2MB/s][A[A



[1A
[1Amodel-00001-of-00004.safetensors:  87%|████████▋ | 3.44G/3.95G [04:26<00:20, 24.3MB/s][A[A[A



[1A
[1Amodel-00001-of-00004.safetensors:  87%|████████▋ | 3.44G/3.95G [04:26<00:19, 25.5MB/s][A[A[A


[1Amodel-00002-of-00004.safetensors:  96%|█████████▋| 3.72G/3.86G [04:26<00:06, 24.0MB/s][A[A



[1Amodel-00001-of-00004.safetensors:  87%|████████▋ | 3.44G/3.95G [04:26<00:19, 26.4MB/s][A[A[A


[1A
[1Amodel-00002-of-00004.safetensors:  96%|█████████▋| 3.72G/3.86G [04:26<00:05, 24.8MB/s][A[A


[1A
[1Amodel-00002-of-00004.safetensors:  96%|█████████▋| 3.73G/3.86G [04:26<00:05, 23.8MB/s][A[A



[1Amodel-00001-of-00004.safetensors:  87%|████████▋ | 3.45G/3.95G [04:26<00:20, 24.1MB/s][A[A[A


[1A
[1Amodel-00002-of-00004.safetensors:  97%|█████████▋| 3.73G/3.86G [04:26<00:06, 20.1MB/s][A[A



[1Amodel-00001-of-00004.safetensors:  87%|████████▋ | 3.45G/3.95G [04:27<00:24, 20.3MB/s][A[A[A
[1ADownloading:  87%|████████▋ | 13/15 [04:29<01:50, 55.39s/file]



[1A
[1Amodel-00001-of-00004.safetensors:  88%|████████▊ | 3.45G/3.95G [04:27<00:23, 20.7MB/s][A[A[A


[1A
[1Amodel-00002-of-00004.safetensors:  97%|█████████▋| 3.73G/3.86G [04:27<00:06, 19.7MB/s][A[A



[1Amodel-00001-of-00004.safetensors:  88%|████████▊ | 3.46G/3.95G [04:27<00:23, 20.8MB/s][A[A[A


[1Amodel-00002-of-00004.safetensors:  97%|█████████▋| 3.74G/3.86G [04:27<00:06, 20.0MB/s][A[A


[1A
[1Amodel-00002-of-00004.safetensors:  97%|█████████▋| 3.74G/3.86G [04:27<00:06, 20.1MB/s][A[A



[1Amodel-00001-of-00004.safetensors:  88%|████████▊ | 3.46G/3.95G [04:27<00:22, 21.2MB/s][A[A[A


[1Amodel-00002-of-00004.safetensors:  97%|█████████▋| 3.74G/3.86G [04:27<00:06, 20.1MB/s][A[A



[1Amodel-00001-of-00004.safetensors:  88%|████████▊ | 3.46G/3.95G [04:27<00:22, 21.3MB/s][A[A[A


[1A
[1Amodel-00002-of-00004.safetensors:  97%|█████████▋| 3.74G/3.86G [04:27<00:06, 20.3MB/s][A[A



[1A
[1Amodel-00001-of-00004.safetensors:  88%|████████▊ | 3.47G/3.95G [04:27<00:22, 21.6MB/s][A[A[A


[1A
[1Amodel-00002-of-00004.safetensors:  97%|█████████▋| 3.74G/3.86G [04:27<00:05, 20.4MB/s][A[A



[1A
[1Amodel-00001-of-00004.safetensors:  88%|████████▊ | 3.47G/3.95G [04:28<00:22, 21.6MB/s][A[A[A


[1A
[1Amodel-00002-of-00004.safetensors:  97%|█████████▋| 3.75G/3.86G [04:27<00:05, 20.6MB/s][A[A



[1A
[1Amodel-00001-of-00004.safetensors:  88%|████████▊ | 3.47G/3.95G [04:28<00:21, 22.1MB/s][A[A[A


[1Amodel-00002-of-00004.safetensors:  97%|█████████▋| 3.75G/3.86G [04:27<00:05, 21.1MB/s][A[A



[1A
[1Amodel-00001-of-00004.safetensors:  88%|████████▊ | 3.47G/3.95G [04:28<00:20, 22.6MB/s][A[A[A


[1Amodel-00002-of-00004.safetensors:  97%|█████████▋| 3.75G/3.86G [04:28<00:05, 21.9MB/s][A[A



[1A
[1Amodel-00001-of-00004.safetensors:  88%|████████▊ | 3.48G/3.95G [04:28<00:20, 23.3MB/s][A[A[A


[1Amodel-00002-of-00004.safetensors:  97%|█████████▋| 3.76G/3.86G [04:28<00:05, 21.5MB/s][A[A



[1A
[1Amodel-00001-of-00004.safetensors:  88%|████████▊ | 3.48G/3.95G [04:28<00:20, 22.3MB/s][A[A[A


[1A
[1Amodel-00002-of-00004.safetensors:  97%|█████████▋| 3.76G/3.86G [04:28<00:06, 17.0MB/s][A[A



[1Amodel-00001-of-00004.safetensors:  88%|████████▊ | 3.48G/3.95G [04:28<00:22, 20.6MB/s][A[A[A


[1A
[1Amodel-00002-of-00004.safetensors:  97%|█████████▋| 3.76G/3.86G [04:28<00:06, 15.5MB/s][A[A



[1Amodel-00001-of-00004.safetensors:  88%|████████▊ | 3.49G/3.95G [04:28<00:23, 19.8MB/s][A[A[A



[1Amodel-00001-of-00004.safetensors:  88%|████████▊ | 3.49G/3.95G [04:29<00:23, 19.5MB/s][A[A[A


[1Amodel-00002-of-00004.safetensors:  97%|█████████▋| 3.76G/3.86G [04:28<00:06, 14.8MB/s][A[A



[1Amodel-00001-of-00004.safetensors:  89%|████████▊ | 3.49G/3.95G [04:29<00:23, 19.3MB/s][A[A[A


[1A
[1Amodel-00002-of-00004.safetensors:  97%|█████████▋| 3.77G/3.86G [04:28<00:06, 14.5MB/s][A[A



[1A
[1Amodel-00001-of-00004.safetensors:  89%|████████▊ | 3.49G/3.95G [04:29<00:22, 19.7MB/s][A[A[A


[1Amodel-00002-of-00004.safetensors:  98%|█████████▊| 3.77G/3.86G [04:29<00:06, 14.8MB/s][A[A



[1A
[1Amodel-00001-of-00004.safetensors:  89%|████████▊ | 3.50G/3.95G [04:29<00:22, 20.1MB/s][A[A[A


[1A
[1Amodel-00002-of-00004.safetensors:  98%|█████████▊| 3.77G/3.86G [04:29<00:06, 14.7MB/s][A[A



[1A
[1Amodel-00001-of-00004.safetensors:  89%|████████▊ | 3.50G/3.95G [04:29<00:21, 20.2MB/s][A[A[A


[1A
[1Amodel-00002-of-00004.safetensors:  98%|█████████▊| 3.77G/3.86G [04:29<00:06, 14.9MB/s][A[A



[1A
[1Amodel-00001-of-00004.safetensors:  89%|████████▉ | 3.50G/3.95G [04:29<00:21, 20.7MB/s][A[A[A


[1Amodel-00002-of-00004.safetensors:  98%|█████████▊| 3.77G/3.86G [04:29<00:06, 14.7MB/s][A[A



[1Amodel-00001-of-00004.safetensors:  89%|████████▉ | 3.51G/3.95G [04:29<00:20, 21.3MB/s][A[A[A


[1A
[1Amodel-00002-of-00004.safetensors:  98%|█████████▊| 3.78G/3.86G [04:29<00:05, 15.4MB/s][A[A


[1Amodel-00002-of-00004.safetensors:  98%|█████████▊| 3.78G/3.86G [04:29<00:05, 16.1MB/s][A[A



[1Amodel-00001-of-00004.safetensors:  89%|████████▉ | 3.51G/3.95G [04:30<00:20, 21.6MB/s][A[A[A


[1A
[1Amodel-00002-of-00004.safetensors:  98%|█████████▊| 3.78G/3.86G [04:29<00:05, 16.6MB/s][A[A



[1A
[1Amodel-00001-of-00004.safetensors:  89%|████████▉ | 3.51G/3.95G [04:30<00:19, 21.9MB/s][A[A[A


[1Amodel-00002-of-00004.safetensors:  98%|█████████▊| 3.78G/3.86G [04:29<00:05, 15.4MB/s][A[A



[1A
[1Amodel-00001-of-00004.safetensors:  89%|████████▉ | 3.52G/3.95G [04:30<00:21, 20.4MB/s][A[A[A


[1Amodel-00002-of-00004.safetensors:  98%|█████████▊| 3.79G/3.86G [04:30<00:04, 16.2MB/s][A[A



[1A
[1Amodel-00001-of-00004.safetensors:  89%|████████▉ | 3.52G/3.95G [04:30<00:19, 21.4MB/s][A[A[A


[1A
[1Amodel-00002-of-00004.safetensors:  98%|█████████▊| 3.79G/3.86G [04:30<00:04, 16.9MB/s][A[A



[1A
[1Amodel-00001-of-00004.safetensors:  89%|████████▉ | 3.52G/3.95G [04:30<00:18, 22.4MB/s][A[A[A


[1A
[1Amodel-00002-of-00004.safetensors:  98%|█████████▊| 3.79G/3.86G [04:30<00:04, 17.7MB/s][A[A



[1Amodel-00001-of-00004.safetensors:  89%|████████▉ | 3.53G/3.95G [04:30<00:18, 22.6MB/s][A[A[A


[1A
[1Amodel-00002-of-00004.safetensors:  98%|█████████▊| 3.79G/3.86G [04:30<00:03, 18.3MB/s][A[A



[1A
[1Amodel-00001-of-00004.safetensors:  89%|████████▉ | 3.53G/3.95G [04:30<00:17, 23.2MB/s][A[A[A


[1A
[1Amodel-00002-of-00004.safetensors:  98%|█████████▊| 3.79G/3.86G [04:30<00:03, 18.5MB/s][A[A



[1A
[1Amodel-00001-of-00004.safetensors:  90%|████████▉ | 3.53G/3.95G [04:31<00:17, 23.8MB/s][A[A[A


[1A
[1Amodel-00002-of-00004.safetensors:  98%|█████████▊| 3.80G/3.86G [04:30<00:03, 19.7MB/s][A[A



[1A
[1Amodel-00001-of-00004.safetensors:  90%|████████▉ | 3.54G/3.95G [04:31<00:17, 23.8MB/s][A[A[A


[1A
[1Amodel-00002-of-00004.safetensors:  98%|█████████▊| 3.80G/3.86G [04:30<00:03, 20.7MB/s][A[A



[1A
[1Amodel-00001-of-00004.safetensors:  90%|████████▉ | 3.54G/3.95G [04:31<00:15, 25.6MB/s][A[A[A


[1A
[1Amodel-00002-of-00004.safetensors:  98%|█████████▊| 3.80G/3.86G [04:31<00:02, 21.4MB/s][A[A



[1A
[1Amodel-00001-of-00004.safetensors:  90%|████████▉ | 3.54G/3.95G [04:31<00:15, 26.3MB/s][A[A[A



[1Amodel-00001-of-00004.safetensors:  90%|████████▉ | 3.55G/3.95G [04:31<00:14, 26.9MB/s][A[A[A


[1A
[1Amodel-00002-of-00004.safetensors:  99%|█████████▊| 3.81G/3.86G [04:31<00:02, 21.9MB/s][A[A



[1A
[1Amodel-00001-of-00004.safetensors:  90%|████████▉ | 3.55G/3.95G [04:31<00:14, 27.4MB/s][A[A[A


[1A
[1Amodel-00002-of-00004.safetensors:  99%|█████████▊| 3.81G/3.86G [04:31<00:02, 22.3MB/s][A[A



[1Amodel-00001-of-00004.safetensors:  90%|█████████ | 3.55G/3.95G [04:31<00:14, 27.9MB/s][A[A[A


[1Amodel-00002-of-00004.safetensors:  99%|█████████▊| 3.81G/3.86G [04:31<00:02, 23.1MB/s][A[A



[1Amodel-00001-of-00004.safetensors:  90%|█████████ | 3.55G/3.95G [04:31<00:13, 28.3MB/s][A[A[A


[1Amodel-00002-of-00004.safetensors:  99%|█████████▉| 3.82G/3.86G [04:31<00:02, 23.6MB/s][A[A



[1A
[1Amodel-00001-of-00004.safetensors:  90%|█████████ | 3.56G/3.95G [04:31<00:14, 27.3MB/s][A[A[A



[1A
[1Amodel-00001-of-00004.safetensors:  90%|█████████ | 3.56G/3.95G [04:32<00:15, 25.2MB/s][A[A[A


[1Amodel-00002-of-00004.safetensors:  99%|█████████▉| 3.82G/3.86G [04:31<00:02, 19.3MB/s][A[A



[1A
[1Amodel-00001-of-00004.safetensors:  90%|█████████ | 3.56G/3.95G [04:32<00:15, 24.0MB/s][A[A[A


[1Amodel-00002-of-00004.safetensors:  99%|█████████▉| 3.82G/3.86G [04:31<00:02, 17.6MB/s][A[A



[1A
[1Amodel-00001-of-00004.safetensors:  90%|█████████ | 3.57G/3.95G [04:32<00:15, 23.7MB/s][A[A[A


[1Amodel-00002-of-00004.safetensors:  99%|█████████▉| 3.82G/3.86G [04:32<00:02, 16.5MB/s][A[A



[1Amodel-00001-of-00004.safetensors:  90%|█████████ | 3.57G/3.95G [04:32<00:15, 23.5MB/s][A[A[A


[1A
[1Amodel-00002-of-00004.safetensors:  99%|█████████▉| 3.83G/3.86G [04:32<00:02, 16.0MB/s][A[A



[1A
[1Amodel-00001-of-00004.safetensors:  91%|█████████ | 3.57G/3.95G [04:32<00:15, 23.6MB/s][A[A[A


[1A
[1Amodel-00002-of-00004.safetensors:  99%|█████████▉| 3.83G/3.86G [04:32<00:02, 15.7MB/s][A[A



[1Amodel-00001-of-00004.safetensors:  91%|█████████ | 3.58G/3.95G [04:32<00:15, 23.8MB/s][A[A[A


[1Amodel-00002-of-00004.safetensors:  99%|█████████▉| 3.83G/3.86G [04:32<00:02, 15.6MB/s][A[A



[1Amodel-00001-of-00004.safetensors:  91%|█████████ | 3.58G/3.95G [04:32<00:15, 24.0MB/s][A[A[A


[1Amodel-00002-of-00004.safetensors:  99%|█████████▉| 3.83G/3.86G [04:32<00:02, 15.8MB/s][A[A



[1A
[1Amodel-00001-of-00004.safetensors:  91%|█████████ | 3.58G/3.95G [04:33<00:15, 24.1MB/s][A[A[A


[1A
[1Amodel-00002-of-00004.safetensors:  99%|█████████▉| 3.83G/3.86G [04:32<00:01, 16.2MB/s][A[A



[1A
[1Amodel-00001-of-00004.safetensors:  91%|█████████ | 3.59G/3.95G [04:33<00:14, 24.5MB/s][A[A[A


[1Amodel-00002-of-00004.safetensors:  99%|█████████▉| 3.84G/3.86G [04:32<00:01, 16.4MB/s][A[A



[1A
[1Amodel-00001-of-00004.safetensors:  91%|█████████ | 3.59G/3.95G [04:33<00:14, 25.0MB/s][A[A[A


[1Amodel-00002-of-00004.safetensors:  99%|█████████▉| 3.84G/3.86G [04:32<00:01, 16.8MB/s][A[A



[1Amodel-00001-of-00004.safetensors:  91%|█████████ | 3.59G/3.95G [04:33<00:13, 25.4MB/s][A[A[A


[1Amodel-00002-of-00004.safetensors:  99%|█████████▉| 3.84G/3.86G [04:33<00:01, 17.2MB/s][A[A



[1Amodel-00001-of-00004.safetensors:  91%|█████████ | 3.60G/3.95G [04:33<00:13, 25.7MB/s][A[A[A


[1Amodel-00002-of-00004.safetensors:  99%|█████████▉| 3.84G/3.86G [04:33<00:01, 17.6MB/s][A[A



[1A
[1Amodel-00001-of-00004.safetensors:  91%|█████████ | 3.60G/3.95G [04:33<00:13, 26.1MB/s][A[A[A


[1Amodel-00002-of-00004.safetensors:  99%|█████████▉| 3.85G/3.86G [04:33<00:01, 18.1MB/s][A[A



[1Amodel-00001-of-00004.safetensors:  91%|█████████▏| 3.60G/3.95G [04:33<00:12, 26.6MB/s][A[A[A


[1Amodel-00002-of-00004.safetensors: 100%|█████████▉| 3.85G/3.86G [04:33<00:00, 18.5MB/s][A[A



[1Amodel-00001-of-00004.safetensors:  91%|█████████▏| 3.61G/3.95G [04:33<00:12, 27.1MB/s][A[A[A


[1A
[1Amodel-00002-of-00004.safetensors: 100%|█████████▉| 3.85G/3.86G [04:33<00:00, 19.0MB/s][A[A



[1Amodel-00001-of-00004.safetensors:  91%|█████████▏| 3.61G/3.95G [04:33<00:12, 26.1MB/s][A[A[A


[1Amodel-00002-of-00004.safetensors: 100%|█████████▉| 3.85G/3.86G [04:33<00:00, 17.3MB/s][A[A



[1A
[1Amodel-00001-of-00004.safetensors:  92%|█████████▏| 3.61G/3.95G [04:34<00:13, 24.1MB/s][A[A[A


[1A
[1Amodel-00002-of-00004.safetensors: 100%|█████████▉| 3.85G/3.86G [04:33<00:00, 16.6MB/s][A[A



[1A
[1Amodel-00001-of-00004.safetensors:  92%|█████████▏| 3.61G/3.95G [04:34<00:14, 23.1MB/s][A[A[A


[1A
[1Amodel-00002-of-00004.safetensors: 100%|█████████▉| 3.86G/3.86G [04:33<00:00, 16.2MB/s][A[A



[1A
[1Amodel-00001-of-00004.safetensors:  92%|█████████▏| 3.62G/3.95G [04:34<00:14, 22.5MB/s][A[A[A


[1A
[1Amodel-00002-of-00004.safetensors: 100%|█████████▉| 3.86G/3.86G [04:34<00:00, 16.1MB/s][A[A


[1A
[1Amodel-00002-of-00004.safetensors: 100%|█████████▉| 3.86G/3.86G [04:34<00:00, 16.4MB/s][A[A



[1Amodel-00001-of-00004.safetensors:  92%|█████████▏| 3.62G/3.95G [04:34<00:14, 22.3MB/s][A[A[A


[1Amodel-00002-of-00004.safetensors: 100%|█████████▉| 3.86G/3.86G [04:34<00:00, 16.4MB/s][A[A



[1Amodel-00001-of-00004.safetensors:  92%|█████████▏| 3.62G/3.95G [04:34<00:14, 22.4MB/s][A[A[A


[1Amodel-00002-of-00004.safetensors: 100%|█████████▉| 3.86G/3.86G [04:34<00:00, 16.7MB/s][A[A


[1A                                                                                      [A[A



[1A
[1Amodel-00001-of-00004.safetensors:  92%|█████████▏| 3.63G/3.95G [04:34<00:14, 22.5MB/s][A[A[A



[1A
[1Amodel-00001-of-00004.safetensors:  92%|█████████▏| 3.63G/3.95G [04:34<00:13, 23.0MB/s][A[A[A



[1Amodel-00001-of-00004.safetensors:  92%|█████████▏| 3.63G/3.95G [04:35<00:13, 23.3MB/s][A[A[A



[1A
[1Amodel-00001-of-00004.safetensors:  92%|█████████▏| 3.64G/3.95G [04:35<00:13, 23.7MB/s][A[A[A



[1A
[1Amodel-00001-of-00004.safetensors:  92%|█████████▏| 3.64G/3.95G [04:35<00:12, 24.0MB/s][A[A[A



[1Amodel-00001-of-00004.safetensors:  92%|█████████▏| 3.64G/3.95G [04:35<00:12, 24.6MB/s][A[A[A



[1A
[1Amodel-00001-of-00004.safetensors:  92%|█████████▏| 3.65G/3.95G [04:35<00:12, 24.8MB/s][A[A[A



[1A
[1Amodel-00001-of-00004.safetensors:  92%|█████████▏| 3.65G/3.95G [04:35<00:11, 25.2MB/s][A[A[A



[1A
[1Amodel-00001-of-00004.safetensors:  93%|█████████▎| 3.65G/3.95G [04:35<00:11, 25.7MB/s][A[A[A



[1Amodel-00001-of-00004.safetensors:  93%|█████████▎| 3.66G/3.95G [04:35<00:11, 26.1MB/s][A[A[A



[1Amodel-00001-of-00004.safetensors:  93%|█████████▎| 3.66G/3.95G [04:36<00:10, 26.6MB/s][A[A[A



[1A
[1Amodel-00001-of-00004.safetensors:  93%|█████████▎| 3.66G/3.95G [04:36<00:10, 27.2MB/s][A[A[A



[1Amodel-00001-of-00004.safetensors:  93%|█████████▎| 3.66G/3.95G [04:36<00:10, 27.7MB/s][A[A[A



[1A
[1Amodel-00001-of-00004.safetensors:  93%|█████████▎| 3.67G/3.95G [04:36<00:09, 28.1MB/s][A[A[A



[1A
[1Amodel-00001-of-00004.safetensors:  93%|█████████▎| 3.67G/3.95G [04:36<00:09, 28.5MB/s][A[A[A



[1A
[1Amodel-00001-of-00004.safetensors:  93%|█████████▎| 3.67G/3.95G [04:36<00:09, 28.8MB/s][A[A[A



[1A
[1Amodel-00001-of-00004.safetensors:  93%|█████████▎| 3.68G/3.95G [04:36<00:09, 29.2MB/s][A[A[A



[1A
[1Amodel-00001-of-00004.safetensors:  93%|█████████▎| 3.68G/3.95G [04:36<00:08, 29.8MB/s][A[A[A



[1Amodel-00001-of-00004.safetensors:  93%|█████████▎| 3.68G/3.95G [04:36<00:08, 30.3MB/s][A[A[A



[1A
[1Amodel-00001-of-00004.safetensors:  93%|█████████▎| 3.69G/3.95G [04:37<00:10, 24.0MB/s][A[A[A



[1Amodel-00001-of-00004.safetensors:  94%|█████████▎| 3.69G/3.95G [04:37<00:09, 25.7MB/s][A[A[A



[1A
[1Amodel-00001-of-00004.safetensors:  94%|█████████▎| 3.69G/3.95G [04:37<00:09, 26.9MB/s][A[A[A



[1Amodel-00001-of-00004.safetensors:  94%|█████████▎| 3.70G/3.95G [04:37<00:08, 28.9MB/s][A[A[A



[1Amodel-00001-of-00004.safetensors:  94%|█████████▍| 3.70G/3.95G [04:37<00:08, 30.0MB/s][A[A[A



[1A
[1Amodel-00001-of-00004.safetensors:  94%|█████████▍| 3.71G/3.95G [04:37<00:07, 30.8MB/s][A[A[A



[1A
[1Amodel-00001-of-00004.safetensors:  94%|█████████▍| 3.71G/3.95G [04:37<00:07, 31.6MB/s][A[A[A



[1A
[1Amodel-00001-of-00004.safetensors:  94%|█████████▍| 3.71G/3.95G [04:37<00:07, 32.0MB/s][A[A[A



[1A
[1Amodel-00001-of-00004.safetensors:  94%|█████████▍| 3.72G/3.95G [04:38<00:06, 32.6MB/s][A[A[A



[1A
[1Amodel-00001-of-00004.safetensors:  94%|█████████▍| 3.72G/3.95G [04:38<00:06, 32.9MB/s][A[A[A



[1A
[1Amodel-00001-of-00004.safetensors:  94%|█████████▍| 3.73G/3.95G [04:38<00:06, 33.7MB/s][A[A[A



[1A
[1Amodel-00001-of-00004.safetensors:  95%|█████████▍| 3.73G/3.95G [04:38<00:06, 34.1MB/s][A[A[A



[1Amodel-00001-of-00004.safetensors:  95%|█████████▍| 3.74G/3.95G [04:38<00:06, 34.9MB/s][A[A[A



[1Amodel-00001-of-00004.safetensors:  95%|█████████▍| 3.74G/3.95G [04:38<00:05, 34.7MB/s][A[A[A



[1A
[1Amodel-00001-of-00004.safetensors:  95%|█████████▍| 3.74G/3.95G [04:38<00:05, 35.0MB/s][A[A[A
[1ADownloading:  93%|█████████▎| 14/15 [04:40<00:42, 42.21s/file]



[1Amodel-00001-of-00004.safetensors:  95%|█████████▍| 3.75G/3.95G [04:38<00:05, 35.7MB/s][A[A[A



[1Amodel-00001-of-00004.safetensors:  95%|█████████▌| 3.75G/3.95G [04:39<00:05, 36.3MB/s][A[A[A



[1A
[1Amodel-00001-of-00004.safetensors:  95%|█████████▌| 3.76G/3.95G [04:39<00:05, 36.6MB/s][A[A[A



[1A
[1Amodel-00001-of-00004.safetensors:  95%|█████████▌| 3.76G/3.95G [04:39<00:05, 35.8MB/s][A[A[A



[1Amodel-00001-of-00004.safetensors:  95%|█████████▌| 3.77G/3.95G [04:39<00:04, 37.4MB/s][A[A[A



[1A
[1Amodel-00001-of-00004.safetensors:  96%|█████████▌| 3.77G/3.95G [04:39<00:04, 37.3MB/s][A[A[A



[1A
[1Amodel-00001-of-00004.safetensors:  96%|█████████▌| 3.77G/3.95G [04:39<00:04, 38.1MB/s][A[A[A



[1A
[1Amodel-00001-of-00004.safetensors:  96%|█████████▌| 3.78G/3.95G [04:39<00:04, 36.9MB/s][A[A[A



[1A
[1Amodel-00001-of-00004.safetensors:  96%|█████████▌| 3.78G/3.95G [04:39<00:04, 37.3MB/s][A[A[A



[1A
[1Amodel-00001-of-00004.safetensors:  96%|█████████▌| 3.79G/3.95G [04:39<00:04, 38.1MB/s][A[A[A



[1A
[1Amodel-00001-of-00004.safetensors:  96%|█████████▌| 3.79G/3.95G [04:40<00:03, 39.3MB/s][A[A[A



[1A
[1Amodel-00001-of-00004.safetensors:  96%|█████████▋| 3.80G/3.95G [04:40<00:03, 39.4MB/s][A[A[A



[1Amodel-00001-of-00004.safetensors:  96%|█████████▋| 3.80G/3.95G [04:40<00:03, 39.7MB/s][A[A[A



[1Amodel-00001-of-00004.safetensors:  97%|█████████▋| 3.81G/3.95G [04:40<00:03, 41.4MB/s][A[A[A



[1Amodel-00001-of-00004.safetensors:  97%|█████████▋| 3.81G/3.95G [04:40<00:03, 40.4MB/s][A[A[A



[1A
[1Amodel-00001-of-00004.safetensors:  97%|█████████▋| 3.82G/3.95G [04:40<00:03, 40.6MB/s][A[A[A



[1A
[1Amodel-00001-of-00004.safetensors:  97%|█████████▋| 3.82G/3.95G [04:40<00:03, 40.6MB/s][A[A[A



[1A
[1Amodel-00001-of-00004.safetensors:  97%|█████████▋| 3.83G/3.95G [04:40<00:02, 42.7MB/s][A[A[A



[1A
[1Amodel-00001-of-00004.safetensors:  97%|█████████▋| 3.83G/3.95G [04:41<00:02, 41.5MB/s][A[A[A



[1Amodel-00001-of-00004.safetensors:  97%|█████████▋| 3.84G/3.95G [04:41<00:02, 42.8MB/s][A[A[A



[1Amodel-00001-of-00004.safetensors:  97%|█████████▋| 3.84G/3.95G [04:41<00:02, 44.1MB/s][A[A[A



[1A
[1Amodel-00001-of-00004.safetensors:  98%|█████████▊| 3.85G/3.95G [04:41<00:02, 44.6MB/s][A[A[A



[1A
[1Amodel-00001-of-00004.safetensors:  98%|█████████▊| 3.85G/3.95G [04:41<00:02, 45.5MB/s][A[A[A



[1A
[1Amodel-00001-of-00004.safetensors:  98%|█████████▊| 3.86G/3.95G [04:41<00:01, 46.2MB/s][A[A[A



[1A
[1Amodel-00001-of-00004.safetensors:  98%|█████████▊| 3.86G/3.95G [04:41<00:01, 47.2MB/s][A[A[A



[1A
[1Amodel-00001-of-00004.safetensors:  98%|█████████▊| 3.87G/3.95G [04:41<00:01, 47.5MB/s][A[A[A



[1Amodel-00001-of-00004.safetensors:  98%|█████████▊| 3.87G/3.95G [04:41<00:01, 48.0MB/s][A[A[A



[1A
[1Amodel-00001-of-00004.safetensors:  98%|█████████▊| 3.88G/3.95G [04:42<00:01, 48.4MB/s][A[A[A



[1A
[1Amodel-00001-of-00004.safetensors:  98%|█████████▊| 3.88G/3.95G [04:42<00:01, 48.6MB/s][A[A[A



[1Amodel-00001-of-00004.safetensors:  99%|█████████▊| 3.89G/3.95G [04:42<00:01, 49.1MB/s][A[A[A



[1A
[1Amodel-00001-of-00004.safetensors:  99%|█████████▊| 3.89G/3.95G [04:42<00:01, 49.8MB/s][A[A[A



[1A
[1Amodel-00001-of-00004.safetensors:  99%|█████████▉| 3.90G/3.95G [04:42<00:00, 50.4MB/s][A[A[A



[1A
[1Amodel-00001-of-00004.safetensors:  99%|█████████▉| 3.91G/3.95G [04:42<00:00, 51.1MB/s][A[A[A



[1A
[1Amodel-00001-of-00004.safetensors:  99%|█████████▉| 3.91G/3.95G [04:42<00:00, 51.4MB/s][A[A[A



[1A
[1Amodel-00001-of-00004.safetensors:  99%|█████████▉| 3.92G/3.95G [04:42<00:00, 52.0MB/s][A[A[A



[1A
[1Amodel-00001-of-00004.safetensors:  99%|█████████▉| 3.92G/3.95G [04:42<00:00, 52.1MB/s][A[A[A



[1A
[1Amodel-00001-of-00004.safetensors: 100%|█████████▉| 3.93G/3.95G [04:42<00:00, 52.6MB/s][A[A[A



[1A
[1Amodel-00001-of-00004.safetensors: 100%|█████████▉| 3.94G/3.95G [04:43<00:00, 53.0MB/s][A[A[A



[1A
[1Amodel-00001-of-00004.safetensors: 100%|█████████▉| 3.94G/3.95G [04:43<00:00, 52.9MB/s][A[A[A



[1A
[1A                                                                                      [A[A[A
[1ADownloading: 100%|██████████| 15/15 [04:48<00:00, 32.06s/file]
[1ADownloading: 100%|██████████| 15/15 [04:48<00:00, 19.26s/file]

[1ALoading checkpoint shards:   0%|          | 0/4 [00:00<?, ?it/s]
[1ALoading checkpoint shards:  25%|██▌       | 1/4 [00:00<00:00,  9.99it/s]
[1ALoading checkpoint shards:  75%|███████▌  | 3/4 [00:00<00:00, 11.68it/s]
[1ALoading checkpoint shards: 100%|██████████| 4/4 [00:00<00:00, 10.65it/s]
Configurations:
  bf16: BF16 baseline
  rabit2: 2b META8g64 K3V2 G32 R4

Running bf16...
  sample 1/32: PPL=2.3102, KV=56.000 MB, quality-run time=1.59s
  sample 2/32: PPL=5.8821, KV=56.000 MB, quality-run time=0.10s
  sample 3/32: PPL=7.1123, KV=56.000 MB, quality-run time=0.09s
  sample 4/32: PPL=6.0221, KV=56.000 MB, quality-run time=0.06s
  sample 5/32: PPL=5.6564, KV=56.000 MB, quality-run time=0.06s
  sample 6/32: PPL=9.8837, KV=56.000 MB, quality-run time=0.06s
  sample 7/32: PPL=12.8712, KV=56.000 MB, quality-run time=0.06s
  sample 8/32: PPL=6.6691, KV=56.000 MB, quality-run time=0.22s
  sample 9/32: PPL=6.5066, KV=56.000 MB, quality-run time=0.10s
  sample 10/32: PPL=5.0130, KV=56.000 MB, quality-run time=0.08s
  sample 11/32: PPL=3.3613, KV=56.000 MB, quality-run time=0.05s
  sample 12/32: PPL=1.3927, KV=56.000 MB, quality-run time=0.06s
  sample 13/32: PPL=8.4057, KV=56.000 MB, quality-run time=0.10s
  sample 14/32: PPL=5.3936, KV=56.000 MB, quality-run time=0.06s
  sample 15/32: PPL=7.9055, KV=56.000 MB, quality-run time=0.06s
  sample 16/32: PPL=6.3411, KV=56.000 MB, quality-run time=0.25s
  sample 17/32: PPL=7.5618, KV=56.000 MB, quality-run time=0.07s
  sample 18/32: PPL=5.8967, KV=56.000 MB, quality-run time=0.07s
  sample 19/32: PPL=9.2127, KV=56.000 MB, quality-run time=0.06s
  sample 20/32: PPL=4.1729, KV=56.000 MB, quality-run time=0.05s
  sample 21/32: PPL=12.6857, KV=56.000 MB, quality-run time=0.06s
  sample 22/32: PPL=5.3790, KV=56.000 MB, quality-run time=0.07s
  sample 23/32: PPL=4.7306, KV=56.000 MB, quality-run time=0.06s
  sample 24/32: PPL=11.4641, KV=56.000 MB, quality-run time=0.20s
  sample 25/32: PPL=15.6272, KV=56.000 MB, quality-run time=0.10s
  sample 26/32: PPL=9.1598, KV=56.000 MB, quality-run time=0.06s
  sample 27/32: PPL=7.4609, KV=56.000 MB, quality-run time=0.06s
  sample 28/32: PPL=9.8676, KV=56.000 MB, quality-run time=0.06s
  sample 29/32: PPL=15.5509, KV=56.000 MB, quality-run time=0.07s
  sample 30/32: PPL=5.6908, KV=56.000 MB, quality-run time=0.08s
  sample 31/32: PPL=7.2212, KV=56.000 MB, quality-run time=0.07s
  sample 32/32: PPL=9.7676, KV=56.000 MB, quality-run time=0.20s

Running rabit2...
  sample 1/32: PPL=23.9387, KV=10.811 MB, quality-run time=0.20s
  sample 2/32: PPL=566.0704, KV=10.811 MB, quality-run time=0.10s
  sample 3/32: PPL=380.5030, KV=10.811 MB, quality-run time=0.10s
  sample 4/32: PPL=700.4136, KV=10.811 MB, quality-run time=0.10s
  sample 5/32: PPL=681.1508, KV=10.811 MB, quality-run time=0.09s
  sample 6/32: PPL=570.7354, KV=10.811 MB, quality-run time=0.32s
  sample 7/32: PPL=514.9305, KV=10.811 MB, quality-run time=0.12s
  sample 8/32: PPL=572.6021, KV=10.811 MB, quality-run time=0.11s
  sample 9/32: PPL=288.3589, KV=10.811 MB, quality-run time=0.11s
  sample 10/32: PPL=271.4249, KV=10.811 MB, quality-run time=0.10s
  sample 11/32: PPL=68.2006, KV=10.811 MB, quality-run time=0.10s
  sample 12/32: PPL=24.7685, KV=10.811 MB, quality-run time=0.35s
  sample 13/32: PPL=515.9675, KV=10.811 MB, quality-run time=0.10s
  sample 14/32: PPL=263.5255, KV=10.811 MB, quality-run time=0.10s
  sample 15/32: PPL=998.0246, KV=10.811 MB, quality-run time=0.10s
  sample 16/32: PPL=315.2151, KV=10.811 MB, quality-run time=0.15s
  sample 17/32: PPL=326.6222, KV=10.811 MB, quality-run time=0.14s
  sample 18/32: PPL=81.2281, KV=10.811 MB, quality-run time=0.18s
  sample 19/32: PPL=1242.8828, KV=10.811 MB, quality-run time=0.13s
  sample 20/32: PPL=105.1618, KV=10.811 MB, quality-run time=0.10s
  sample 21/32: PPL=807.8154, KV=10.811 MB, quality-run time=0.10s
  sample 22/32: PPL=312.6321, KV=10.811 MB, quality-run time=0.12s
  sample 23/32: PPL=233.4626, KV=10.811 MB, quality-run time=0.10s
  sample 24/32: PPL=332.0590, KV=10.811 MB, quality-run time=0.35s
  sample 25/32: PPL=984.6651, KV=10.811 MB, quality-run time=0.14s
  sample 26/32: PPL=321.8557, KV=10.811 MB, quality-run time=0.11s
  sample 27/32: PPL=156.5444, KV=10.811 MB, quality-run time=0.11s
  sample 28/32: PPL=313.6545, KV=10.811 MB, quality-run time=0.13s
  sample 29/32: PPL=342.2075, KV=10.811 MB, quality-run time=0.10s
  sample 30/32: PPL=210.5536, KV=10.811 MB, quality-run time=0.28s
  sample 31/32: PPL=212.0742, KV=10.811 MB, quality-run time=0.10s
  sample 32/32: PPL=470.8772, KV=10.811 MB, quality-run time=0.11s

====================================================================================================================
RABIT-KV LONG-CONTEXT CONTINUATION PERPLEXITY
====================================================================================================================
Method      PPL         PPL d%      Median sample PPL   Avg KV MB     Compression   Tokens    
--------------------------------------------------------------------------------------------------------------------
bf16        6.7837      0.00        6.8907              56.000        1.000         4096      
rabit2      299.6214    4316.80     324.2389            10.811        5.180         4096      

Important: quality-run time is only for experiment planning. It is not deployment latency.
Stopping app - local entrypoint completed.
✓ App completed. View run at 
https://modal.com/apps/ryanz090504-star/main/ap-IPfUfhWbrGTHjSrrMF70sr
