C:\Users\ryanz\AppData\Local\Python\pythoncore-3.14-64\Lib\site-packages\modal\_utils\async_utils.py:45: DeprecationWarning: 'asyncio.WindowsSelectorEventLoopPolicy' is deprecated and slated for removal in Python 3.16
  asyncio.set_event_loop_policy(asyncio.WindowsSelectorEventLoopPolicy())
C:\Users\ryanz\AppData\Local\Python\pythoncore-3.14-64\Lib\site-packages\modal\_utils\async_utils.py:45: DeprecationWarning: 'asyncio.set_event_loop_policy' is deprecated and slated for removal in Python 3.16
  asyncio.set_event_loop_policy(asyncio.WindowsSelectorEventLoopPolicy())
✓ Initialized. View run at 
https://modal.com/apps/ryanz090504-star/main/ap-FBtDZaGASbdACItc2Eu03H
Building image im-eXPc66LcXAdXcvmAAU8EFK

=> Step 0: FROM base

=> Step 1: COPY . /
Saving image...
Image saved, took 1.68s

Built image im-eXPc66LcXAdXcvmAAU8EFK in 4.44s


Building image im-btMj6BymsAGORja59Ih0Zq

=> Step 0: FROM base

=> Step 1: RUN rm -rf /root/vllm-kvquant && mkdir -p /root/vllm-kvquant && python -m zipfile -e /tmp/rabit2_final_fast_decode_append_snapshot.zip /root/vllm-kvquant
Saving image...
Image saved, took 1.75s

Built image im-btMj6BymsAGORja59Ih0Zq in 5.06s


Building image im-ymLA1prTO0yTJMq0Fz5tCN

=> Step 0: FROM base

=> Step 1: ENV CUDA_HOME=/usr/local/cuda

=> Step 2: ENV VLLM_TARGET_DEVICE=cuda

=> Step 3: ENV VLLM_USE_PRECOMPILED=1

=> Step 4: ENV VLLM_PRECOMPILED_WHEEL_COMMIT=f329ce405b12623fb8b1cf1830f12e5a712523be

=> Step 5: ENV VLLM_PRECOMPILED_WHEEL_VARIANT=cu130

=> Step 6: ENV VLLM_MAIN_CUDA_VERSION=13.0

=> Step 7: ENV VLLM_SKIP_PRECOMPILED_VERSION_SUFFIX=1

=> Step 8: ENV SETUPTOOLS_SCM_PRETEND_VERSION=0.10.0+kvquant

=> Step 9: ENV SETUPTOOLS_SCM_PRETEND_VERSION_FOR_VLLM=0.10.0+kvquant

=> Step 10: ENV PIP_DISABLE_PIP_VERSION_CHECK=1

=> Step 11: ENV VLLM_USE_V1=1
Saving image...
Image saved, took 771.66ms

Built image im-ymLA1prTO0yTJMq0Fz5tCN in 1.96s


Building image im-sn2PLNUqlbRwgQlEhgYpSM

=> Step 0: FROM base

=> Step 1: RUN cd /root/vllm-kvquant && python use_existing_torch.py --prefix
>>> removed from requirements/xpu.txt: torch==2.12.0
>>> removed from requirements/cpu.txt: torch==2.11.0+cpu; platform_machine == "x86_64" or platform_machine == "s390x" or platform_machine == "aarch64"
>>> removed from requirements/cpu.txt: torch==2.11.0; platform_system == "Darwin" or platform_machine == "ppc64le" or platform_machine == "riscv64"
>>> removed from requirements/cuda.txt: torch==2.11.0
>>> removed from requirements/cuda.txt: torchaudio==2.11.0
>>> removed from requirements/cuda.txt: torchvision==0.26.0 # Required for phi3v processor. See https://github.com/pytorch/vision?tab=readme-ov-file#installation for corresponding version
>>> removed from requirements/test/cuda.txt: torch==2.11.0+cu130
>>> removed from requirements/test/cuda.txt: torchaudio==2.11.0+cu130
>>> removed from requirements/test/cuda.txt: torchvision==0.26.0+cu130
>>> removed from requirements/test/cpu.txt: torch==2.11.0+cpu
>>> removed from requirements/test/cpu.txt: torchaudio==2.11.0+cpu
>>> removed from requirements/test/cpu.txt: torchvision==0.26.0+cpu
>>> removed from requirements/test/xpu.txt: torch==2.12.0+xpu
>>> removed from requirements/test/xpu.txt: torchvision==0.27.0+xpu
>>> removed from requirements/test/cuda.in: torch==2.11.0
>>> removed from requirements/test/cuda.in: torchaudio==2.11.0
>>> removed from requirements/test/cuda.in: torchvision==0.26.0
>>> removed from pyproject.toml: "torch == 2.11.0",

=> Step 2: RUN cd /root/vllm-kvquant && rm -rf build dist *.egg-info /tmp/vllm.log && (python -m pip install -e . --no-build-isolation > /tmp/vllm.log 2>&1 || (tail -n 250 /tmp/vllm.log; exit 1))
Saving image...
Image saved, took 6.17s

Built image im-sn2PLNUqlbRwgQlEhgYpSM in 123.73s


Building image im-rFCR3OmsSI6zMvNR5rf2ko

=> Step 0: FROM base

=> Step 1: RUN python -m pip install modelscope pytest
Looking in indexes: http://pypi-mirror.modal.local:5555/simple
Collecting modelscope
  Downloading modelscope-1.40.1-py3-none-any.whl.metadata (43 kB)
Collecting pytest
  Downloading pytest-9.1.1-py3-none-any.whl.metadata (7.6 kB)
Requirement already satisfied: filelock in ./usr/local/lib/python3.11/site-packages (from modelscope) (3.29.0)
Collecting modelscope-hub>=0.4.2 (from modelscope)
  Downloading modelscope_hub-0.4.5-py3-none-any.whl.metadata (47 kB)
Requirement already satisfied: packaging in ./usr/local/lib/python3.11/site-packages (from modelscope) (26.3)
Requirement already satisfied: requests>=2.25 in ./usr/local/lib/python3.11/site-packages (from modelscope) (2.34.2)
Requirement already satisfied: setuptools in ./usr/local/lib/python3.11/site-packages (from modelscope) (80.10.2)
Requirement already satisfied: tqdm>=4.64.0 in ./usr/local/lib/python3.11/site-packages (from modelscope) (4.70.1)
Requirement already satisfied: urllib3>=1.26 in ./usr/local/lib/python3.11/site-packages (from modelscope) (2.8.0)
Collecting iniconfig>=1.0.1 (from pytest)
  Downloading iniconfig-2.3.0-py3-none-any.whl.metadata (2.5 kB)
Collecting pluggy<2,>=1.5 (from pytest)
  Downloading pluggy-1.6.0-py3-none-any.whl.metadata (4.8 kB)
Requirement already satisfied: pygments>=2.7.2 in ./usr/local/lib/python3.11/site-packages (from pytest) (2.21.0)
Requirement already satisfied: cryptography>=41 in ./usr/local/lib/python3.11/site-packages (from modelscope-hub>=0.4.2->modelscope) (50.0.2)
Requirement already satisfied: cffi>=2.0.0 in ./usr/local/lib/python3.11/site-packages (from cryptography>=41->modelscope-hub>=0.4.2->modelscope) (2.1.1)
Requirement already satisfied: pycparser in ./usr/local/lib/python3.11/site-packages (from cffi>=2.0.0->cryptography>=41->modelscope-hub>=0.4.2->modelscope) (3.0)
Requirement already satisfied: charset_normalizer<4,>=2 in ./usr/local/lib/python3.11/site-packages (from requests>=2.25->modelscope) (3.5.2)
Requirement already satisfied: idna<4,>=2.5 in ./usr/local/lib/python3.11/site-packages (from requests>=2.25->modelscope) (3.20)
Requirement already satisfied: certifi>=2023.5.7 in ./usr/local/lib/python3.11/site-packages (from requests>=2.25->modelscope) (2026.7.22)
Downloading modelscope-1.40.1-py3-none-any.whl (6.1 MB)
   ━━━━━━━━━━━━━━━━━━━━━━━━━━━━━━━━━━━━━━━━ 6.1/6.1 MB 137.0 MB/s  0:00:00
Downloading pytest-9.1.1-py3-none-any.whl (386 kB)
Downloading pluggy-1.6.0-py3-none-any.whl (20 kB)
Downloading iniconfig-2.3.0-py3-none-any.whl (7.5 kB)
Downloading modelscope_hub-0.4.5-py3-none-any.whl (236 kB)
Installing collected packages: pluggy, iniconfig, pytest, modelscope-hub, modelscope

Successfully installed iniconfig-2.3.0 modelscope-1.40.1 modelscope-hub-0.4.5 pluggy-1.6.0 pytest-9.1.1
Saving image...
Image saved, took 3.95s

Built image im-rFCR3OmsSI6zMvNR5rf2ko in 15.85s


Building image im-0BfB6lbgAESf2zFUln49JO

=> Step 0: FROM base

=> Step 1: COPY . /
Saving image...
Image saved, took 1.99s

Built image im-0BfB6lbgAESf2zFUln49JO in 4.49s


Building image im-tqqGeS5XcOLBHKHesLK86m

=> Step 0: FROM base

=> Step 1: COPY . /
Saving image...
Image saved, took 2.10s

Built image im-tqqGeS5XcOLBHKHesLK86m in 4.05s


Building image im-8GCKfOD6ed9FsFtASWJvXo

=> Step 0: FROM base

=> Step 1: COPY . /
Saving image...
Image saved, took 2.10s

Built image im-8GCKfOD6ed9FsFtASWJvXo in 4.27s


Building image im-2HGwZEYFoDZpQjCeuew32S

=> Step 0: FROM base

=> Step 1: COPY . /
Saving image...
Image saved, took 1.92s

Built image im-2HGwZEYFoDZpQjCeuew32S in 4.00s


Building image im-K4v8jkxcgyMAxztIVjZWSE

=> Step 0: FROM base

=> Step 1: COPY . /
Saving image...
Image saved, took 2.46s

Built image im-K4v8jkxcgyMAxztIVjZWSE in 4.36s


Building image im-Y6kkGMafaLtumeQeglymJK

=> Step 0: FROM base

=> Step 1: COPY . /
Saving image...
Image saved, took 2.71s

Built image im-Y6kkGMafaLtumeQeglymJK in 4.82s


✓ Created objects.
├── 🔨 Created mount 
│   C:\Users\ryanz\Documents\GitHub\benchquant\kvquant_full\RABIT-KV-upload\ben
│   chmarks\mlsys2027\exp14_deployment_modal.py
├── 🔨 Created mount 
│   C:\Users\ryanz\AppData\Local\Temp\exp14_vllm_snapshot_r2ultxw1\vllm_kvquant
│   _snapshot.zip
├── 🔨 Created mount 
│   C:\Users\ryanz\Documents\GitHub\benchquant\kvquant_full\RABIT-KV-upload\ben
│   chmarks\mlsys2027\exp14_engine_worker.py
├── 🔨 Created mount 
│   C:\Users\ryanz\Documents\GitHub\benchquant\kvquant_full\RABIT-KV-upload\ben
│   chmarks\mlsys2027\exp3_correctness_gate.py
├── 🔨 Created mount 
│   C:\Users\ryanz\Documents\GitHub\benchquant\kvquant_full\RABIT-KV-upload\ben
│   chmarks\mlsys2027\exp3_watchdog.py
├── 🔨 Created mount 
│   C:\Users\ryanz\Documents\GitHub\benchquant\kvquant_full\RABIT-KV-upload\ben
│   chmarks\mlsys2027\exp14_shape_gate.py
├── 🔨 Created mount 
│   C:\Users\ryanz\Documents\GitHub\benchquant\kvquant_full\RABIT-KV-upload\ben
│   chmarks\mlsys2027\exp14_probe_worker.py
├── 🔨 Created mount 
│   C:\Users\ryanz\Documents\GitHub\benchquant\kvquant_full\RABIT-KV-upload\ben
│   chmarks\mlsys2027\exp14_model_snapshot.py
└── 🔨 Created function mirrored.

==========
== CUDA ==
==========

CUDA Version 13.0.2

Container image Copyright (c) 2016-2023, NVIDIA CORPORATION & AFFILIATES. All rights reserved.

This container image and its contents are governed by the NVIDIA Deep Learning Container License.
By pulling and using the container, you accept the terms and conditions of this license:
https://developer.nvidia.com/ngc/nvidia-deep-learning-container-license

A copy of this license is made available in this container at /NGC-DL-CONTAINER-LICENSE for your convenience.

EXP14_GPU_BASELINE={"compute_apps": [], "max_wait_s": 60, "memory_used_mib": [4], "t": 1790794670.553013, "tolerance_mib": 256}
EXP14_ENVIRONMENT={"gpus": [{"clocks.max.sm": "1980", "driver_version": "580.95.05", "index": "0", "memory.total": "81559", "memory.used": "4", "name": "NVIDIA H100 80GB HBM3", "power.limit": "700.00", "uuid": "GPU-90203c94-1370-f144-7a24-09929b687cb1"}], "leg_dtypes": ["bfloat16", "rabit_kv2"], "leg_labels": ["P1", "P2"], "mode": "feasibility_probe_non_evidence", "packages": {"modelscope": "1.40.1", "pytest": "9.1.1", "torch": "2.11.0+cu130", "transformers": "5.18.0", "triton": "3.6.0", "vllm": "0.10.0+kvquant"}, "python": "3.11.5", "rabit_kv2_sha256_lf": "7e628c94eebb9fe689bf416ea61f748c0f909a82d0f229c463edd1a0df92e6ae", "reps_per_leg": 30, "vllm_precompiled_wheel_commit": "f329ce405b12623fb8b1cf1830f12e5a712523be", "warmups": 5}
EXP14_GATE_START={"cmd": ["/usr/local/bin/python", "/opt/exp14/exp3_correctness_gate.py"], "timeout_s": 600}
[gate] EXP3_GATE_BEGIN={"pytest_command": ["/usr/local/bin/python", "-m", "pytest", "-q", "--tb=short", "--confcutdir=/root/vllm-kvquant/tests/quantization", "/root/vllm-kvquant/tests/quantization/test_kvquant_k3.py", "/root/vllm-kvquant/tests/quantization/test_rabit_kv2_layout.py", "/root/vllm-kvquant/tests/quantization/test_rabit_kv2_physical.py", "/root/vllm-kvquant/tests/quantization/test_rabit_kv2_stage3b1.py", "/root/vllm-kvquant/tests/quantization/test_rabit_kv2_stage3b2.py", "/root/vllm-kvquant/tests/quantization/test_rabit_kv2_stage3c.py", "/root/vllm-kvquant/tests/quantization/test_rabit_kv2_stage4b1_exactmeta.py", "/root/vllm-kvquant/tests/quantization/test_rabit_kv2_stage4b2_exact_v2.py", "/root/vllm-kvquant/tests/quantization/test_rabit_kv2_stage4b2_fixed.py", "/root/vllm-kvquant/tests/quantization/test_rabit_kv2_stage4b3_gqa4.py", "/root/vllm-kvquant/tests/quantization/test_rabit_kv2_stage4b4_causal_prefill.py"], "rabit_kv2_sha256_lf": "7e628c94eebb9fe689bf416ea61f748c0f909a82d0f229c463edd1a0df92e6ae"}
[gate] ====================================================================================================================
[gate] RABIT-2 FINAL targeted decode-append regression
[gate] ====================================================================================================================
[gate] Dispatch preflight: PASSED
[gate] Stage4D3.4 prep exactness: PASSED (62/62)
[gate] Stage4D3.4 full attention exactness: PASSED (torch.equal)
[gate] Stage4D3.4 scratch_bytes_per_stream=57600
[gate] FINAL fast decode append exactness: PASSED (202 state/byte steps + attention checkpoints)
[gate] ........................................................................ [ 68%]
[gate] .................................                                        [100%]
[gate] =============================== warnings summary ===============================
[gate] tests/quantization/test_kvquant_k3.py: 14 warnings
[gate]   /usr/local/lib/python3.11/site-packages/torch/jit/_script.py:365: DeprecationWarning: `torch.jit.script_method` is deprecated. Please switch to `torch.compile` or `torch.export`.
[gate]     warnings.warn(
[gate] 
[gate] -- Docs: https://docs.pytest.org/en/stable/how-to/capture-warnings.html
[gate] 105 passed, 14 warnings in 30.64s
[gate] 
[gate] pytest exit=0
[gate] RABIT-2 FINAL TARGETED REGRESSION PASSED
[gate] EXP3_GATE_RESULT={"passed": true}
EXP14_PROCESS_EXIT={"cmd": ["/usr/local/bin/python", "/opt/exp14/exp3_correctness_gate.py"], "elapsed_s": 51.433, "grace_s": 10.0, "group_processes_after_leader_exit": [], "group_processes_remaining": [], "label": "gate", "own_session": true, "pgid": 32, "pid": 32, "reader_finished": true, "returncode": 0, "signals_sent": [], "timed_out": false, "timeout_s": 600}
EXP14_GATE_EXIT={"returncode": 0}
EXP14_SHAPE_GATE_START={"cmd": ["/usr/local/bin/python", "/opt/exp14/exp14_shape_gate.py"], "timeout_s": 900}
[shapegate] model_b_qwen2_5_7b: passed=True checks={'page_bytes_expected': True, 'alignment_invariants': True, 'predicates_as_expected': True, 'dispatch_matches_predicates': True, 'main_workload_state_and_attention': True, 'boundary_state_and_attention': True} max_C1_ratio=0.8979 max_C2_ratio=0.9957 diag_old_max_abs=1.192e-02 dispatch={'decode_calls': 64, 'append_calls': 62, 'decode_fallback_calls': 64, 'append_fallback_calls': 62, 'decode_step_quant_fallback_calls_total': 62, 'decode_steps_with_quant_fallback': 62}
[shapegate] control_llama3_1_8b: passed=True checks={'page_bytes_expected': True, 'alignment_invariants': True, 'predicates_as_expected': True, 'dispatch_matches_predicates': True, 'main_workload_state_and_attention': True, 'boundary_state_and_attention': True} max_C1_ratio=0.9613 max_C2_ratio=0.9960 diag_old_max_abs=9.876e-03 dispatch={'decode_calls': 64, 'append_calls': 62, 'decode_fallback_calls': 0, 'append_fallback_calls': 0, 'decode_step_quant_fallback_calls_total': 0, 'decode_steps_with_quant_fallback': 0}
[shapegate] EXP14_SHAPE_GATE_SUMMARY={"criterion": {"C1": "max|y - r| <= u * max|r| (y == 0 if max|r| == 0)", "C2": "|y_i - r_i| / |r_i| <= u where |r_i| >= floor * max|r|", "floor": 0.01, "kind": "fixed dtype-aware numerical conformance checks", "r": "unrounded FP32 kernel-semantics output from the independent Rabit2OnlineStateRef state", "u": 0.00390625}, "cuda_available": true, "diagnostic_old_max_abs_tol_non_gating": 0.005, "geometries": {"control_llama3_1_8b": {"boundary_replays": [{"checkpoints": 9, "decode_step_quant_fallback_calls": [], "diagnostics": {"max_abs_vs_bf16_rounded_ref": 0.00390625, "max_ulp_vs_bf16_rounded_ref": 1, "old_5e-3_would_fail": 8, "old_max_abs_vs_reference_state_fp32": 0.009876489639282227, "old_max_abs_vs_runtime_state_fp32": 0.009876489639282227, "runtime_state_conformance_failures": 0, "runtime_state_max_C1_ratio": 0.8119405663879397, "runtime_state_max_C2_ratio": 0.9918061080919269}, "failures": [], "max_C1_ratio": 0.8119405663879397, "max_C2_ratio": 0.9918061080919269, "prefill": 1, "seed": 140101, "steps": 8}, {"checkpoints": 9, "decode_step_quant_fallback_calls": [], "diagnostics": {"max_abs_vs_bf16_rounded_ref": 0.0009765625, "max_ulp_vs_bf16_rounded_ref": 1, "old_5e-3_would_fail": 9, "old_max_abs_vs_reference_state_fp32": 0.008916139602661133, "old_max_abs_vs_runtime_state_fp32": 0.008916139602661133, "runtime_state_conformance_failures": 0, "runtime_state_max_C1_ratio": 0.6977118294003324, "runtime_state_max_C2_ratio": 0.9955901594902411}, "failures": [], "max_C1_ratio": 0.6977118294003324, "max_C2_ratio": 0.9955901594902411, "prefill": 4, "seed": 140104, "steps": 8}, {"checkpoints": 9, "decode_step_quant_fallback_calls": [], "diagnostics": {"max_abs_vs_bf16_rounded_ref": 0.0001220703125, "max_ulp_vs_bf16_rounded_ref": 2, "old_5e-3_would_fail": 9, "old_max_abs_vs_reference_state_fp32": 0.008708000183105469, "old_max_abs_vs_runtime_state_fp32": 0.008708000183105469, "runtime_state_conformance_failures": 0, "runtime_state_max_C1_ratio": 0.7832963025578179, "runtime_state_max_C2_ratio": 0.9931717023031774}, "failures": [], "max_C1_ratio": 0.7832963025578179, "max_C2_ratio": 0.9931717023031774, "prefill": 5, "seed": 140105, "steps": 8}, {"checkpoints": 9, "decode_step_quant_fallback_calls": [], "diagnostics": {"max_abs_vs_bf16_rounded_ref": 0.0009765625, "max_ulp_vs_bf16_rounded_ref": 1, "old_5e-3_would_fail": 0, "old_max_abs_vs_reference_state_fp32": 0.0037478208541870117, "old_max_abs_vs_runtime_state_fp32": 0.0037478208541870117, "runtime_state_conformance_failures": 0, "runtime_state_max_C1_ratio": 0.8117939320745773, "runtime_state_max_C2_ratio": 0.9952005297015465}, "failures": [], "max_C1_ratio": 0.8117939320745773, "max_C2_ratio": 0.9952005297015465, "prefill": 35, "seed": 140135, "steps": 8}, {"checkpoints": 9, "decode_step_quant_fallback_calls": [], "diagnostics": {"max_abs_vs_bf16_rounded_ref": 0.001953125, "max_ulp_vs_bf16_rounded_ref": 1, "old_5e-3_would_fail": 0, "old_max_abs_vs_reference_state_fp32": 0.003928542137145996, "old_max_abs_vs_runtime_state_fp32": 0.003928542137145996, "runtime_state_conformance_failures": 0, "runtime_state_max_C1_ratio": 0.9613358057024097, "runtime_state_max_C2_ratio": 0.9953765407176954}, "failures": [], "max_C1_ratio": 0.9613358057024097, "max_C2_ratio": 0.9953765407176954, "prefill": 36, "seed": 140136, "steps": 8}, {"checkpoints": 9, "decode_step_quant_fallback_calls": [], "diagnostics": {"max_abs_vs_bf16_rounded_ref": 0.001953125, "max_ulp_vs_bf16_rounded_ref": 7, "old_5e-3_would_fail": 0, "old_max_abs_vs_reference_state_fp32": 0.004304349422454834, "old_max_abs_vs_runtime_state_fp32": 0.004304349422454834, "runtime_state_conformance_failures": 0, "runtime_state_max_C1_ratio": 0.745270417530654, "runtime_state_max_C2_ratio": 0.9954070576634595}, "failures": [], "max_C1_ratio": 0.745270417530654, "max_C2_ratio": 0.9954070576634595, "prefill": 37, "seed": 140137, "steps": 8}, {"checkpoints": 9, "decode_step_quant_fallback_calls": [], "diagnostics": {"max_abs_vs_bf16_rounded_ref": 0.00048828125, "max_ulp_vs_bf16_rounded_ref": 148, "old_5e-3_would_fail": 1, "old_max_abs_vs_reference_state_fp32": 0.005567312240600586, "old_max_abs_vs_runtime_state_fp32": 0.005567312240600586, "runtime_state_conformance_failures": 0, "runtime_state_max_C1_ratio": 0.6979622302005362, "runtime_state_max_C2_ratio": 0.9959878271616549}, "failures": [], "max_C1_ratio": 0.6979622302005362, "max_C2_ratio": 0.9959878271616549, "prefill": 68, "seed": 140168, "steps": 8}], "checks": {"alignment_invariants": true, "boundary_state_and_attention": true, "dispatch_matches_predicates": true, "main_workload_state_and_attention": true, "page_bytes_expected": true, "predicates_as_expected": true}, "diagnostic_old_5e-3_would_fail": 27, "diagnostic_old_max_abs_fp32": 0.009876489639282227, "geometry": {"head_dim": 128, "kv_heads": 8, "q_heads": 32}, "main_dispatch_counts": {"append_calls": 62, "append_fallback_calls": 0, "decode_calls": 64, "decode_fallback_calls": 0, "decode_step_quant_fallback_calls_total": 0, "decode_steps_with_quant_fallback": 0}, "main_workload_replays": [{"checkpoints": 32, "decode_step_quant_fallback_calls": [0, 0, 0, 0, 0, 0, 0, 0, 0, 0, 0, 0, 0, 0, 0, 0, 0, 0, 0, 0, 0, 0, 0, 0, 0, 0, 0, 0, 0, 0, 0], "diagnostics": {"max_abs_vs_bf16_rounded_ref": 0.00048828125, "max_ulp_vs_bf16_rounded_ref": 4, "old_5e-3_would_fail": 0, "old_max_abs_vs_reference_state_fp32": 0.0004981458187103271, "old_max_abs_vs_runtime_state_fp32": 0.0004981458187103271, "runtime_state_conformance_failures": 0, "runtime_state_max_C1_ratio": 0.896864580326373, "runtime_state_max_C2_ratio": 0.9950713716586652}, "failures": [], "max_C1_ratio": 0.896864580326373, "max_C2_ratio": 0.9950713716586652, "prefill": 2048, "seed": 140001, "steps": 31}, {"checkpoints": 32, "decode_step_quant_fallback_calls": [0, 0, 0, 0, 0, 0, 0, 0, 0, 0, 0, 0, 0, 0, 0, 0, 0, 0, 0, 0, 0, 0, 0, 0, 0, 0, 0, 0, 0, 0, 0], "diagnostics": {"max_abs_vs_bf16_rounded_ref": 0.00048828125, "max_ulp_vs_bf16_rounded_ref": 3, "old_5e-3_would_fail": 0, "old_max_abs_vs_reference_state_fp32": 0.0004906654357910156, "old_max_abs_vs_runtime_state_fp32": 0.0004906654357910156, "runtime_state_conformance_failures": 0, "runtime_state_max_C1_ratio": 0.8220094244103352, "runtime_state_max_C2_ratio": 0.9955638983641356}, "failures": [], "max_C1_ratio": 0.8220094244103352, "max_C2_ratio": 0.9955638983641356, "prefill": 2048, "seed": 140002, "steps": 31}], "max_C1_ratio": 0.9613358057024097, "max_C2_ratio": 0.9959878271616549, "page_bytes": 24832, "passed": true, "predicates": {"fast_append_engaged": true, "gqa4_engaged": true}}, "model_b_qwen2_5_7b": {"boundary_replays": [{"checkpoints": 9, "decode_step_quant_fallback_calls": [], "diagnostics": {"max_abs_vs_bf16_rounded_ref": 0.0, "max_ulp_vs_bf16_rounded_ref": 0, "old_5e-3_would_fail": 7, "old_max_abs_vs_reference_state_fp32": 0.007697582244873047, "old_max_abs_vs_runtime_state_fp32": 0.007697582244873047, "runtime_state_conformance_failures": 0, "runtime_state_max_C1_ratio": 0.8789104644928388, "runtime_state_max_C2_ratio": 0.9949187874009296}, "failures": [], "max_C1_ratio": 0.8789104644928388, "max_C2_ratio": 0.9949187874009296, "prefill": 1, "seed": 140101, "steps": 8}, {"checkpoints": 9, "decode_step_quant_fallback_calls": [], "diagnostics": {"max_abs_vs_bf16_rounded_ref": 1.9073486328125e-06, "max_ulp_vs_bf16_rounded_ref": 1, "old_5e-3_would_fail": 9, "old_max_abs_vs_reference_state_fp32": 0.011920928955078125, "old_max_abs_vs_runtime_state_fp32": 0.011920928955078125, "runtime_state_conformance_failures": 0, "runtime_state_max_C1_ratio": 0.8211547707810791, "runtime_state_max_C2_ratio": 0.992111854258112}, "failures": [], "max_C1_ratio": 0.8211547707810791, "max_C2_ratio": 0.992111854258112, "prefill": 4, "seed": 140104, "steps": 8}, {"checkpoints": 9, "decode_step_quant_fallback_calls": [], "diagnostics": {"max_abs_vs_bf16_rounded_ref": 0.0009765625, "max_ulp_vs_bf16_rounded_ref": 1, "old_5e-3_would_fail": 9, "old_max_abs_vs_reference_state_fp32": 0.009585261344909668, "old_max_abs_vs_runtime_state_fp32": 0.009585261344909668, "runtime_state_conformance_failures": 0, "runtime_state_max_C1_ratio": 0.8978544588579722, "runtime_state_max_C2_ratio": 0.9928436594837275}, "failures": [], "max_C1_ratio": 0.8978544588579722, "max_C2_ratio": 0.9928436594837275, "prefill": 5, "seed": 140105, "steps": 8}, {"checkpoints": 9, "decode_step_quant_fallback_calls": [], "diagnostics": {"max_abs_vs_bf16_rounded_ref": 0.0009765625, "max_ulp_vs_bf16_rounded_ref": 1, "old_5e-3_would_fail": 0, "old_max_abs_vs_reference_state_fp32": 0.004381716251373291, "old_max_abs_vs_runtime_state_fp32": 0.004381716251373291, "runtime_state_conformance_failures": 0, "runtime_state_max_C1_ratio": 0.8031267815445844, "runtime_state_max_C2_ratio": 0.9897801575482353}, "failures": [], "max_C1_ratio": 0.8031267815445844, "max_C2_ratio": 0.9897801575482353, "prefill": 35, "seed": 140135, "steps": 8}, {"checkpoints": 9, "decode_step_quant_fallback_calls": [], "diagnostics": {"max_abs_vs_bf16_rounded_ref": 0.001953125, "max_ulp_vs_bf16_rounded_ref": 2, "old_5e-3_would_fail": 0, "old_max_abs_vs_reference_state_fp32": 0.0038895606994628906, "old_max_abs_vs_runtime_state_fp32": 0.0038895606994628906, "runtime_state_conformance_failures": 0, "runtime_state_max_C1_ratio": 0.8792651936632158, "runtime_state_max_C2_ratio": 0.9908601126538731}, "failures": [], "max_C1_ratio": 0.8792651936632158, "max_C2_ratio": 0.9908601126538731, "prefill": 36, "seed": 140136, "steps": 8}, {"checkpoints": 9, "decode_step_quant_fallback_calls": [], "diagnostics": {"max_abs_vs_bf16_rounded_ref": 6.103515625e-05, "max_ulp_vs_bf16_rounded_ref": 1, "old_5e-3_would_fail": 1, "old_max_abs_vs_reference_state_fp32": 0.005245685577392578, "old_max_abs_vs_runtime_state_fp32": 0.005245685577392578, "runtime_state_conformance_failures": 0, "runtime_state_max_C1_ratio": 0.8447038999588737, "runtime_state_max_C2_ratio": 0.9911428426217034}, "failures": [], "max_C1_ratio": 0.8447038999588737, "max_C2_ratio": 0.9911428426217034, "prefill": 37, "seed": 140137, "steps": 8}, {"checkpoints": 9, "decode_step_quant_fallback_calls": [], "diagnostics": {"max_abs_vs_bf16_rounded_ref": 0.000244140625, "max_ulp_vs_bf16_rounded_ref": 1, "old_5e-3_would_fail": 0, "old_max_abs_vs_reference_state_fp32": 0.0038275718688964844, "old_max_abs_vs_runtime_state_fp32": 0.0038275718688964844, "runtime_state_conformance_failures": 0, "runtime_state_max_C1_ratio": 0.8576580371847927, "runtime_state_max_C2_ratio": 0.9944000022798973}, "failures": [], "max_C1_ratio": 0.8576580371847927, "max_C2_ratio": 0.9944000022798973, "prefill": 68, "seed": 140168, "steps": 8}], "checks": {"alignment_invariants": true, "boundary_state_and_attention": true, "dispatch_matches_predicates": true, "main_workload_state_and_attention": true, "page_bytes_expected": true, "predicates_as_expected": true}, "diagnostic_old_5e-3_would_fail": 26, "diagnostic_old_max_abs_fp32": 0.011920928955078125, "geometry": {"head_dim": 128, "kv_heads": 4, "q_heads": 28}, "main_dispatch_counts": {"append_calls": 62, "append_fallback_calls": 62, "decode_calls": 64, "decode_fallback_calls": 64, "decode_step_quant_fallback_calls_total": 62, "decode_steps_with_quant_fallback": 62}, "main_workload_replays": [{"checkpoints": 32, "decode_step_quant_fallback_calls": [1, 1, 1, 1, 1, 1, 1, 1, 1, 1, 1, 1, 1, 1, 1, 1, 1, 1, 1, 1, 1, 1, 1, 1, 1, 1, 1, 1, 1, 1, 1], "diagnostics": {"max_abs_vs_bf16_rounded_ref": 0.00048828125, "max_ulp_vs_bf16_rounded_ref": 9, "old_5e-3_would_fail": 0, "old_max_abs_vs_reference_state_fp32": 0.0005859285593032837, "old_max_abs_vs_runtime_state_fp32": 0.0005859285593032837, "runtime_state_conformance_failures": 0, "runtime_state_max_C1_ratio": 0.8826626971107132, "runtime_state_max_C2_ratio": 0.9953822141622866}, "failures": [], "max_C1_ratio": 0.8826626971107132, "max_C2_ratio": 0.9953822141622866, "prefill": 2048, "seed": 140001, "steps": 31}, {"checkpoints": 32, "decode_step_quant_fallback_calls": [1, 1, 1, 1, 1, 1, 1, 1, 1, 1, 1, 1, 1, 1, 1, 1, 1, 1, 1, 1, 1, 1, 1, 1, 1, 1, 1, 1, 1, 1, 1], "diagnostics": {"max_abs_vs_bf16_rounded_ref": 0.000244140625, "max_ulp_vs_bf16_rounded_ref": 5, "old_5e-3_would_fail": 0, "old_max_abs_vs_reference_state_fp32": 0.0004919618368148804, "old_max_abs_vs_runtime_state_fp32": 0.0004919618368148804, "runtime_state_conformance_failures": 0, "runtime_state_max_C1_ratio": 0.8296642126915077, "runtime_state_max_C2_ratio": 0.9957153016679129}, "failures": [], "max_C1_ratio": 0.8296642126915077, "max_C2_ratio": 0.9957153016679129, "prefill": 2048, "seed": 140002, "steps": 31}], "max_C1_ratio": 0.8978544588579722, "max_C2_ratio": 0.9957153016679129, "page_bytes": 12416, "passed": true, "predicates": {"fast_append_engaged": false, "gqa4_engaged": false}}}, "passed": true}
EXP14_PROCESS_EXIT={"cmd": ["/usr/local/bin/python", "/opt/exp14/exp14_shape_gate.py"], "elapsed_s": 46.488, "grace_s": 10.0, "group_processes_after_leader_exit": [], "group_processes_remaining": [], "label": "shape_gate", "own_session": true, "pgid": 318, "pid": 318, "reader_finished": true, "returncode": 0, "signals_sent": [], "timed_out": false, "timeout_s": 900}
EXP14_SHAPE_GATE_EXIT={"returncode": 0}
2026-09-30 18:59:29,878 | INFO    | modelscope_hub.download | Downloading 15 files from Qwen/Qwen2.5-7B-Instruct@16c174980d8a1492910551634b4969e69cdc2444

[1ADownloading:   0%|          | 0/15 [00:00<?, ?file/s]

[1A
[1A.gitattributes: 0.00B [00:00, ?B/s][A

[1A
[1A                                   [A
[1ADownloading:   7%|▋         | 1/15 [00:00<00:12,  1.15file/s]

[1A
[1ALICENSE: 0.00B [00:00, ?B/s][A

[1A
[1A                            [A

[1A
[1AREADME.md:   0%|          | 0.00/6.24k [00:00<?, ?B/s][A

[1A
[1A                                                      [A
[1ADownloading:  20%|██        | 3/15 [00:00<00:03,  3.80file/s]

[1A
[1Aconfig.json: 0.00B [00:00, ?B/s][A

[1A
[1A                                [A

[1A
[1Ageneration_config.json:   0%|          | 0.00/243 [00:00<?, ?B/s][A

[1A
[1A                                                                 [A
[1ADownloading:  33%|███▎      | 5/15 [00:01<00:02,  4.07file/s]

[1A
[1Aconfiguration.json:   0%|          | 0.00/2.00 [00:00<?, ?B/s][A

[1A
[1A                                                              [A

[1A
[1Amerges.txt: 0.00B [00:00, ?B/s][A

[1A
[1Amerges.txt: 938kB [00:00, 9.37MB/s][A

[1A                                   [A
[1ADownloading:  47%|████▋     | 7/15 [00:01<00:01,  5.08file/s]

[1A
[1Amodel-00001-of-00004.safetensors:   0%|          | 0.00/3.95G [00:00<?, ?B/s][A

[1A
[1Amodel-00001-of-00004.safetensors:   0%|          | 9.44M/3.95G [00:00<00:43, 91.2MB/s][A

[1A
[1Amodel-00001-of-00004.safetensors:   0%|          | 18.9M/3.95G [00:00<01:44, 37.6MB/s][A


[1A
[1Amodel-00002-of-00004.safetensors:   0%|          | 0.00/3.86G [00:00<?, ?B/s][A[A



[1A
[1Amodel-00003-of-00004.safetensors:   0%|          | 0.00/3.86G [00:00<?, ?B/s][A[A[A

[1A
[1Amodel-00001-of-00004.safetensors:   1%|          | 35.7M/3.95G [00:00<00:56, 69.2MB/s][A


[1A
[1Amodel-00002-of-00004.safetensors:   0%|          | 5.24M/3.86G [00:00<01:21, 47.2MB/s][A[A



[1A
[1Amodel-00003-of-00004.safetensors:   0%|          | 8.39M/3.86G [00:00<00:56, 67.9MB/s][A[A[A




[1A
[1Amodel-00004-of-00004.safetensors:   0%|          | 0.00/3.56G [00:00<?, ?B/s][A[A[A[A

[1A
[1Amodel-00001-of-00004.safetensors:   1%|▏         | 52.4M/3.95G [00:00<00:41, 94.8MB/s][A


[1A
[1Amodel-00002-of-00004.safetensors:   0%|          | 10.5M/3.86G [00:00<01:17, 49.7MB/s][A[A



[1A
[1Amodel-00003-of-00004.safetensors:   0%|          | 16.8M/3.86G [00:00<00:56, 67.8MB/s][A[A[A




[1A
[1Amodel-00004-of-00004.safetensors:   0%|          | 8.39M/3.56G [00:00<00:48, 72.5MB/s][A[A[A[A

[1A
[1Amodel-00001-of-00004.safetensors:   2%|▏         | 67.1M/3.95G [00:00<00:35, 108MB/s] [A


[1A
[1Amodel-00002-of-00004.safetensors:   0%|          | 16.8M/3.86G [00:00<01:22, 46.6MB/s][A[A



[1A
[1Amodel-00003-of-00004.safetensors:   1%|          | 25.2M/3.86G [00:00<00:56, 67.7MB/s][A[A[A




[1Amodel-00004-of-00004.safetensors:   0%|          | 16.8M/3.56G [00:00<00:50, 69.7MB/s][A[A[A[A

[1A
[1Amodel-00001-of-00004.safetensors:   2%|▏         | 80.7M/3.95G [00:00<00:34, 113MB/s][A


[1A
[1Amodel-00002-of-00004.safetensors:   1%|          | 22.0M/3.86G [00:00<01:20, 47.9MB/s][A[A



[1A
[1Amodel-00003-of-00004.safetensors:   1%|          | 32.5M/3.86G [00:00<00:56, 68.1MB/s][A[A[A




[1Amodel-00004-of-00004.safetensors:   1%|          | 24.1M/3.56G [00:00<00:51, 68.9MB/s][A[A[A[A


[1A
[1Amodel-00002-of-00004.safetensors:   1%|          | 27.3M/3.86G [00:00<01:48, 35.5MB/s][A[A

[1A
[1Amodel-00001-of-00004.safetensors:   2%|▏         | 94.4M/3.95G [00:01<00:48, 79.0MB/s][A




[1A
[1Amodel-00004-of-00004.safetensors:   1%|          | 31.5M/3.56G [00:00<01:18, 45.0MB/s][A[A[A[A



[1A
[1Amodel-00003-of-00004.safetensors:   1%|          | 39.8M/3.86G [00:00<01:24, 45.1MB/s][A[A[A

[1A
[1Amodel-00001-of-00004.safetensors:   3%|▎         | 109M/3.95G [00:01<00:41, 91.9MB/s] [A


[1A
[1Amodel-00002-of-00004.safetensors:   1%|          | 31.5M/3.86G [00:00<01:53, 33.9MB/s][A[A




[1A
[1Amodel-00004-of-00004.safetensors:   1%|          | 39.8M/3.56G [00:00<01:05, 53.9MB/s][A[A[A[A



[1A
[1Amodel-00003-of-00004.safetensors:   1%|          | 46.1M/3.86G [00:00<01:19, 47.8MB/s][A[A[A


[1A
[1Amodel-00002-of-00004.safetensors:   1%|          | 36.7M/3.86G [00:00<01:40, 38.1MB/s][A[A

[1Amodel-00001-of-00004.safetensors:   3%|▎         | 121M/3.95G [00:01<00:43, 88.4MB/s][A




[1A
[1Amodel-00004-of-00004.safetensors:   1%|▏         | 49.3M/3.56G [00:00<00:54, 64.0MB/s][A[A[A[A



[1A
[1Amodel-00003-of-00004.safetensors:   1%|▏         | 54.5M/3.86G [00:00<01:08, 55.5MB/s][A[A[A

[1Amodel-00001-of-00004.safetensors:   3%|▎         | 134M/3.95G [00:01<00:38, 98.6MB/s][A




[1A
[1Amodel-00004-of-00004.safetensors:   2%|▏         | 56.6M/3.56G [00:00<00:54, 64.7MB/s][A[A[A[A


[1A
[1Amodel-00002-of-00004.safetensors:   1%|          | 41.9M/3.86G [00:01<01:44, 36.5MB/s][A[A



[1A
[1Amodel-00003-of-00004.safetensors:   2%|▏         | 62.9M/3.86G [00:01<01:02, 60.8MB/s][A[A[A

[1A
[1Amodel-00001-of-00004.safetensors:   4%|▎         | 147M/3.95G [00:01<00:36, 104MB/s] [A




[1A
[1Amodel-00004-of-00004.safetensors:   2%|▏         | 64.0M/3.56G [00:01<00:54, 64.3MB/s][A[A[A[A


[1A
[1Amodel-00002-of-00004.safetensors:   1%|          | 48.2M/3.86G [00:01<01:30, 42.1MB/s][A[A



[1A
[1Amodel-00003-of-00004.safetensors:   2%|▏         | 71.3M/3.86G [00:01<01:02, 60.8MB/s][A[A[A

[1Amodel-00001-of-00004.safetensors:   4%|▍         | 160M/3.95G [00:01<00:33, 112MB/s][A




[1A
[1Amodel-00004-of-00004.safetensors:   2%|▏         | 71.3M/3.56G [00:01<00:53, 65.0MB/s][A[A[A[A



[1A
[1Amodel-00003-of-00004.safetensors:   2%|▏         | 79.7M/3.86G [00:01<01:01, 61.5MB/s][A[A[A

[1A
[1Amodel-00001-of-00004.safetensors:   4%|▍         | 177M/3.95G [00:01<00:30, 125MB/s][A


[1A
[1Amodel-00002-of-00004.safetensors:   1%|▏         | 54.5M/3.86G [00:01<01:34, 40.2MB/s][A[A




[1A
[1Amodel-00004-of-00004.safetensors:   2%|▏         | 79.7M/3.56G [00:01<00:51, 66.9MB/s][A[A[A[A



[1A
[1Amodel-00003-of-00004.safetensors:   2%|▏         | 87.0M/3.86G [00:01<00:58, 64.1MB/s][A[A[A

[1A
[1Amodel-00001-of-00004.safetensors:   5%|▍         | 191M/3.95G [00:01<00:30, 125MB/s][A


[1A
[1Amodel-00002-of-00004.safetensors:   2%|▏         | 59.8M/3.86G [00:01<01:32, 41.2MB/s][A[A




[1A
[1Amodel-00004-of-00004.safetensors:   2%|▏         | 88.1M/3.56G [00:01<00:50, 68.6MB/s][A[A[A[A

[1A
[1Amodel-00001-of-00004.safetensors:   5%|▌         | 204M/3.95G [00:02<00:29, 127MB/s][A


[1A
[1Amodel-00002-of-00004.safetensors:   2%|▏         | 66.1M/3.86G [00:01<01:23, 45.4MB/s][A[A



[1A
[1Amodel-00003-of-00004.safetensors:   2%|▏         | 94.4M/3.86G [00:01<01:01, 61.2MB/s][A[A[A




[1A
[1Amodel-00004-of-00004.safetensors:   3%|▎         | 96.5M/3.56G [00:01<00:50, 68.4MB/s][A[A[A[A

[1A
[1Amodel-00001-of-00004.safetensors:   6%|▌         | 218M/3.95G [00:02<00:29, 128MB/s][A



[1A
[1Amodel-00003-of-00004.safetensors:   3%|▎         | 102M/3.86G [00:01<00:59, 63.4MB/s] [A[A[A


[1A
[1Amodel-00002-of-00004.safetensors:   2%|▏         | 71.3M/3.86G [00:01<01:32, 41.2MB/s][A[A




[1A
[1Amodel-00004-of-00004.safetensors:   3%|▎         | 105M/3.56G [00:01<00:49, 69.9MB/s] [A[A[A[A

[1A
[1Amodel-00001-of-00004.safetensors:   6%|▌         | 234M/3.95G [00:02<00:27, 134MB/s][A



[1A
[1Amodel-00003-of-00004.safetensors:   3%|▎         | 109M/3.86G [00:01<01:00, 62.2MB/s][A[A[A

[1A
[1Amodel-00001-of-00004.safetensors:   6%|▋         | 251M/3.95G [00:02<00:25, 143MB/s][A


[1A
[1Amodel-00002-of-00004.safetensors:   2%|▏         | 79.7M/3.86G [00:01<01:20, 46.9MB/s][A[A




[1A
[1Amodel-00004-of-00004.safetensors:   3%|▎         | 113M/3.56G [00:01<00:50, 67.6MB/s][A[A[A[A



[1A
[1Amodel-00003-of-00004.safetensors:   3%|▎         | 117M/3.86G [00:01<01:04, 58.0MB/s][A[A[A

[1A
[1Amodel-00001-of-00004.safetensors:   7%|▋         | 267M/3.95G [00:02<00:24, 149MB/s][A


[1A
[1Amodel-00002-of-00004.safetensors:   2%|▏         | 86.0M/3.86G [00:01<01:14, 50.4MB/s][A[A




[1A
[1Amodel-00004-of-00004.safetensors:   3%|▎         | 122M/3.56G [00:01<00:49, 70.0MB/s][A[A[A[A



[1A
[1Amodel-00003-of-00004.safetensors:   3%|▎         | 125M/3.86G [00:02<01:00, 61.7MB/s][A[A[A


[1A
[1Amodel-00002-of-00004.safetensors:   2%|▏         | 91.2M/3.86G [00:02<01:16, 49.6MB/s][A[A

[1A
[1Amodel-00001-of-00004.safetensors:   7%|▋         | 283M/3.95G [00:02<00:25, 142MB/s][A




[1A
[1Amodel-00004-of-00004.safetensors:   4%|▎         | 130M/3.56G [00:01<00:49, 68.8MB/s][A[A[A[A



[1A
[1Amodel-00003-of-00004.safetensors:   3%|▎         | 132M/3.86G [00:02<00:58, 63.3MB/s][A[A[A

[1A
[1Amodel-00001-of-00004.safetensors:   8%|▊         | 298M/3.95G [00:02<00:26, 138MB/s][A




[1A
[1Amodel-00004-of-00004.safetensors:   4%|▍         | 138M/3.56G [00:02<00:49, 69.2MB/s][A[A[A[A


[1A
[1Amodel-00002-of-00004.safetensors:   2%|▏         | 96.5M/3.86G [00:02<01:30, 41.6MB/s][A[A



[1A
[1Amodel-00003-of-00004.safetensors:   4%|▎         | 139M/3.86G [00:02<01:01, 60.1MB/s][A[A[A

[1A
[1Amodel-00001-of-00004.safetensors:   8%|▊         | 312M/3.95G [00:02<00:27, 134MB/s][A




[1A
[1Amodel-00004-of-00004.safetensors:   4%|▍         | 147M/3.56G [00:02<00:50, 68.0MB/s][A[A[A[A


[1A
[1Amodel-00002-of-00004.safetensors:   3%|▎         | 102M/3.86G [00:02<01:27, 42.9MB/s] [A[A

[1A
[1Amodel-00001-of-00004.safetensors:   8%|▊         | 326M/3.95G [00:02<00:28, 126MB/s][A



[1A
[1Amodel-00003-of-00004.safetensors:   4%|▍         | 147M/3.86G [00:02<01:04, 57.7MB/s][A[A[A


[1A
[1Amodel-00002-of-00004.safetensors:   3%|▎         | 108M/3.86G [00:02<01:19, 47.2MB/s][A[A




[1A
[1Amodel-00004-of-00004.safetensors:   4%|▍         | 155M/3.56G [00:02<00:49, 68.4MB/s][A[A[A[A



[1A
[1Amodel-00003-of-00004.safetensors:   4%|▍         | 153M/3.86G [00:02<01:03, 58.8MB/s][A[A[A

[1A
[1Amodel-00001-of-00004.safetensors:   9%|▊         | 340M/3.95G [00:03<00:30, 119MB/s][A




[1A
[1Amodel-00004-of-00004.safetensors:   5%|▍         | 163M/3.56G [00:02<00:48, 69.7MB/s][A[A[A[A


[1A
[1Amodel-00002-of-00004.safetensors:   3%|▎         | 113M/3.86G [00:02<01:23, 45.1MB/s][A[A



[1A
[1Amodel-00003-of-00004.safetensors:   4%|▍         | 159M/3.86G [00:02<01:05, 56.8MB/s][A[A[A

[1A
[1Amodel-00001-of-00004.safetensors:   9%|▉         | 352M/3.95G [00:03<00:30, 119MB/s][A




[1A
[1Amodel-00004-of-00004.safetensors:   5%|▍         | 170M/3.56G [00:02<00:51, 66.2MB/s][A[A[A[A


[1A
[1Amodel-00002-of-00004.safetensors:   3%|▎         | 118M/3.86G [00:02<01:21, 45.7MB/s][A[A

[1A
[1Amodel-00001-of-00004.safetensors:   9%|▉         | 368M/3.95G [00:03<00:27, 128MB/s][A



[1A
[1Amodel-00003-of-00004.safetensors:   4%|▍         | 168M/3.86G [00:02<01:00, 60.6MB/s][A[A[A




[1A
[1Amodel-00004-of-00004.safetensors:   5%|▍         | 177M/3.56G [00:02<00:51, 65.6MB/s][A[A[A[A


[1A
[1Amodel-00002-of-00004.safetensors:   3%|▎         | 125M/3.86G [00:02<01:16, 49.1MB/s][A[A

[1A
[1Amodel-00001-of-00004.safetensors:  10%|▉         | 383M/3.95G [00:03<00:26, 133MB/s][A



[1A
[1Amodel-00003-of-00004.safetensors:   5%|▍         | 176M/3.86G [00:02<00:59, 61.8MB/s][A[A[A




[1A
[1Amodel-00004-of-00004.safetensors:   5%|▌         | 185M/3.56G [00:02<00:51, 65.9MB/s][A[A[A[A


[1A
[1Amodel-00002-of-00004.safetensors:   3%|▎         | 130M/3.86G [00:02<01:21, 45.8MB/s][A[A

[1A
[1Amodel-00001-of-00004.safetensors:  10%|█         | 396M/3.95G [00:03<00:27, 129MB/s][A




[1Amodel-00004-of-00004.safetensors:   5%|▌         | 192M/3.56G [00:02<00:51, 65.8MB/s][A[A[A[A



[1A
[1Amodel-00003-of-00004.safetensors:   5%|▍         | 185M/3.86G [00:03<00:59, 62.3MB/s][A[A[A


[1A
[1Amodel-00002-of-00004.safetensors:   4%|▎         | 137M/3.86G [00:03<01:11, 51.9MB/s][A[A

[1A
[1Amodel-00001-of-00004.safetensors:  10%|█         | 410M/3.95G [00:03<00:28, 124MB/s][A



[1A
[1Amodel-00003-of-00004.safetensors:   5%|▍         | 191M/3.86G [00:03<01:00, 61.2MB/s][A[A[A




[1A
[1Amodel-00004-of-00004.safetensors:   6%|▌         | 199M/3.56G [00:03<00:53, 62.2MB/s][A[A[A[A


[1A
[1Amodel-00002-of-00004.safetensors:   4%|▎         | 144M/3.86G [00:03<01:16, 48.7MB/s][A[A

[1A
[1Amodel-00001-of-00004.safetensors:  11%|█         | 423M/3.95G [00:03<00:31, 111MB/s][A




[1A
[1Amodel-00004-of-00004.safetensors:   6%|▌         | 206M/3.56G [00:03<00:55, 60.1MB/s][A[A[A[A



[1A
[1Amodel-00003-of-00004.safetensors:   5%|▌         | 197M/3.86G [00:03<01:06, 55.5MB/s][A[A[A


[1A
[1Amodel-00002-of-00004.safetensors:   4%|▍         | 151M/3.86G [00:03<01:15, 49.3MB/s][A[A



[1Amodel-00003-of-00004.safetensors:   5%|▌         | 203M/3.86G [00:03<01:08, 53.3MB/s][A[A[A




[1A
[1Amodel-00004-of-00004.safetensors:   6%|▌         | 212M/3.56G [00:03<01:01, 54.3MB/s][A[A[A[A


[1A
[1Amodel-00002-of-00004.safetensors:   4%|▍         | 156M/3.86G [00:03<01:14, 50.0MB/s][A[A

[1A
[1Amodel-00001-of-00004.safetensors:  11%|█         | 436M/3.95G [00:03<00:38, 91.9MB/s][A



[1A
[1Amodel-00003-of-00004.safetensors:   5%|▌         | 210M/3.86G [00:03<01:08, 53.6MB/s][A[A[A




[1A
[1Amodel-00004-of-00004.safetensors:   6%|▋         | 222M/3.56G [00:03<00:52, 63.4MB/s][A[A[A[A

[1A
[1Amodel-00001-of-00004.safetensors:  11%|█▏        | 448M/3.95G [00:04<00:36, 95.9MB/s][A


[1A
[1Amodel-00002-of-00004.safetensors:   4%|▍         | 164M/3.86G [00:03<01:12, 51.1MB/s][A[A



[1A
[1Amodel-00003-of-00004.safetensors:   6%|▌         | 217M/3.86G [00:03<01:03, 57.6MB/s][A[A[A




[1A
[1Amodel-00004-of-00004.safetensors:   6%|▋         | 231M/3.56G [00:03<00:50, 66.2MB/s][A[A[A[A

[1A
[1Amodel-00001-of-00004.safetensors:  12%|█▏        | 460M/3.95G [00:04<00:33, 103MB/s] [A


[1A
[1Amodel-00002-of-00004.safetensors:   4%|▍         | 172M/3.86G [00:03<01:09, 53.3MB/s][A[A



[1A
[1Amodel-00003-of-00004.safetensors:   6%|▌         | 223M/3.86G [00:03<01:03, 57.7MB/s][A[A[A

[1A
[1Amodel-00001-of-00004.safetensors:  12%|█▏        | 473M/3.95G [00:04<00:32, 108MB/s][A




[1Amodel-00004-of-00004.safetensors:   7%|▋         | 239M/3.56G [00:03<00:49, 66.4MB/s][A[A[A[A

[1A
[1Amodel-00001-of-00004.safetensors:  12%|█▏        | 484M/3.95G [00:04<00:32, 108MB/s][A


[1Amodel-00002-of-00004.safetensors:   5%|▍         | 178M/3.86G [00:03<01:15, 48.6MB/s][A[A



[1A
[1Amodel-00003-of-00004.safetensors:   6%|▌         | 231M/3.86G [00:03<01:05, 55.9MB/s][A[A[A




[1A
[1Amodel-00004-of-00004.safetensors:   7%|▋         | 247M/3.56G [00:03<00:49, 67.3MB/s][A[A[A[A

[1A
[1Amodel-00001-of-00004.safetensors:  13%|█▎        | 496M/3.95G [00:04<00:32, 108MB/s][A



[1A
[1Amodel-00003-of-00004.safetensors:   6%|▌         | 238M/3.86G [00:04<01:01, 58.7MB/s][A[A[A




[1A
[1Amodel-00004-of-00004.safetensors:   7%|▋         | 255M/3.56G [00:03<00:49, 66.6MB/s][A[A[A[A


[1A
[1Amodel-00002-of-00004.safetensors:   5%|▍         | 184M/3.86G [00:04<01:19, 46.1MB/s][A[A



[1A
[1Amodel-00003-of-00004.safetensors:   6%|▋         | 244M/3.86G [00:04<01:03, 57.4MB/s][A[A[A

[1A
[1Amodel-00001-of-00004.safetensors:  13%|█▎        | 508M/3.95G [00:04<00:35, 97.7MB/s][A




[1A
[1Amodel-00004-of-00004.safetensors:   7%|▋         | 262M/3.56G [00:04<00:51, 63.4MB/s][A[A[A[A


[1A
[1Amodel-00002-of-00004.safetensors:   5%|▍         | 189M/3.86G [00:04<01:24, 43.6MB/s][A[A



[1A
[1Amodel-00003-of-00004.safetensors:   6%|▋         | 251M/3.86G [00:04<01:01, 58.3MB/s][A[A[A

[1A
[1Amodel-00001-of-00004.safetensors:  13%|█▎        | 518M/3.95G [00:04<00:35, 97.0MB/s][A


[1A
[1Amodel-00002-of-00004.safetensors:   5%|▌         | 195M/3.86G [00:04<01:17, 47.7MB/s][A[A




[1A
[1Amodel-00004-of-00004.safetensors:   8%|▊         | 269M/3.56G [00:04<00:54, 60.3MB/s][A[A[A[A

[1A
[1Amodel-00001-of-00004.safetensors:  13%|█▎        | 528M/3.95G [00:04<00:34, 99.1MB/s][A



[1A
[1Amodel-00003-of-00004.safetensors:   7%|▋         | 257M/3.86G [00:04<01:05, 54.8MB/s][A[A[A


[1A
[1Amodel-00002-of-00004.safetensors:   5%|▌         | 200M/3.86G [00:04<01:17, 47.4MB/s][A[A




[1Amodel-00004-of-00004.safetensors:   8%|▊         | 276M/3.56G [00:04<00:55, 59.6MB/s][A[A[A[A

[1A
[1Amodel-00001-of-00004.safetensors:  14%|█▎        | 539M/3.95G [00:04<00:35, 95.3MB/s][A




[1A
[1Amodel-00004-of-00004.safetensors:   8%|▊         | 284M/3.56G [00:04<00:50, 65.2MB/s][A[A[A[A


[1A
[1Amodel-00002-of-00004.safetensors:   5%|▌         | 206M/3.86G [00:04<01:22, 44.2MB/s][A[A

[1A
[1Amodel-00001-of-00004.safetensors:  14%|█▍        | 553M/3.95G [00:05<00:31, 106MB/s] [A




[1A
[1Amodel-00004-of-00004.safetensors:   8%|▊         | 292M/3.56G [00:04<00:51, 63.4MB/s][A[A[A[A

[1A
[1Amodel-00001-of-00004.safetensors:  14%|█▍        | 567M/3.95G [00:05<00:29, 116MB/s][A


[1A
[1Amodel-00002-of-00004.safetensors:   6%|▌         | 214M/3.86G [00:04<01:15, 48.2MB/s][A[A




[1A
[1Amodel-00004-of-00004.safetensors:   8%|▊         | 300M/3.56G [00:04<00:47, 68.4MB/s][A[A[A[A

[1A
[1Amodel-00001-of-00004.safetensors:  15%|█▍        | 584M/3.95G [00:05<00:25, 129MB/s][A


[1A
[1Amodel-00002-of-00004.safetensors:   6%|▌         | 221M/3.86G [00:04<01:07, 53.9MB/s][A[A



[1Amodel-00003-of-00004.safetensors:   7%|▋         | 263M/3.86G [00:04<02:04, 28.9MB/s][A[A[A




[1Amodel-00004-of-00004.safetensors:   9%|▊         | 307M/3.56G [00:04<00:48, 67.3MB/s][A[A[A[A

[1Amodel-00001-of-00004.safetensors:  15%|█▌        | 599M/3.95G [00:05<00:25, 130MB/s][A


[1A
[1Amodel-00002-of-00004.safetensors:   6%|▌         | 228M/3.86G [00:04<01:12, 50.3MB/s][A[A




[1Amodel-00004-of-00004.safetensors:   9%|▉         | 315M/3.56G [00:04<00:49, 65.5MB/s][A[A[A[A



[1A
[1Amodel-00003-of-00004.safetensors:   7%|▋         | 268M/3.86G [00:04<01:57, 30.7MB/s][A[A[A

[1A
[1Amodel-00001-of-00004.safetensors:  16%|█▌        | 612M/3.95G [00:05<00:27, 121MB/s][A


[1A
[1Amodel-00002-of-00004.safetensors:   6%|▌         | 233M/3.86G [00:05<01:11, 50.7MB/s][A[A




[1A
[1Amodel-00004-of-00004.safetensors:   9%|▉         | 323M/3.56G [00:04<00:47, 67.7MB/s][A[A[A[A



[1A
[1Amodel-00003-of-00004.safetensors:   7%|▋         | 277M/3.86G [00:05<01:35, 37.4MB/s][A[A[A

[1A
[1Amodel-00001-of-00004.safetensors:  16%|█▌        | 625M/3.95G [00:05<00:27, 121MB/s][A


[1A
[1Amodel-00002-of-00004.safetensors:   6%|▌         | 239M/3.86G [00:05<01:12, 50.0MB/s][A[A




[1A
[1Amodel-00004-of-00004.safetensors:   9%|▉         | 331M/3.56G [00:05<00:45, 70.7MB/s][A[A[A[A

[1A
[1Amodel-00001-of-00004.safetensors:  16%|█▌        | 638M/3.95G [00:05<00:27, 119MB/s][A



[1A
[1Amodel-00003-of-00004.safetensors:   7%|▋         | 285M/3.86G [00:05<01:23, 43.1MB/s][A[A[A




[1A
[1Amodel-00004-of-00004.safetensors:  10%|▉         | 339M/3.56G [00:05<00:45, 70.2MB/s][A[A[A[A


[1A
[1Amodel-00002-of-00004.safetensors:   6%|▋         | 247M/3.86G [00:05<01:08, 53.0MB/s][A[A

[1A
[1Amodel-00001-of-00004.safetensors:  16%|█▋        | 650M/3.95G [00:05<00:28, 115MB/s][A



[1A
[1Amodel-00003-of-00004.safetensors:   8%|▊         | 293M/3.86G [00:05<01:13, 48.5MB/s][A[A[A


[1A
[1Amodel-00002-of-00004.safetensors:   7%|▋         | 255M/3.86G [00:05<01:03, 57.1MB/s][A[A

[1A
[1Amodel-00001-of-00004.safetensors:  17%|█▋        | 665M/3.95G [00:05<00:26, 122MB/s][A



[1A
[1Amodel-00003-of-00004.safetensors:   8%|▊         | 299M/3.86G [00:05<01:11, 49.6MB/s][A[A[A




[1A
[1Amodel-00004-of-00004.safetensors:  10%|▉         | 346M/3.56G [00:05<00:58, 54.6MB/s][A[A[A[A


[1A
[1Amodel-00002-of-00004.safetensors:   7%|▋         | 261M/3.86G [00:05<01:05, 54.7MB/s][A[A

[1A
[1Amodel-00001-of-00004.safetensors:  17%|█▋        | 681M/3.95G [00:06<00:25, 130MB/s][A




[1A
[1Amodel-00004-of-00004.safetensors:  10%|▉         | 352M/3.56G [00:05<00:58, 55.0MB/s][A[A[A[A



[1A
[1Amodel-00003-of-00004.safetensors:   8%|▊         | 306M/3.86G [00:05<01:11, 50.1MB/s][A[A[A


[1A
[1Amodel-00002-of-00004.safetensors:   7%|▋         | 267M/3.86G [00:05<01:03, 56.7MB/s][A[A

[1A
[1Amodel-00001-of-00004.safetensors:  18%|█▊        | 695M/3.95G [00:06<00:24, 132MB/s][A



[1A
[1Amodel-00003-of-00004.safetensors:   8%|▊         | 312M/3.86G [00:05<01:07, 52.8MB/s][A[A[A




[1A
[1Amodel-00004-of-00004.safetensors:  10%|█         | 361M/3.56G [00:05<00:53, 60.0MB/s][A[A[A[A

[1A
[1Amodel-00001-of-00004.safetensors:  18%|█▊        | 709M/3.95G [00:06<00:24, 131MB/s][A


[1A
[1Amodel-00002-of-00004.safetensors:   7%|▋         | 274M/3.86G [00:05<01:11, 49.9MB/s][A[A



[1A
[1Amodel-00003-of-00004.safetensors:   8%|▊         | 319M/3.86G [00:05<01:07, 52.9MB/s][A[A[A




[1A
[1Amodel-00004-of-00004.safetensors:  10%|█         | 369M/3.56G [00:05<00:50, 63.2MB/s][A[A[A[A

[1A
[1Amodel-00001-of-00004.safetensors:  18%|█▊        | 725M/3.95G [00:06<00:23, 138MB/s][A


[1A
[1Amodel-00002-of-00004.safetensors:   7%|▋         | 279M/3.86G [00:05<01:11, 50.4MB/s][A[A



[1A
[1Amodel-00003-of-00004.safetensors:   8%|▊         | 327M/3.86G [00:05<01:02, 57.0MB/s][A[A[A

[1A
[1Amodel-00001-of-00004.safetensors:  19%|█▉        | 740M/3.95G [00:06<00:22, 140MB/s][A




[1A
[1Amodel-00004-of-00004.safetensors:  11%|█         | 377M/3.56G [00:05<00:50, 62.8MB/s][A[A[A[A


[1A
[1Amodel-00002-of-00004.safetensors:   7%|▋         | 285M/3.86G [00:06<01:11, 49.9MB/s][A[A



[1A
[1Amodel-00003-of-00004.safetensors:   9%|▊         | 336M/3.86G [00:06<00:58, 60.2MB/s][A[A[A

[1A
[1Amodel-00001-of-00004.safetensors:  19%|█▉        | 755M/3.95G [00:06<00:23, 137MB/s][A




[1A
[1Amodel-00004-of-00004.safetensors:  11%|█         | 386M/3.56G [00:05<00:48, 64.8MB/s][A[A[A[A


[1A
[1Amodel-00002-of-00004.safetensors:   8%|▊         | 290M/3.86G [00:06<01:11, 50.0MB/s][A[A



[1A
[1Amodel-00003-of-00004.safetensors:   9%|▉         | 343M/3.86G [00:06<00:55, 63.2MB/s][A[A[A




[1A
[1Amodel-00004-of-00004.safetensors:  11%|█         | 393M/3.56G [00:06<00:49, 64.4MB/s][A[A[A[A


[1A
[1Amodel-00002-of-00004.safetensors:   8%|▊         | 296M/3.86G [00:06<01:12, 49.4MB/s][A[A

[1A
[1Amodel-00001-of-00004.safetensors:  20%|█▉        | 770M/3.95G [00:06<00:28, 111MB/s][A




[1A
[1Amodel-00004-of-00004.safetensors:  11%|█▏        | 401M/3.56G [00:06<00:51, 61.2MB/s][A[A[A[A



[1A
[1Amodel-00003-of-00004.safetensors:   9%|▉         | 350M/3.86G [00:06<01:03, 55.5MB/s][A[A[A


[1A
[1Amodel-00002-of-00004.safetensors:   8%|▊         | 302M/3.86G [00:06<01:17, 46.1MB/s][A[A

[1A
[1Amodel-00001-of-00004.safetensors:  20%|█▉        | 782M/3.95G [00:06<00:29, 107MB/s][A




[1A
[1Amodel-00004-of-00004.safetensors:  11%|█▏        | 407M/3.56G [00:06<00:53, 58.5MB/s][A[A[A[A



[1A
[1Amodel-00003-of-00004.safetensors:   9%|▉         | 357M/3.86G [00:06<01:05, 53.8MB/s][A[A[A


[1A
[1Amodel-00002-of-00004.safetensors:   8%|▊         | 309M/3.86G [00:06<01:08, 51.7MB/s][A[A

[1A
[1Amodel-00001-of-00004.safetensors:  20%|██        | 794M/3.95G [00:07<00:29, 109MB/s][A




[1A
[1Amodel-00004-of-00004.safetensors:  12%|█▏        | 415M/3.56G [00:06<00:51, 61.4MB/s][A[A[A[A



[1A
[1Amodel-00003-of-00004.safetensors:   9%|▉         | 365M/3.86G [00:06<01:00, 57.6MB/s][A[A[A

[1A
[1Amodel-00001-of-00004.safetensors:  20%|██        | 806M/3.95G [00:07<00:28, 111MB/s][A


[1A
[1Amodel-00002-of-00004.safetensors:   8%|▊         | 316M/3.86G [00:06<01:15, 46.9MB/s][A[A




[1A
[1Amodel-00004-of-00004.safetensors:  12%|█▏        | 424M/3.56G [00:06<00:47, 65.5MB/s][A[A[A[A

[1A
[1Amodel-00001-of-00004.safetensors:  21%|██        | 818M/3.95G [00:07<00:28, 110MB/s][A



[1A
[1Amodel-00003-of-00004.safetensors:  10%|▉         | 373M/3.86G [00:06<00:58, 60.2MB/s][A[A[A


[1A
[1Amodel-00002-of-00004.safetensors:   8%|▊         | 322M/3.86G [00:06<01:09, 50.7MB/s][A[A




[1A
[1Amodel-00004-of-00004.safetensors:  12%|█▏        | 432M/3.56G [00:06<00:45, 68.2MB/s][A[A[A[A

[1A
[1Amodel-00001-of-00004.safetensors:  21%|██        | 830M/3.95G [00:07<00:27, 113MB/s][A



[1A
[1Amodel-00003-of-00004.safetensors:  10%|▉         | 380M/3.86G [00:06<01:00, 57.3MB/s][A[A[A


[1A
[1Amodel-00002-of-00004.safetensors:   8%|▊         | 328M/3.86G [00:06<01:11, 49.7MB/s][A[A




[1A
[1Amodel-00004-of-00004.safetensors:  12%|█▏        | 440M/3.56G [00:06<00:43, 71.3MB/s][A[A[A[A

[1A
[1Amodel-00001-of-00004.safetensors:  21%|██▏       | 842M/3.95G [00:07<00:27, 112MB/s][A



[1A
[1Amodel-00003-of-00004.safetensors:  10%|▉         | 386M/3.86G [00:06<01:00, 57.8MB/s][A[A[A




[1A
[1Amodel-00004-of-00004.safetensors:  13%|█▎        | 448M/3.56G [00:06<00:43, 71.4MB/s][A[A[A[A


[1A
[1Amodel-00002-of-00004.safetensors:   9%|▊         | 336M/3.86G [00:07<01:09, 51.0MB/s][A[A

[1A
[1Amodel-00001-of-00004.safetensors:  22%|██▏       | 855M/3.95G [00:07<00:27, 113MB/s][A



[1A
[1Amodel-00003-of-00004.safetensors:  10%|█         | 393M/3.86G [00:07<00:56, 61.6MB/s][A[A[A


[1A
[1Amodel-00002-of-00004.safetensors:   9%|▉         | 341M/3.86G [00:07<01:09, 50.5MB/s][A[A

[1A
[1Amodel-00001-of-00004.safetensors:  22%|██▏       | 866M/3.95G [00:07<00:27, 113MB/s][A




[1A
[1Amodel-00004-of-00004.safetensors:  13%|█▎        | 455M/3.56G [00:07<00:48, 64.5MB/s][A[A[A[A



[1A
[1Amodel-00003-of-00004.safetensors:  10%|█         | 400M/3.86G [00:07<00:56, 60.9MB/s][A[A[A


[1A
[1Amodel-00002-of-00004.safetensors:   9%|▉         | 347M/3.86G [00:07<01:06, 52.8MB/s][A[A

[1A
[1Amodel-00001-of-00004.safetensors:  22%|██▏       | 880M/3.95G [00:07<00:25, 120MB/s][A




[1A
[1Amodel-00004-of-00004.safetensors:  13%|█▎        | 462M/3.56G [00:07<00:48, 64.0MB/s][A[A[A[A



[1A
[1Amodel-00003-of-00004.safetensors:  11%|█         | 407M/3.86G [00:07<00:58, 59.6MB/s][A[A[A

[1A
[1Amodel-00001-of-00004.safetensors:  23%|██▎       | 893M/3.95G [00:07<00:24, 124MB/s][A


[1A
[1Amodel-00002-of-00004.safetensors:   9%|▉         | 353M/3.86G [00:07<01:07, 51.8MB/s][A[A




[1A
[1Amodel-00004-of-00004.safetensors:  13%|█▎        | 470M/3.56G [00:07<00:47, 64.6MB/s][A[A[A[A



[1A
[1Amodel-00003-of-00004.safetensors:  11%|█         | 413M/3.86G [00:07<00:58, 59.3MB/s][A[A[A

[1A
[1Amodel-00001-of-00004.safetensors:  23%|██▎       | 906M/3.95G [00:07<00:24, 123MB/s][A


[1A
[1Amodel-00002-of-00004.safetensors:   9%|▉         | 360M/3.86G [00:07<01:05, 53.5MB/s][A[A




[1A
[1Amodel-00004-of-00004.safetensors:  13%|█▎        | 477M/3.56G [00:07<00:46, 66.3MB/s][A[A[A[A



[1A
[1Amodel-00003-of-00004.safetensors:  11%|█         | 419M/3.86G [00:07<01:01, 56.0MB/s][A[A[A

[1A
[1Amodel-00001-of-00004.safetensors:  23%|██▎       | 921M/3.95G [00:08<00:23, 128MB/s][A



[1A
[1Amodel-00003-of-00004.safetensors:  11%|█         | 426M/3.86G [00:07<00:59, 57.8MB/s][A[A[A




[1A
[1Amodel-00004-of-00004.safetensors:  14%|█▎        | 484M/3.56G [00:07<00:50, 60.5MB/s][A[A[A[A


[1A
[1Amodel-00002-of-00004.safetensors:   9%|▉         | 366M/3.86G [00:07<01:12, 48.1MB/s][A[A

[1A
[1Amodel-00001-of-00004.safetensors:  24%|██▎       | 934M/3.95G [00:08<00:24, 122MB/s][A


[1A
[1Amodel-00002-of-00004.safetensors:  10%|▉         | 371M/3.86G [00:07<01:11, 49.0MB/s][A[A




[1A
[1Amodel-00004-of-00004.safetensors:  14%|█▍        | 493M/3.56G [00:07<00:46, 65.3MB/s][A[A[A[A



[1A
[1Amodel-00003-of-00004.safetensors:  11%|█         | 432M/3.86G [00:07<01:01, 55.6MB/s][A[A[A

[1A
[1Amodel-00001-of-00004.safetensors:  24%|██▍       | 948M/3.95G [00:08<00:24, 125MB/s][A




[1A
[1Amodel-00004-of-00004.safetensors:  14%|█▍        | 500M/3.56G [00:07<00:46, 66.3MB/s][A[A[A[A



[1A
[1Amodel-00003-of-00004.safetensors:  11%|█▏        | 441M/3.86G [00:07<00:53, 64.3MB/s][A[A[A


[1A
[1Amodel-00002-of-00004.safetensors:  10%|▉         | 376M/3.86G [00:07<01:17, 44.9MB/s][A[A

[1A
[1Amodel-00001-of-00004.safetensors:  24%|██▍       | 960M/3.95G [00:08<00:24, 121MB/s][A




[1A
[1Amodel-00004-of-00004.safetensors:  14%|█▍        | 508M/3.56G [00:07<00:45, 67.3MB/s][A[A[A[A



[1A
[1Amodel-00003-of-00004.safetensors:  12%|█▏        | 449M/3.86G [00:08<00:53, 63.5MB/s][A[A[A

[1A
[1Amodel-00001-of-00004.safetensors:  25%|██▍       | 973M/3.95G [00:08<00:24, 121MB/s][A


[1A
[1Amodel-00002-of-00004.safetensors:  10%|▉         | 382M/3.86G [00:08<01:20, 43.1MB/s][A[A




[1A
[1Amodel-00004-of-00004.safetensors:  15%|█▍        | 516M/3.56G [00:07<00:44, 68.8MB/s][A[A[A[A

[1A
[1Amodel-00001-of-00004.safetensors:  25%|██▌       | 987M/3.95G [00:08<00:23, 124MB/s][A



[1A
[1Amodel-00003-of-00004.safetensors:  12%|█▏        | 457M/3.86G [00:08<00:51, 66.0MB/s][A[A[A


[1A
[1Amodel-00002-of-00004.safetensors:  10%|█         | 387M/3.86G [00:08<01:17, 44.8MB/s][A[A




[1A
[1Amodel-00004-of-00004.safetensors:  15%|█▍        | 524M/3.56G [00:08<00:44, 68.6MB/s][A[A[A[A

[1A
[1Amodel-00001-of-00004.safetensors:  25%|██▌       | 999M/3.95G [00:08<00:24, 122MB/s][A


[1A
[1Amodel-00002-of-00004.safetensors:  10%|█         | 393M/3.86G [00:08<01:10, 49.0MB/s][A[A



[1A
[1Amodel-00003-of-00004.safetensors:  12%|█▏        | 466M/3.86G [00:08<00:50, 66.9MB/s][A[A[A

[1A
[1Amodel-00001-of-00004.safetensors:  26%|██▌       | 1.01G/3.95G [00:08<00:24, 121MB/s][A




[1A
[1Amodel-00004-of-00004.safetensors:  15%|█▍        | 533M/3.56G [00:08<00:43, 68.8MB/s][A[A[A[A


[1A
[1Amodel-00002-of-00004.safetensors:  10%|█         | 398M/3.86G [00:08<01:14, 46.6MB/s][A[A



[1A
[1Amodel-00003-of-00004.safetensors:  12%|█▏        | 474M/3.86G [00:08<00:51, 66.1MB/s][A[A[A

[1A
[1Amodel-00001-of-00004.safetensors:  26%|██▌       | 1.02G/3.95G [00:08<00:24, 119MB/s][A


[1A
[1Amodel-00002-of-00004.safetensors:  10%|█         | 405M/3.86G [00:08<01:10, 48.9MB/s][A[A



[1A
[1Amodel-00003-of-00004.safetensors:  12%|█▏        | 481M/3.86G [00:08<00:50, 66.3MB/s][A[A[A




[1Amodel-00004-of-00004.safetensors:  15%|█▌        | 541M/3.56G [00:08<00:48, 62.5MB/s][A[A[A[A

[1A
[1Amodel-00001-of-00004.safetensors:  26%|██▋       | 1.04G/3.95G [00:09<00:25, 115MB/s][A


[1A
[1Amodel-00002-of-00004.safetensors:  11%|█         | 410M/3.86G [00:08<01:11, 48.5MB/s][A[A




[1A
[1Amodel-00004-of-00004.safetensors:  15%|█▌        | 548M/3.56G [00:08<00:46, 64.8MB/s][A[A[A[A



[1A
[1Amodel-00003-of-00004.safetensors:  13%|█▎        | 489M/3.86G [00:08<00:53, 63.0MB/s][A[A[A

[1Amodel-00001-of-00004.safetensors:  27%|██▋       | 1.05G/3.95G [00:09<00:26, 111MB/s][A




[1A
[1Amodel-00004-of-00004.safetensors:  16%|█▌        | 556M/3.56G [00:08<00:47, 62.5MB/s][A[A[A[A


[1A
[1Amodel-00002-of-00004.safetensors:  11%|█         | 415M/3.86G [00:08<01:18, 44.2MB/s][A[A



[1A
[1Amodel-00003-of-00004.safetensors:  13%|█▎        | 496M/3.86G [00:08<00:57, 58.7MB/s][A[A[A

[1A
[1Amodel-00001-of-00004.safetensors:  27%|██▋       | 1.06G/3.95G [00:09<00:25, 112MB/s][A




[1A
[1Amodel-00004-of-00004.safetensors:  16%|█▌        | 563M/3.56G [00:08<00:47, 63.0MB/s][A[A[A[A


[1A
[1Amodel-00002-of-00004.safetensors:  11%|█         | 420M/3.86G [00:08<01:14, 46.1MB/s][A[A



[1A
[1Amodel-00003-of-00004.safetensors:  13%|█▎        | 502M/3.86G [00:08<00:56, 59.7MB/s][A[A[A

[1A
[1Amodel-00001-of-00004.safetensors:  27%|██▋       | 1.07G/3.95G [00:09<00:24, 117MB/s][A


[1A
[1Amodel-00002-of-00004.safetensors:  11%|█         | 426M/3.86G [00:08<01:12, 47.5MB/s][A[A




[1A
[1Amodel-00004-of-00004.safetensors:  16%|█▌        | 571M/3.56G [00:08<00:44, 67.4MB/s][A[A[A[A

[1A
[1Amodel-00001-of-00004.safetensors:  28%|██▊       | 1.09G/3.95G [00:09<00:24, 118MB/s][A



[1A
[1Amodel-00003-of-00004.safetensors:  13%|█▎        | 509M/3.86G [00:08<00:58, 57.2MB/s][A[A[A




[1A
[1Amodel-00004-of-00004.safetensors:  16%|█▋        | 579M/3.56G [00:08<00:43, 68.8MB/s][A[A[A[A

[1A
[1Amodel-00001-of-00004.safetensors:  28%|██▊       | 1.10G/3.95G [00:09<00:23, 122MB/s][A



[1A
[1Amodel-00003-of-00004.safetensors:  13%|█▎        | 516M/3.86G [00:09<00:54, 61.0MB/s][A[A[A




[1A
[1Amodel-00004-of-00004.safetensors:  17%|█▋        | 587M/3.56G [00:09<00:42, 70.2MB/s][A[A[A[A

[1A
[1Amodel-00001-of-00004.safetensors:  28%|██▊       | 1.11G/3.95G [00:09<00:23, 122MB/s][A



[1A
[1Amodel-00003-of-00004.safetensors:  14%|█▎        | 524M/3.86G [00:09<00:52, 64.0MB/s][A[A[A


[1A
[1Amodel-00002-of-00004.safetensors:  11%|█         | 431M/3.86G [00:09<01:41, 33.8MB/s][A[A




[1A
[1Amodel-00004-of-00004.safetensors:  17%|█▋        | 596M/3.56G [00:09<00:43, 68.7MB/s][A[A[A[A

[1A
[1Amodel-00001-of-00004.safetensors:  29%|██▊       | 1.13G/3.95G [00:09<00:23, 119MB/s][A


[1A
[1Amodel-00002-of-00004.safetensors:  11%|█▏        | 435M/3.86G [00:09<01:39, 34.4MB/s][A[A



[1A
[1Amodel-00003-of-00004.safetensors:  14%|█▍        | 533M/3.86G [00:09<00:50, 65.6MB/s][A[A[A




[1A
[1Amodel-00004-of-00004.safetensors:  17%|█▋        | 603M/3.56G [00:09<00:43, 67.5MB/s][A[A[A[A

[1A
[1Amodel-00001-of-00004.safetensors:  29%|██▉       | 1.14G/3.95G [00:09<00:24, 113MB/s][A


[1A
[1Amodel-00002-of-00004.safetensors:  11%|█▏        | 439M/3.86G [00:09<01:35, 35.8MB/s][A[A



[1A
[1Amodel-00003-of-00004.safetensors:  14%|█▍        | 540M/3.86G [00:09<00:49, 66.7MB/s][A[A[A




[1A
[1Amodel-00004-of-00004.safetensors:  17%|█▋        | 610M/3.56G [00:09<00:43, 67.9MB/s][A[A[A[A

[1A
[1Amodel-00001-of-00004.safetensors:  29%|██▉       | 1.15G/3.95G [00:10<00:24, 113MB/s][A



[1A
[1Amodel-00003-of-00004.safetensors:  14%|█▍        | 547M/3.86G [00:09<00:50, 66.0MB/s][A[A[A




[1A
[1Amodel-00004-of-00004.safetensors:  17%|█▋        | 618M/3.56G [00:09<00:44, 65.8MB/s][A[A[A[A

[1A
[1Amodel-00001-of-00004.safetensors:  29%|██▉       | 1.16G/3.95G [00:10<00:24, 112MB/s][A


[1A
[1Amodel-00002-of-00004.safetensors:  11%|█▏        | 444M/3.86G [00:09<02:02, 28.0MB/s][A[A



[1A
[1Amodel-00003-of-00004.safetensors:  14%|█▍        | 555M/3.86G [00:09<00:52, 63.2MB/s][A[A[A




[1A
[1Amodel-00004-of-00004.safetensors:  18%|█▊        | 625M/3.56G [00:09<00:44, 65.8MB/s][A[A[A[A

[1A
[1Amodel-00001-of-00004.safetensors:  30%|██▉       | 1.17G/3.95G [00:10<00:25, 110MB/s][A


[1A
[1Amodel-00002-of-00004.safetensors:  12%|█▏        | 449M/3.86G [00:09<01:47, 31.6MB/s][A[A



[1A
[1Amodel-00003-of-00004.safetensors:  15%|█▍        | 562M/3.86G [00:09<00:52, 62.9MB/s][A[A[A

[1A
[1Amodel-00001-of-00004.safetensors:  30%|███       | 1.19G/3.95G [00:10<00:23, 119MB/s][A




[1A
[1Amodel-00004-of-00004.safetensors:  18%|█▊        | 633M/3.56G [00:09<00:45, 63.7MB/s][A[A[A[A


[1A
[1Amodel-00002-of-00004.safetensors:  12%|█▏        | 454M/3.86G [00:09<01:34, 36.0MB/s][A[A



[1A
[1Amodel-00003-of-00004.safetensors:  15%|█▍        | 570M/3.86G [00:09<00:53, 61.2MB/s][A[A[A

[1A
[1Amodel-00001-of-00004.safetensors:  30%|███       | 1.20G/3.95G [00:10<00:23, 118MB/s][A




[1A
[1Amodel-00004-of-00004.safetensors:  18%|█▊        | 642M/3.56G [00:09<00:43, 66.3MB/s][A[A[A[A

[1A
[1Amodel-00001-of-00004.safetensors:  31%|███       | 1.21G/3.95G [00:10<00:22, 122MB/s][A



[1A
[1Amodel-00003-of-00004.safetensors:  15%|█▍        | 579M/3.86G [00:10<00:54, 60.7MB/s][A[A[A




[1A
[1Amodel-00004-of-00004.safetensors:  18%|█▊        | 651M/3.56G [00:09<00:39, 72.9MB/s][A[A[A[A


[1A
[1Amodel-00002-of-00004.safetensors:  12%|█▏        | 458M/3.86G [00:10<02:03, 27.6MB/s][A[A

[1A
[1Amodel-00001-of-00004.safetensors:  31%|███       | 1.23G/3.95G [00:10<00:21, 124MB/s][A



[1A
[1Amodel-00003-of-00004.safetensors:  15%|█▌        | 587M/3.86G [00:10<00:52, 62.0MB/s][A[A[A




[1A
[1Amodel-00004-of-00004.safetensors:  19%|█▊        | 660M/3.56G [00:10<00:43, 66.4MB/s][A[A[A[A

[1A
[1Amodel-00001-of-00004.safetensors:  31%|███▏      | 1.24G/3.95G [00:10<00:20, 129MB/s][A



[1A
[1Amodel-00003-of-00004.safetensors:  15%|█▌        | 593M/3.86G [00:10<00:53, 61.6MB/s][A[A[A


[1A
[1Amodel-00002-of-00004.safetensors:  12%|█▏        | 462M/3.86G [00:10<02:11, 25.9MB/s][A[A




[1A
[1Amodel-00004-of-00004.safetensors:  19%|█▉        | 667M/3.56G [00:10<00:43, 66.3MB/s][A[A[A[A

[1A
[1Amodel-00001-of-00004.safetensors:  32%|███▏      | 1.26G/3.95G [00:10<00:19, 137MB/s][A



[1A
[1Amodel-00003-of-00004.safetensors:  16%|█▌        | 602M/3.86G [00:10<00:49, 66.5MB/s][A[A[A


[1A
[1Amodel-00002-of-00004.safetensors:  12%|█▏        | 467M/3.86G [00:10<01:58, 28.7MB/s][A[A




[1A
[1Amodel-00004-of-00004.safetensors:  19%|█▉        | 676M/3.56G [00:10<00:39, 72.2MB/s][A[A[A[A

[1A
[1Amodel-00001-of-00004.safetensors:  32%|███▏      | 1.27G/3.95G [00:10<00:19, 140MB/s][A



[1Amodel-00003-of-00004.safetensors:  16%|█▌        | 609M/3.86G [00:10<00:48, 67.5MB/s][A[A[A


[1A
[1Amodel-00002-of-00004.safetensors:  12%|█▏        | 471M/3.86G [00:10<01:48, 31.4MB/s][A[A

[1A
[1Amodel-00001-of-00004.safetensors:  33%|███▎      | 1.29G/3.95G [00:11<00:18, 145MB/s][A




[1A
[1Amodel-00004-of-00004.safetensors:  19%|█▉        | 685M/3.56G [00:10<00:40, 71.3MB/s][A[A[A[A



[1A
[1Amodel-00003-of-00004.safetensors:  16%|█▌        | 618M/3.86G [00:10<00:45, 71.4MB/s][A[A[A


[1A
[1Amodel-00002-of-00004.safetensors:  12%|█▏        | 476M/3.86G [00:10<01:33, 36.1MB/s][A[A

[1A
[1Amodel-00001-of-00004.safetensors:  33%|███▎      | 1.31G/3.95G [00:11<00:17, 150MB/s][A




[1A
[1Amodel-00004-of-00004.safetensors:  19%|█▉        | 692M/3.56G [00:10<00:40, 69.9MB/s][A[A[A[A



[1A
[1Amodel-00003-of-00004.safetensors:  16%|█▌        | 625M/3.86G [00:10<00:45, 71.3MB/s][A[A[A


[1A
[1Amodel-00002-of-00004.safetensors:  12%|█▏        | 482M/3.86G [00:10<01:26, 39.3MB/s][A[A

[1A
[1Amodel-00001-of-00004.safetensors:  34%|███▎      | 1.32G/3.95G [00:11<00:17, 151MB/s][A




[1A
[1Amodel-00004-of-00004.safetensors:  20%|█▉        | 700M/3.56G [00:10<00:41, 69.0MB/s][A[A[A[A



[1A
[1Amodel-00003-of-00004.safetensors:  16%|█▋        | 633M/3.86G [00:10<00:48, 67.1MB/s][A[A[A


[1A
[1Amodel-00002-of-00004.safetensors:  13%|█▎        | 490M/3.86G [00:10<01:11, 47.2MB/s][A[A

[1A
[1Amodel-00001-of-00004.safetensors:  34%|███▍      | 1.34G/3.95G [00:11<00:17, 147MB/s][A




[1A
[1Amodel-00004-of-00004.safetensors:  20%|█▉        | 709M/3.56G [00:10<00:41, 68.2MB/s][A[A[A[A


[1A
[1Amodel-00002-of-00004.safetensors:  13%|█▎        | 495M/3.86G [00:11<01:13, 46.1MB/s][A[A



[1A
[1Amodel-00003-of-00004.safetensors:  17%|█▋        | 642M/3.86G [00:11<00:49, 65.7MB/s][A[A[A

[1A
[1Amodel-00001-of-00004.safetensors:  34%|███▍      | 1.35G/3.95G [00:11<00:18, 142MB/s][A




[1A
[1Amodel-00004-of-00004.safetensors:  20%|██        | 717M/3.56G [00:10<00:42, 67.4MB/s][A[A[A[A

[1A
[1Amodel-00001-of-00004.safetensors:  35%|███▍      | 1.37G/3.95G [00:11<00:17, 145MB/s][A



[1A
[1Amodel-00003-of-00004.safetensors:  17%|█▋        | 650M/3.86G [00:11<00:49, 64.5MB/s][A[A[A


[1A
[1Amodel-00002-of-00004.safetensors:  13%|█▎        | 503M/3.86G [00:11<01:13, 45.5MB/s][A[A




[1A
[1Amodel-00004-of-00004.safetensors:  20%|██        | 726M/3.56G [00:11<00:41, 68.0MB/s][A[A[A[A

[1A
[1Amodel-00001-of-00004.safetensors:  35%|███▌      | 1.39G/3.95G [00:11<00:17, 148MB/s][A



[1A
[1Amodel-00003-of-00004.safetensors:  17%|█▋        | 659M/3.86G [00:11<00:50, 64.0MB/s][A[A[A




[1A
[1Amodel-00004-of-00004.safetensors:  21%|██        | 734M/3.56G [00:11<00:40, 69.1MB/s][A[A[A[A


[1A
[1Amodel-00002-of-00004.safetensors:  13%|█▎        | 512M/3.86G [00:11<01:07, 49.5MB/s][A[A

[1A
[1Amodel-00001-of-00004.safetensors:  36%|███▌      | 1.40G/3.95G [00:11<00:16, 150MB/s][A



[1A
[1Amodel-00003-of-00004.safetensors:  17%|█▋        | 666M/3.86G [00:11<00:48, 65.8MB/s][A[A[A


[1A
[1Amodel-00002-of-00004.safetensors:  13%|█▎        | 517M/3.86G [00:11<01:07, 49.5MB/s][A[A




[1A
[1Amodel-00004-of-00004.safetensors:  21%|██        | 742M/3.56G [00:11<00:40, 70.2MB/s][A[A[A[A

[1A
[1Amodel-00001-of-00004.safetensors:  36%|███▌      | 1.42G/3.95G [00:11<00:17, 142MB/s][A



[1A
[1Amodel-00003-of-00004.safetensors:  17%|█▋        | 673M/3.86G [00:11<00:50, 63.2MB/s][A[A[A


[1A
[1Amodel-00002-of-00004.safetensors:  14%|█▎        | 523M/3.86G [00:11<01:04, 51.7MB/s][A[A




[1A
[1Amodel-00004-of-00004.safetensors:  21%|██        | 750M/3.56G [00:11<00:42, 66.6MB/s][A[A[A[A

[1A
[1Amodel-00001-of-00004.safetensors:  36%|███▋      | 1.43G/3.95G [00:12<00:19, 127MB/s][A



[1A
[1Amodel-00003-of-00004.safetensors:  18%|█▊        | 681M/3.86G [00:11<00:52, 60.7MB/s][A[A[A




[1A
[1Amodel-00004-of-00004.safetensors:  21%|██▏       | 757M/3.56G [00:11<00:43, 64.7MB/s][A[A[A[A


[1A
[1Amodel-00002-of-00004.safetensors:  14%|█▎        | 530M/3.86G [00:11<01:11, 46.6MB/s][A[A

[1A
[1Amodel-00001-of-00004.safetensors:  37%|███▋      | 1.44G/3.95G [00:12<00:21, 119MB/s][A



[1A
[1Amodel-00003-of-00004.safetensors:  18%|█▊        | 688M/3.86G [00:11<00:52, 60.6MB/s][A[A[A




[1A
[1Amodel-00004-of-00004.safetensors:  21%|██▏       | 764M/3.56G [00:11<00:43, 64.6MB/s][A[A[A[A

[1A
[1Amodel-00001-of-00004.safetensors:  37%|███▋      | 1.46G/3.95G [00:12<00:20, 119MB/s][A


[1A
[1Amodel-00002-of-00004.safetensors:  14%|█▍        | 535M/3.86G [00:11<01:15, 44.2MB/s][A[A



[1A
[1Amodel-00003-of-00004.safetensors:  18%|█▊        | 696M/3.86G [00:11<00:50, 62.7MB/s][A[A[A




[1A
[1Amodel-00004-of-00004.safetensors:  22%|██▏       | 772M/3.56G [00:11<00:43, 64.1MB/s][A[A[A[A


[1A
[1Amodel-00002-of-00004.safetensors:  14%|█▍        | 541M/3.86G [00:11<01:14, 44.8MB/s][A[A



[1A
[1Amodel-00003-of-00004.safetensors:  18%|█▊        | 705M/3.86G [00:12<00:49, 63.3MB/s][A[A[A




[1A
[1Amodel-00004-of-00004.safetensors:  22%|██▏       | 780M/3.56G [00:11<00:42, 66.0MB/s][A[A[A[A

[1A
[1Amodel-00001-of-00004.safetensors:  37%|███▋      | 1.47G/3.95G [00:12<00:26, 92.3MB/s][A


[1A
[1Amodel-00002-of-00004.safetensors:  14%|█▍        | 548M/3.86G [00:12<01:05, 50.6MB/s][A[A




[1A
[1Amodel-00004-of-00004.safetensors:  22%|██▏       | 789M/3.56G [00:12<00:40, 68.7MB/s][A[A[A[A



[1A
[1Amodel-00003-of-00004.safetensors:  18%|█▊        | 713M/3.86G [00:12<00:50, 62.4MB/s][A[A[A

[1A
[1Amodel-00001-of-00004.safetensors:  38%|███▊      | 1.48G/3.95G [00:12<00:25, 95.2MB/s][A


[1A
[1Amodel-00002-of-00004.safetensors:  14%|█▍        | 554M/3.86G [00:12<01:08, 48.4MB/s][A[A



[1A
[1Amodel-00003-of-00004.safetensors:  19%|█▊        | 719M/3.86G [00:12<00:51, 61.6MB/s][A[A[A




[1A
[1Amodel-00004-of-00004.safetensors:  22%|██▏       | 797M/3.56G [00:12<00:39, 70.3MB/s][A[A[A[A

[1A
[1Amodel-00001-of-00004.safetensors:  38%|███▊      | 1.49G/3.95G [00:12<00:23, 102MB/s] [A


[1A
[1Amodel-00002-of-00004.safetensors:  14%|█▍        | 560M/3.86G [00:12<01:04, 51.2MB/s][A[A

[1A
[1Amodel-00001-of-00004.safetensors:  38%|███▊      | 1.51G/3.95G [00:12<00:22, 107MB/s][A



[1A
[1Amodel-00003-of-00004.safetensors:  19%|█▉        | 726M/3.86G [00:12<00:53, 58.3MB/s][A[A[A




[1A
[1Amodel-00004-of-00004.safetensors:  23%|██▎       | 805M/3.56G [00:12<00:40, 67.5MB/s][A[A[A[A

[1A
[1Amodel-00001-of-00004.safetensors:  39%|███▊      | 1.52G/3.95G [00:12<00:20, 119MB/s][A


[1A
[1Amodel-00002-of-00004.safetensors:  15%|█▍        | 566M/3.86G [00:12<01:10, 47.0MB/s][A[A




[1A
[1Amodel-00004-of-00004.safetensors:  23%|██▎       | 814M/3.56G [00:12<00:38, 70.9MB/s][A[A[A[A



[1A
[1Amodel-00003-of-00004.safetensors:  19%|█▉        | 734M/3.86G [00:12<00:51, 61.1MB/s][A[A[A

[1A
[1Amodel-00001-of-00004.safetensors:  39%|███▉      | 1.54G/3.95G [00:13<00:19, 125MB/s][A


[1A
[1Amodel-00002-of-00004.safetensors:  15%|█▍        | 573M/3.86G [00:12<01:05, 49.9MB/s][A[A




[1A
[1Amodel-00004-of-00004.safetensors:  23%|██▎       | 822M/3.56G [00:12<00:37, 73.6MB/s][A[A[A[A



[1A
[1Amodel-00003-of-00004.safetensors:  19%|█▉        | 742M/3.86G [00:12<00:49, 62.6MB/s][A[A[A

[1A
[1Amodel-00001-of-00004.safetensors:  39%|███▉      | 1.55G/3.95G [00:13<00:18, 130MB/s][A




[1A
[1Amodel-00004-of-00004.safetensors:  23%|██▎       | 830M/3.56G [00:12<00:36, 75.3MB/s][A[A[A[A



[1A
[1Amodel-00003-of-00004.safetensors:  19%|█▉        | 752M/3.86G [00:12<00:44, 70.1MB/s][A[A[A


[1A
[1Amodel-00002-of-00004.safetensors:  15%|█▍        | 579M/3.86G [00:12<01:12, 45.2MB/s][A[A

[1A
[1Amodel-00001-of-00004.safetensors:  40%|███▉      | 1.57G/3.95G [00:13<00:17, 137MB/s][A




[1A
[1Amodel-00004-of-00004.safetensors:  24%|██▎       | 839M/3.56G [00:12<00:37, 71.8MB/s][A[A[A[A



[1A
[1Amodel-00003-of-00004.safetensors:  20%|█▉        | 759M/3.86G [00:12<00:46, 66.9MB/s][A[A[A


[1A
[1Amodel-00002-of-00004.safetensors:  15%|█▌        | 584M/3.86G [00:12<01:10, 46.4MB/s][A[A

[1A
[1Amodel-00001-of-00004.safetensors:  40%|████      | 1.58G/3.95G [00:13<00:17, 134MB/s][A




[1A
[1Amodel-00004-of-00004.safetensors:  24%|██▍       | 847M/3.56G [00:12<00:37, 73.0MB/s][A[A[A[A


[1A
[1Amodel-00002-of-00004.safetensors:  15%|█▌        | 590M/3.86G [00:12<01:05, 50.3MB/s][A[A



[1A
[1Amodel-00003-of-00004.safetensors:  20%|█▉        | 768M/3.86G [00:12<00:46, 67.3MB/s][A[A[A

[1A
[1Amodel-00001-of-00004.safetensors:  40%|████      | 1.60G/3.95G [00:13<00:17, 132MB/s][A




[1A
[1Amodel-00004-of-00004.safetensors:  24%|██▍       | 856M/3.56G [00:12<00:38, 70.9MB/s][A[A[A[A



[1A
[1Amodel-00003-of-00004.safetensors:  20%|██        | 776M/3.86G [00:13<00:44, 69.3MB/s][A[A[A


[1A
[1Amodel-00002-of-00004.safetensors:  15%|█▌        | 596M/3.86G [00:13<01:12, 45.3MB/s][A[A

[1A
[1Amodel-00001-of-00004.safetensors:  41%|████      | 1.61G/3.95G [00:13<00:16, 138MB/s][A




[1A
[1Amodel-00004-of-00004.safetensors:  24%|██▍       | 864M/3.56G [00:13<00:36, 74.3MB/s][A[A[A[A



[1A
[1Amodel-00003-of-00004.safetensors:  20%|██        | 784M/3.86G [00:13<00:42, 72.1MB/s][A[A[A

[1A
[1Amodel-00001-of-00004.safetensors:  41%|████      | 1.63G/3.95G [00:13<00:16, 138MB/s][A


[1A
[1Amodel-00002-of-00004.safetensors:  16%|█▌        | 604M/3.86G [00:13<01:06, 49.2MB/s][A[A




[1A
[1Amodel-00004-of-00004.safetensors:  25%|██▍       | 872M/3.56G [00:13<00:36, 74.5MB/s][A[A[A[A



[1A
[1Amodel-00003-of-00004.safetensors:  21%|██        | 793M/3.86G [00:13<00:42, 71.9MB/s][A[A[A

[1A
[1Amodel-00001-of-00004.safetensors:  42%|████▏     | 1.64G/3.95G [00:13<00:16, 138MB/s][A


[1A
[1Amodel-00002-of-00004.safetensors:  16%|█▌        | 609M/3.86G [00:13<01:05, 50.0MB/s][A[A




[1A
[1Amodel-00004-of-00004.safetensors:  25%|██▍       | 881M/3.56G [00:13<00:36, 73.7MB/s][A[A[A[A

[1A
[1Amodel-00001-of-00004.safetensors:  42%|████▏     | 1.66G/3.95G [00:13<00:17, 135MB/s][A



[1A
[1Amodel-00003-of-00004.safetensors:  21%|██        | 801M/3.86G [00:13<00:44, 69.1MB/s][A[A[A


[1A
[1Amodel-00002-of-00004.safetensors:  16%|█▌        | 617M/3.86G [00:13<01:05, 49.8MB/s][A[A




[1A
[1Amodel-00004-of-00004.safetensors:  25%|██▌       | 889M/3.56G [00:13<00:37, 70.9MB/s][A[A[A[A

[1A
[1Amodel-00001-of-00004.safetensors:  42%|████▏     | 1.67G/3.95G [00:14<00:17, 133MB/s][A



[1A
[1Amodel-00003-of-00004.safetensors:  21%|██        | 808M/3.86G [00:13<00:45, 67.2MB/s][A[A[A




[1A
[1Amodel-00004-of-00004.safetensors:  25%|██▌       | 898M/3.56G [00:13<00:37, 71.4MB/s][A[A[A[A


[1A
[1Amodel-00002-of-00004.safetensors:  16%|█▌        | 625M/3.86G [00:13<01:03, 51.3MB/s][A[A

[1A
[1Amodel-00001-of-00004.safetensors:  43%|████▎     | 1.68G/3.95G [00:14<00:17, 127MB/s][A



[1A
[1Amodel-00003-of-00004.safetensors:  21%|██        | 816M/3.86G [00:13<00:48, 63.0MB/s][A[A[A




[1A
[1Amodel-00004-of-00004.safetensors:  25%|██▌       | 906M/3.56G [00:13<00:36, 72.3MB/s][A[A[A[A

[1A
[1Amodel-00001-of-00004.safetensors:  43%|████▎     | 1.70G/3.95G [00:14<00:17, 128MB/s][A



[1Amodel-00003-of-00004.safetensors:  21%|██▏       | 825M/3.86G [00:13<00:43, 70.3MB/s][A[A[A


[1A
[1Amodel-00002-of-00004.safetensors:  16%|█▋        | 633M/3.86G [00:13<01:01, 52.2MB/s][A[A

[1A
[1Amodel-00001-of-00004.safetensors:  43%|████▎     | 1.71G/3.95G [00:14<00:16, 138MB/s][A




[1A
[1Amodel-00004-of-00004.safetensors:  26%|██▌       | 914M/3.56G [00:13<00:36, 72.2MB/s][A[A[A[A



[1A
[1Amodel-00003-of-00004.safetensors:  22%|██▏       | 833M/3.86G [00:13<00:43, 69.6MB/s][A[A[A


[1A
[1Amodel-00002-of-00004.safetensors:  17%|█▋        | 641M/3.86G [00:13<00:56, 56.6MB/s][A[A

[1A
[1Amodel-00001-of-00004.safetensors:  44%|████▍     | 1.73G/3.95G [00:14<00:15, 146MB/s][A




[1A
[1Amodel-00004-of-00004.safetensors:  26%|██▌       | 923M/3.56G [00:13<00:35, 73.9MB/s][A[A[A[A



[1A
[1Amodel-00003-of-00004.safetensors:  22%|██▏       | 841M/3.86G [00:14<00:41, 72.2MB/s][A[A[A


[1Amodel-00002-of-00004.safetensors:  17%|█▋        | 647M/3.86G [00:14<01:01, 52.0MB/s][A[A

[1A
[1Amodel-00001-of-00004.safetensors:  44%|████▍     | 1.74G/3.95G [00:14<00:15, 140MB/s][A




[1A
[1Amodel-00004-of-00004.safetensors:  26%|██▌       | 931M/3.56G [00:13<00:35, 74.5MB/s][A[A[A[A



[1A
[1Amodel-00003-of-00004.safetensors:  22%|██▏       | 848M/3.86G [00:14<00:44, 68.5MB/s][A[A[A


[1A
[1Amodel-00002-of-00004.safetensors:  17%|█▋        | 653M/3.86G [00:14<01:04, 49.8MB/s][A[A

[1A
[1Amodel-00001-of-00004.safetensors:  45%|████▍     | 1.76G/3.95G [00:14<00:16, 133MB/s][A




[1A
[1Amodel-00004-of-00004.safetensors:  26%|██▋       | 940M/3.56G [00:14<00:35, 73.4MB/s][A[A[A[A



[1A
[1Amodel-00003-of-00004.safetensors:  22%|██▏       | 856M/3.86G [00:14<00:44, 67.4MB/s][A[A[A

[1A
[1Amodel-00001-of-00004.safetensors:  45%|████▍     | 1.77G/3.95G [00:14<00:16, 130MB/s][A




[1A
[1Amodel-00004-of-00004.safetensors:  27%|██▋       | 948M/3.56G [00:14<00:36, 71.9MB/s][A[A[A[A


[1A
[1Amodel-00002-of-00004.safetensors:  17%|█▋        | 659M/3.86G [00:14<01:10, 45.7MB/s][A[A



[1A
[1Amodel-00003-of-00004.safetensors:  22%|██▏       | 864M/3.86G [00:14<00:43, 69.3MB/s][A[A[A


[1A
[1Amodel-00002-of-00004.safetensors:  17%|█▋        | 664M/3.86G [00:14<01:07, 47.1MB/s][A[A

[1A
[1Amodel-00001-of-00004.safetensors:  45%|████▌     | 1.79G/3.95G [00:14<00:17, 122MB/s][A




[1A
[1Amodel-00004-of-00004.safetensors:  27%|██▋       | 956M/3.56G [00:14<00:37, 69.6MB/s][A[A[A[A



[1A
[1Amodel-00003-of-00004.safetensors:  23%|██▎       | 871M/3.86G [00:14<00:43, 68.8MB/s][A[A[A

[1A
[1Amodel-00001-of-00004.safetensors:  46%|████▌     | 1.80G/3.95G [00:15<00:18, 118MB/s][A




[1A
[1Amodel-00004-of-00004.safetensors:  27%|██▋       | 965M/3.56G [00:14<00:37, 69.2MB/s][A[A[A[A


[1A
[1Amodel-00002-of-00004.safetensors:  17%|█▋        | 671M/3.86G [00:14<01:05, 48.6MB/s][A[A



[1A
[1Amodel-00003-of-00004.safetensors:  23%|██▎       | 879M/3.86G [00:14<00:44, 66.9MB/s][A[A[A

[1A
[1Amodel-00001-of-00004.safetensors:  46%|████▌     | 1.81G/3.95G [00:15<00:17, 124MB/s][A



[1A
[1Amodel-00003-of-00004.safetensors:  23%|██▎       | 886M/3.86G [00:14<00:43, 68.1MB/s][A[A[A




[1A
[1Amodel-00004-of-00004.safetensors:  27%|██▋       | 973M/3.56G [00:14<00:38, 66.3MB/s][A[A[A[A


[1A
[1Amodel-00002-of-00004.safetensors:  18%|█▊        | 679M/3.86G [00:14<01:01, 52.2MB/s][A[A

[1A
[1Amodel-00001-of-00004.safetensors:  46%|████▋     | 1.83G/3.95G [00:15<00:16, 132MB/s][A



[1A
[1Amodel-00003-of-00004.safetensors:  23%|██▎       | 893M/3.86G [00:14<00:44, 66.5MB/s][A[A[A




[1A
[1Amodel-00004-of-00004.safetensors:  28%|██▊       | 981M/3.56G [00:14<00:37, 69.2MB/s][A[A[A[A

[1A
[1Amodel-00001-of-00004.safetensors:  47%|████▋     | 1.84G/3.95G [00:15<00:16, 129MB/s][A


[1A
[1Amodel-00002-of-00004.safetensors:  18%|█▊        | 688M/3.86G [00:14<01:00, 52.2MB/s][A[A



[1A
[1Amodel-00003-of-00004.safetensors:  23%|██▎       | 902M/3.86G [00:14<00:46, 64.1MB/s][A[A[A




[1A
[1Amodel-00004-of-00004.safetensors:  28%|██▊       | 990M/3.56G [00:14<00:39, 65.6MB/s][A[A[A[A


[1A
[1Amodel-00002-of-00004.safetensors:  18%|█▊        | 693M/3.86G [00:15<01:01, 51.9MB/s][A[A

[1A
[1Amodel-00001-of-00004.safetensors:  47%|████▋     | 1.86G/3.95G [00:15<00:17, 120MB/s][A



[1A
[1Amodel-00003-of-00004.safetensors:  24%|██▎       | 910M/3.86G [00:15<00:46, 63.8MB/s][A[A[A




[1A
[1Amodel-00004-of-00004.safetensors:  28%|██▊       | 998M/3.56G [00:14<00:38, 66.0MB/s][A[A[A[A


[1A
[1Amodel-00002-of-00004.safetensors:  18%|█▊        | 699M/3.86G [00:15<00:59, 53.3MB/s][A[A

[1A
[1Amodel-00001-of-00004.safetensors:  47%|████▋     | 1.87G/3.95G [00:15<00:17, 116MB/s][A




[1A
[1Amodel-00004-of-00004.safetensors:  28%|██▊       | 1.01G/3.56G [00:15<00:38, 66.6MB/s][A[A[A[A



[1A
[1Amodel-00003-of-00004.safetensors:  24%|██▍       | 919M/3.86G [00:15<00:47, 62.5MB/s][A[A[A

[1A
[1Amodel-00001-of-00004.safetensors:  48%|████▊     | 1.88G/3.95G [00:15<00:16, 121MB/s][A


[1A
[1Amodel-00002-of-00004.safetensors:  18%|█▊        | 706M/3.86G [00:15<01:09, 45.2MB/s][A[A




[1A
[1Amodel-00004-of-00004.safetensors:  28%|██▊       | 1.01G/3.56G [00:15<00:38, 65.4MB/s][A[A[A[A



[1A
[1Amodel-00003-of-00004.safetensors:  24%|██▍       | 927M/3.86G [00:15<00:44, 65.8MB/s][A[A[A

[1A
[1Amodel-00001-of-00004.safetensors:  48%|████▊     | 1.90G/3.95G [00:15<00:16, 121MB/s][A


[1A
[1Amodel-00002-of-00004.safetensors:  18%|█▊        | 711M/3.86G [00:15<01:07, 46.8MB/s][A[A



[1A
[1Amodel-00003-of-00004.safetensors:  24%|██▍       | 934M/3.86G [00:15<00:43, 66.7MB/s][A[A[A




[1A
[1Amodel-00004-of-00004.safetensors:  29%|██▊       | 1.02G/3.56G [00:15<00:39, 63.8MB/s][A[A[A[A

[1A
[1Amodel-00001-of-00004.safetensors:  48%|████▊     | 1.91G/3.95G [00:15<00:17, 115MB/s][A


[1A
[1Amodel-00002-of-00004.safetensors:  19%|█▊        | 717M/3.86G [00:15<01:06, 47.0MB/s][A[A




[1A
[1Amodel-00004-of-00004.safetensors:  29%|██▉       | 1.03G/3.56G [00:15<00:38, 65.7MB/s][A[A[A[A



[1A
[1Amodel-00003-of-00004.safetensors:  24%|██▍       | 942M/3.86G [00:15<00:45, 64.3MB/s][A[A[A

[1A
[1Amodel-00001-of-00004.safetensors:  49%|████▊     | 1.92G/3.95G [00:16<00:20, 101MB/s][A


[1A
[1Amodel-00002-of-00004.safetensors:  19%|█▊        | 725M/3.86G [00:15<00:58, 53.3MB/s][A[A




[1A
[1Amodel-00004-of-00004.safetensors:  29%|██▉       | 1.03G/3.56G [00:15<00:38, 65.4MB/s][A[A[A[A



[1A
[1Amodel-00003-of-00004.safetensors:  25%|██▍       | 949M/3.86G [00:15<00:44, 65.2MB/s][A[A[A

[1A
[1Amodel-00001-of-00004.safetensors:  49%|████▉     | 1.93G/3.95G [00:16<00:19, 104MB/s][A


[1A
[1Amodel-00002-of-00004.safetensors:  19%|█▉        | 731M/3.86G [00:15<01:03, 49.6MB/s][A[A



[1A
[1Amodel-00003-of-00004.safetensors:  25%|██▍       | 956M/3.86G [00:15<00:45, 64.4MB/s][A[A[A




[1A
[1Amodel-00004-of-00004.safetensors:  29%|██▉       | 1.04G/3.56G [00:15<00:43, 57.3MB/s][A[A[A[A

[1A
[1Amodel-00001-of-00004.safetensors:  49%|████▉     | 1.95G/3.95G [00:16<00:20, 97.2MB/s][A


[1A
[1Amodel-00002-of-00004.safetensors:  19%|█▉        | 736M/3.86G [00:15<01:05, 48.0MB/s][A[A



[1A
[1Amodel-00003-of-00004.safetensors:  25%|██▍       | 964M/3.86G [00:15<00:46, 62.1MB/s][A[A[A




[1A
[1Amodel-00004-of-00004.safetensors:  29%|██▉       | 1.05G/3.56G [00:15<00:48, 52.1MB/s][A[A[A[A

[1A
[1Amodel-00001-of-00004.safetensors:  50%|████▉     | 1.96G/3.95G [00:16<00:19, 101MB/s] [A



[1A
[1Amodel-00003-of-00004.safetensors:  25%|██▌       | 971M/3.86G [00:16<00:44, 64.7MB/s][A[A[A


[1A
[1Amodel-00002-of-00004.safetensors:  19%|█▉        | 742M/3.86G [00:16<01:09, 44.9MB/s][A[A

[1A
[1Amodel-00001-of-00004.safetensors:  50%|████▉     | 1.97G/3.95G [00:16<00:18, 106MB/s][A




[1A
[1Amodel-00004-of-00004.safetensors:  30%|██▉       | 1.06G/3.56G [00:15<00:44, 56.4MB/s][A[A[A[A


[1A
[1Amodel-00002-of-00004.safetensors:  19%|█▉        | 749M/3.86G [00:16<01:03, 49.0MB/s][A[A



[1A
[1Amodel-00003-of-00004.safetensors:  25%|██▌       | 978M/3.86G [00:16<00:48, 59.9MB/s][A[A[A

[1Amodel-00001-of-00004.safetensors:  50%|█████     | 1.98G/3.95G [00:16<00:18, 108MB/s][A




[1A
[1Amodel-00004-of-00004.safetensors:  30%|██▉       | 1.07G/3.56G [00:16<00:43, 57.1MB/s][A[A[A[A



[1A
[1Amodel-00003-of-00004.safetensors:  26%|██▌       | 986M/3.86G [00:16<00:47, 61.2MB/s][A[A[A

[1A
[1Amodel-00001-of-00004.safetensors:  51%|█████     | 2.00G/3.95G [00:16<00:16, 115MB/s][A


[1A
[1Amodel-00002-of-00004.safetensors:  20%|█▉        | 755M/3.86G [00:16<01:06, 47.0MB/s][A[A




[1A
[1Amodel-00004-of-00004.safetensors:  30%|███       | 1.07G/3.56G [00:16<00:48, 51.7MB/s][A[A[A[A

[1A
[1Amodel-00001-of-00004.safetensors:  51%|█████     | 2.01G/3.95G [00:16<00:16, 119MB/s][A


[1A
[1Amodel-00002-of-00004.safetensors:  20%|█▉        | 762M/3.86G [00:16<00:59, 52.3MB/s][A[A



[1Amodel-00003-of-00004.safetensors:  26%|██▌       | 994M/3.86G [00:16<00:47, 60.4MB/s][A[A[A




[1A
[1Amodel-00004-of-00004.safetensors:  30%|███       | 1.08G/3.56G [00:16<00:46, 53.4MB/s][A[A[A[A

[1A
[1Amodel-00001-of-00004.safetensors:  51%|█████     | 2.02G/3.95G [00:17<00:16, 118MB/s][A



[1A
[1Amodel-00003-of-00004.safetensors:  26%|██▌       | 1.00G/3.86G [00:16<00:48, 59.6MB/s][A[A[A


[1A
[1Amodel-00002-of-00004.safetensors:  20%|█▉        | 769M/3.86G [00:16<01:07, 45.6MB/s][A[A

[1A
[1Amodel-00001-of-00004.safetensors:  52%|█████▏    | 2.04G/3.95G [00:17<00:15, 122MB/s][A




[1A
[1Amodel-00004-of-00004.safetensors:  31%|███       | 1.09G/3.56G [00:16<00:41, 59.4MB/s][A[A[A[A



[1A
[1Amodel-00003-of-00004.safetensors:  26%|██▌       | 1.01G/3.86G [00:16<00:47, 60.6MB/s][A[A[A

[1A
[1Amodel-00001-of-00004.safetensors:  52%|█████▏    | 2.05G/3.95G [00:17<00:14, 128MB/s][A




[1Amodel-00004-of-00004.safetensors:  31%|███       | 1.09G/3.56G [00:16<00:39, 62.5MB/s][A[A[A[A


[1A
[1Amodel-00002-of-00004.safetensors:  20%|██        | 776M/3.86G [00:16<01:05, 46.9MB/s][A[A

[1A
[1Amodel-00001-of-00004.safetensors:  52%|█████▏    | 2.06G/3.95G [00:17<00:14, 130MB/s][A



[1A
[1Amodel-00003-of-00004.safetensors:  26%|██▋       | 1.02G/3.86G [00:16<00:46, 61.7MB/s][A[A[A


[1A
[1Amodel-00002-of-00004.safetensors:  20%|██        | 781M/3.86G [00:16<01:04, 48.0MB/s][A[A




[1A
[1Amodel-00004-of-00004.safetensors:  31%|███       | 1.10G/3.56G [00:16<00:37, 66.1MB/s][A[A[A[A

[1A
[1Amodel-00001-of-00004.safetensors:  53%|█████▎    | 2.08G/3.95G [00:17<00:14, 128MB/s][A


[1A
[1Amodel-00002-of-00004.safetensors:  20%|██        | 787M/3.86G [00:16<00:59, 51.5MB/s][A[A




[1A
[1Amodel-00004-of-00004.safetensors:  31%|███       | 1.11G/3.56G [00:16<00:36, 66.9MB/s][A[A[A[A



[1A
[1Amodel-00003-of-00004.safetensors:  27%|██▋       | 1.03G/3.86G [00:16<00:45, 62.1MB/s][A[A[A

[1A
[1Amodel-00001-of-00004.safetensors:  53%|█████▎    | 2.09G/3.95G [00:17<00:14, 125MB/s][A




[1A
[1Amodel-00004-of-00004.safetensors:  31%|███▏      | 1.12G/3.56G [00:16<00:37, 65.8MB/s][A[A[A[A



[1A
[1Amodel-00003-of-00004.safetensors:  27%|██▋       | 1.04G/3.86G [00:17<00:44, 63.4MB/s][A[A[A


[1A
[1Amodel-00002-of-00004.safetensors:  21%|██        | 794M/3.86G [00:17<01:09, 44.5MB/s][A[A

[1A
[1Amodel-00001-of-00004.safetensors:  53%|█████▎    | 2.10G/3.95G [00:17<00:14, 125MB/s][A



[1A
[1Amodel-00003-of-00004.safetensors:  27%|██▋       | 1.04G/3.86G [00:17<00:41, 67.2MB/s][A[A[A




[1A
[1Amodel-00004-of-00004.safetensors:  32%|███▏      | 1.13G/3.56G [00:17<00:40, 59.9MB/s][A[A[A[A


[1A
[1Amodel-00002-of-00004.safetensors:  21%|██        | 800M/3.86G [00:17<01:04, 47.9MB/s][A[A

[1A
[1Amodel-00001-of-00004.safetensors:  54%|█████▎    | 2.12G/3.95G [00:17<00:13, 133MB/s][A



[1A
[1Amodel-00003-of-00004.safetensors:  27%|██▋       | 1.05G/3.86G [00:17<00:39, 70.9MB/s][A[A[A




[1A
[1Amodel-00004-of-00004.safetensors:  32%|███▏      | 1.13G/3.56G [00:17<00:39, 60.9MB/s][A[A[A[A

[1A
[1Amodel-00001-of-00004.safetensors:  54%|█████▍    | 2.14G/3.95G [00:17<00:12, 140MB/s][A


[1A
[1Amodel-00002-of-00004.safetensors:  21%|██        | 805M/3.86G [00:17<01:08, 44.5MB/s][A[A



[1A
[1Amodel-00003-of-00004.safetensors:  27%|██▋       | 1.06G/3.86G [00:17<00:39, 70.7MB/s][A[A[A




[1A
[1Amodel-00004-of-00004.safetensors:  32%|███▏      | 1.14G/3.56G [00:17<00:38, 63.3MB/s][A[A[A[A


[1A
[1Amodel-00002-of-00004.safetensors:  21%|██        | 812M/3.86G [00:17<01:02, 48.9MB/s][A[A

[1A
[1Amodel-00001-of-00004.safetensors:  55%|█████▍    | 2.15G/3.95G [00:17<00:13, 135MB/s][A



[1A
[1Amodel-00003-of-00004.safetensors:  28%|██▊       | 1.07G/3.86G [00:17<00:39, 70.3MB/s][A[A[A




[1A
[1Amodel-00004-of-00004.safetensors:  32%|███▏      | 1.15G/3.56G [00:17<00:36, 65.7MB/s][A[A[A[A

[1Amodel-00001-of-00004.safetensors:  55%|█████▍    | 2.17G/3.95G [00:18<00:14, 127MB/s][A



[1A
[1Amodel-00003-of-00004.safetensors:  28%|██▊       | 1.07G/3.86G [00:17<00:40, 69.0MB/s][A[A[A


[1A
[1Amodel-00002-of-00004.safetensors:  21%|██        | 818M/3.86G [00:17<01:04, 47.0MB/s][A[A




[1A
[1Amodel-00004-of-00004.safetensors:  33%|███▎      | 1.16G/3.56G [00:17<00:36, 66.0MB/s][A[A[A[A


[1A
[1Amodel-00002-of-00004.safetensors:  21%|██▏       | 823M/3.86G [00:17<01:03, 48.3MB/s][A[A

[1A
[1Amodel-00001-of-00004.safetensors:  55%|█████▌    | 2.18G/3.95G [00:18<00:14, 122MB/s][A



[1A
[1Amodel-00003-of-00004.safetensors:  28%|██▊       | 1.08G/3.86G [00:17<00:43, 63.6MB/s][A[A[A




[1A
[1Amodel-00004-of-00004.safetensors:  33%|███▎      | 1.16G/3.56G [00:17<00:39, 61.1MB/s][A[A[A[A

[1A
[1Amodel-00001-of-00004.safetensors:  56%|█████▌    | 2.19G/3.95G [00:18<00:14, 121MB/s][A


[1A
[1Amodel-00002-of-00004.safetensors:  21%|██▏       | 828M/3.86G [00:17<01:04, 47.3MB/s][A[A



[1A
[1Amodel-00003-of-00004.safetensors:  28%|██▊       | 1.09G/3.86G [00:17<00:43, 64.4MB/s][A[A[A




[1A
[1Amodel-00004-of-00004.safetensors:  33%|███▎      | 1.17G/3.56G [00:17<00:40, 58.9MB/s][A[A[A[A


[1A
[1Amodel-00002-of-00004.safetensors:  22%|██▏       | 834M/3.86G [00:17<01:06, 45.8MB/s][A[A

[1A
[1Amodel-00001-of-00004.safetensors:  56%|█████▌    | 2.20G/3.95G [00:18<00:16, 107MB/s][A



[1A
[1Amodel-00003-of-00004.safetensors:  28%|██▊       | 1.10G/3.86G [00:18<00:44, 62.0MB/s][A[A[A




[1A
[1Amodel-00004-of-00004.safetensors:  33%|███▎      | 1.18G/3.56G [00:17<00:39, 59.9MB/s][A[A[A[A


[1A
[1Amodel-00002-of-00004.safetensors:  22%|██▏       | 839M/3.86G [00:18<01:10, 42.6MB/s][A[A

[1A
[1Amodel-00001-of-00004.safetensors:  56%|█████▌    | 2.22G/3.95G [00:18<00:17, 102MB/s][A



[1A
[1Amodel-00003-of-00004.safetensors:  29%|██▊       | 1.10G/3.86G [00:18<00:48, 56.8MB/s][A[A[A




[1A
[1Amodel-00004-of-00004.safetensors:  33%|███▎      | 1.18G/3.56G [00:18<00:39, 60.2MB/s][A[A[A[A

[1A
[1Amodel-00001-of-00004.safetensors:  56%|█████▋    | 2.23G/3.95G [00:18<00:15, 108MB/s][A


[1A
[1Amodel-00002-of-00004.safetensors:  22%|██▏       | 844M/3.86G [00:18<01:10, 42.6MB/s][A[A



[1A
[1Amodel-00003-of-00004.safetensors:  29%|██▊       | 1.11G/3.86G [00:18<00:45, 60.5MB/s][A[A[A




[1A
[1Amodel-00004-of-00004.safetensors:  33%|███▎      | 1.19G/3.56G [00:18<00:40, 59.1MB/s][A[A[A[A

[1A
[1Amodel-00001-of-00004.safetensors:  57%|█████▋    | 2.24G/3.95G [00:18<00:15, 111MB/s][A



[1A
[1Amodel-00003-of-00004.safetensors:  29%|██▉       | 1.12G/3.86G [00:18<00:43, 62.9MB/s][A[A[A


[1A
[1Amodel-00002-of-00004.safetensors:  22%|██▏       | 849M/3.86G [00:18<01:09, 43.2MB/s][A[A




[1A
[1Amodel-00004-of-00004.safetensors:  34%|███▎      | 1.20G/3.56G [00:18<00:36, 63.7MB/s][A[A[A[A

[1A
[1Amodel-00001-of-00004.safetensors:  57%|█████▋    | 2.25G/3.95G [00:18<00:15, 111MB/s][A



[1A
[1Amodel-00003-of-00004.safetensors:  29%|██▉       | 1.13G/3.86G [00:18<00:43, 63.6MB/s][A[A[A


[1A
[1Amodel-00002-of-00004.safetensors:  22%|██▏       | 856M/3.86G [00:18<01:09, 43.1MB/s][A[A

[1A
[1Amodel-00001-of-00004.safetensors:  57%|█████▋    | 2.26G/3.95G [00:19<00:15, 108MB/s][A




[1A
[1Amodel-00004-of-00004.safetensors:  34%|███▍      | 1.21G/3.56G [00:18<00:37, 63.5MB/s][A[A[A[A



[1A
[1Amodel-00003-of-00004.safetensors:  29%|██▉       | 1.13G/3.86G [00:18<00:43, 63.2MB/s][A[A[A

[1A
[1Amodel-00001-of-00004.safetensors:  58%|█████▊    | 2.28G/3.95G [00:19<00:15, 108MB/s][A




[1A
[1Amodel-00004-of-00004.safetensors:  34%|███▍      | 1.22G/3.56G [00:18<00:35, 65.2MB/s][A[A[A[A


[1A
[1Amodel-00002-of-00004.safetensors:  22%|██▏       | 861M/3.86G [00:18<01:23, 36.1MB/s][A[A



[1A
[1Amodel-00003-of-00004.safetensors:  30%|██▉       | 1.14G/3.86G [00:18<00:42, 64.4MB/s][A[A[A

[1A
[1Amodel-00001-of-00004.safetensors:  58%|█████▊    | 2.29G/3.95G [00:19<00:14, 111MB/s][A




[1A
[1Amodel-00004-of-00004.safetensors:  34%|███▍      | 1.22G/3.56G [00:18<00:36, 63.7MB/s][A[A[A[A



[1A
[1Amodel-00003-of-00004.safetensors:  30%|██▉       | 1.15G/3.86G [00:18<00:41, 65.1MB/s][A[A[A

[1A
[1Amodel-00001-of-00004.safetensors:  58%|█████▊    | 2.30G/3.95G [00:19<00:14, 117MB/s][A


[1A
[1Amodel-00002-of-00004.safetensors:  22%|██▏       | 868M/3.86G [00:18<01:21, 36.6MB/s][A[A



[1A
[1Amodel-00003-of-00004.safetensors:  30%|██▉       | 1.16G/3.86G [00:18<00:44, 61.3MB/s][A[A[A




[1A
[1Amodel-00004-of-00004.safetensors:  35%|███▍      | 1.23G/3.56G [00:18<00:41, 55.6MB/s][A[A[A[A

[1A
[1Amodel-00001-of-00004.safetensors:  59%|█████▊    | 2.31G/3.95G [00:19<00:13, 117MB/s][A


[1A
[1Amodel-00002-of-00004.safetensors:  23%|██▎       | 873M/3.86G [00:19<01:15, 39.5MB/s][A[A



[1A
[1Amodel-00003-of-00004.safetensors:  30%|███       | 1.16G/3.86G [00:19<00:44, 60.5MB/s][A[A[A

[1A
[1Amodel-00001-of-00004.safetensors:  59%|█████▉    | 2.33G/3.95G [00:19<00:13, 116MB/s][A




[1A
[1Amodel-00004-of-00004.safetensors:  35%|███▍      | 1.24G/3.56G [00:18<00:42, 54.4MB/s][A[A[A[A


[1A
[1Amodel-00002-of-00004.safetensors:  23%|██▎       | 878M/3.86G [00:19<01:19, 37.6MB/s][A[A



[1A
[1Amodel-00003-of-00004.safetensors:  30%|███       | 1.17G/3.86G [00:19<00:42, 62.9MB/s][A[A[A




[1A
[1Amodel-00004-of-00004.safetensors:  35%|███▍      | 1.24G/3.56G [00:19<00:39, 59.0MB/s][A[A[A[A

[1A
[1Amodel-00001-of-00004.safetensors:  59%|█████▉    | 2.34G/3.95G [00:19<00:14, 114MB/s][A


[1A
[1Amodel-00002-of-00004.safetensors:  23%|██▎       | 883M/3.86G [00:19<01:13, 40.8MB/s][A[A



[1A
[1Amodel-00003-of-00004.safetensors:  30%|███       | 1.18G/3.86G [00:19<00:40, 65.6MB/s][A[A[A

[1A
[1Amodel-00001-of-00004.safetensors:  60%|█████▉    | 2.35G/3.95G [00:19<00:13, 114MB/s][A




[1A
[1Amodel-00004-of-00004.safetensors:  35%|███▌      | 1.25G/3.56G [00:19<00:39, 58.3MB/s][A[A[A[A


[1A
[1Amodel-00002-of-00004.safetensors:  23%|██▎       | 888M/3.86G [00:19<01:08, 43.6MB/s][A[A

[1A
[1Amodel-00001-of-00004.safetensors:  60%|█████▉    | 2.36G/3.95G [00:19<00:13, 116MB/s][A




[1A
[1Amodel-00004-of-00004.safetensors:  35%|███▌      | 1.26G/3.56G [00:19<00:37, 60.6MB/s][A[A[A[A



[1A
[1Amodel-00003-of-00004.safetensors:  31%|███       | 1.18G/3.86G [00:19<00:43, 62.3MB/s][A[A[A


[1A
[1Amodel-00002-of-00004.safetensors:  23%|██▎       | 893M/3.86G [00:19<01:14, 39.7MB/s][A[A




[1A
[1Amodel-00004-of-00004.safetensors:  36%|███▌      | 1.26G/3.56G [00:19<00:37, 60.8MB/s][A[A[A[A

[1A
[1Amodel-00001-of-00004.safetensors:  60%|██████    | 2.38G/3.95G [00:20<00:14, 111MB/s][A



[1A
[1Amodel-00003-of-00004.safetensors:  31%|███       | 1.19G/3.86G [00:19<00:42, 62.2MB/s][A[A[A


[1A
[1Amodel-00002-of-00004.safetensors:  23%|██▎       | 899M/3.86G [00:19<01:10, 42.0MB/s][A[A




[1A
[1Amodel-00004-of-00004.safetensors:  36%|███▌      | 1.27G/3.56G [00:19<00:38, 59.4MB/s][A[A[A[A

[1Amodel-00001-of-00004.safetensors:  61%|██████    | 2.39G/3.95G [00:20<00:14, 104MB/s][A



[1A
[1Amodel-00003-of-00004.safetensors:  31%|███       | 1.20G/3.86G [00:19<00:43, 61.1MB/s][A[A[A


[1A
[1Amodel-00002-of-00004.safetensors:  23%|██▎       | 905M/3.86G [00:19<01:03, 46.4MB/s][A[A




[1A
[1Amodel-00004-of-00004.safetensors:  36%|███▌      | 1.28G/3.56G [00:19<00:36, 62.9MB/s][A[A[A[A

[1A
[1Amodel-00001-of-00004.safetensors:  61%|██████    | 2.40G/3.95G [00:20<00:14, 106MB/s][A



[1A
[1Amodel-00003-of-00004.safetensors:  31%|███▏      | 1.21G/3.86G [00:19<00:42, 62.4MB/s][A[A[A




[1A
[1Amodel-00004-of-00004.safetensors:  36%|███▌      | 1.29G/3.56G [00:19<00:36, 62.2MB/s][A[A[A[A

[1A
[1Amodel-00001-of-00004.safetensors:  61%|██████    | 2.41G/3.95G [00:20<00:14, 108MB/s][A


[1A
[1Amodel-00002-of-00004.safetensors:  24%|██▎       | 910M/3.86G [00:19<01:11, 41.4MB/s][A[A



[1A
[1Amodel-00003-of-00004.safetensors:  31%|███▏      | 1.22G/3.86G [00:19<00:41, 64.1MB/s][A[A[A




[1A
[1Amodel-00004-of-00004.safetensors:  36%|███▋      | 1.29G/3.56G [00:19<00:37, 60.0MB/s][A[A[A[A

[1A
[1Amodel-00001-of-00004.safetensors:  61%|██████▏   | 2.42G/3.95G [00:20<00:14, 108MB/s][A


[1A
[1Amodel-00002-of-00004.safetensors:  24%|██▎       | 916M/3.86G [00:19<01:04, 45.8MB/s][A[A



[1A
[1Amodel-00003-of-00004.safetensors:  32%|███▏      | 1.22G/3.86G [00:20<00:41, 63.7MB/s][A[A[A

[1A
[1Amodel-00001-of-00004.safetensors:  62%|██████▏   | 2.44G/3.95G [00:20<00:13, 113MB/s][A




[1A
[1Amodel-00004-of-00004.safetensors:  37%|███▋      | 1.30G/3.56G [00:19<00:35, 63.2MB/s][A[A[A[A



[1A
[1Amodel-00003-of-00004.safetensors:  32%|███▏      | 1.23G/3.86G [00:20<00:40, 64.7MB/s][A[A[A


[1A
[1Amodel-00002-of-00004.safetensors:  24%|██▍       | 923M/3.86G [00:20<01:04, 45.3MB/s][A[A

[1A
[1Amodel-00001-of-00004.safetensors:  62%|██████▏   | 2.45G/3.95G [00:20<00:12, 117MB/s][A




[1A
[1Amodel-00004-of-00004.safetensors:  37%|███▋      | 1.31G/3.56G [00:20<00:37, 60.4MB/s][A[A[A[A


[1A
[1Amodel-00002-of-00004.safetensors:  24%|██▍       | 930M/3.86G [00:20<00:57, 51.2MB/s][A[A



[1A
[1Amodel-00003-of-00004.safetensors:  32%|███▏      | 1.24G/3.86G [00:20<00:41, 63.7MB/s][A[A[A

[1A
[1Amodel-00001-of-00004.safetensors:  62%|██████▏   | 2.46G/3.95G [00:20<00:12, 121MB/s][A



[1A
[1Amodel-00003-of-00004.safetensors:  32%|███▏      | 1.24G/3.86G [00:20<00:39, 66.1MB/s][A[A[A




[1A
[1Amodel-00004-of-00004.safetensors:  37%|███▋      | 1.32G/3.56G [00:20<00:36, 60.8MB/s][A[A[A[A


[1A
[1Amodel-00002-of-00004.safetensors:  24%|██▍       | 936M/3.86G [00:20<00:59, 48.8MB/s][A[A

[1A
[1Amodel-00001-of-00004.safetensors:  63%|██████▎   | 2.48G/3.95G [00:20<00:12, 117MB/s][A



[1A
[1Amodel-00003-of-00004.safetensors:  32%|███▏      | 1.25G/3.86G [00:20<00:40, 64.2MB/s][A[A[A




[1A
[1Amodel-00004-of-00004.safetensors:  37%|███▋      | 1.32G/3.56G [00:20<00:35, 62.6MB/s][A[A[A[A


[1Amodel-00002-of-00004.safetensors:  24%|██▍       | 942M/3.86G [00:20<01:01, 47.4MB/s][A[A

[1A
[1Amodel-00001-of-00004.safetensors:  63%|██████▎   | 2.49G/3.95G [00:21<00:12, 115MB/s][A




[1A
[1Amodel-00004-of-00004.safetensors:  37%|███▋      | 1.33G/3.56G [00:20<00:36, 61.6MB/s][A[A[A[A



[1A
[1Amodel-00003-of-00004.safetensors:  33%|███▎      | 1.26G/3.86G [00:20<00:42, 60.7MB/s][A[A[A

[1A
[1Amodel-00001-of-00004.safetensors:  63%|██████▎   | 2.50G/3.95G [00:21<00:12, 113MB/s][A


[1A
[1Amodel-00002-of-00004.safetensors:  25%|██▍       | 948M/3.86G [00:20<01:04, 45.4MB/s][A[A




[1A
[1Amodel-00004-of-00004.safetensors:  38%|███▊      | 1.34G/3.56G [00:20<00:32, 68.8MB/s][A[A[A[A



[1A
[1Amodel-00003-of-00004.safetensors:  33%|███▎      | 1.27G/3.86G [00:20<00:41, 62.7MB/s][A[A[A

[1A
[1Amodel-00001-of-00004.safetensors:  64%|██████▎   | 2.51G/3.95G [00:21<00:12, 112MB/s][A


[1A
[1Amodel-00002-of-00004.safetensors:  25%|██▍       | 955M/3.86G [00:20<00:55, 52.1MB/s][A[A




[1A
[1Amodel-00004-of-00004.safetensors:  38%|███▊      | 1.35G/3.56G [00:20<00:30, 71.4MB/s][A[A[A[A



[1A
[1Amodel-00003-of-00004.safetensors:  33%|███▎      | 1.28G/3.86G [00:20<00:39, 65.8MB/s][A[A[A

[1A
[1Amodel-00001-of-00004.safetensors:  64%|██████▍   | 2.52G/3.95G [00:21<00:12, 114MB/s][A


[1A
[1Amodel-00002-of-00004.safetensors:  25%|██▍       | 962M/3.86G [00:20<00:58, 49.9MB/s][A[A




[1A
[1Amodel-00004-of-00004.safetensors:  38%|███▊      | 1.36G/3.56G [00:20<00:32, 68.4MB/s][A[A[A[A

[1Amodel-00001-of-00004.safetensors:  64%|██████▍   | 2.54G/3.95G [00:21<00:12, 113MB/s][A



[1A
[1Amodel-00003-of-00004.safetensors:  33%|███▎      | 1.28G/3.86G [00:20<00:39, 66.1MB/s][A[A[A


[1A
[1Amodel-00002-of-00004.safetensors:  25%|██▌       | 968M/3.86G [00:21<00:55, 52.5MB/s][A[A

[1A
[1Amodel-00001-of-00004.safetensors:  65%|██████▍   | 2.55G/3.95G [00:21<00:11, 116MB/s][A



[1A
[1Amodel-00003-of-00004.safetensors:  33%|███▎      | 1.29G/3.86G [00:21<00:38, 66.5MB/s][A[A[A




[1A
[1Amodel-00004-of-00004.safetensors:  38%|███▊      | 1.36G/3.56G [00:20<00:34, 62.9MB/s][A[A[A[A


[1A
[1Amodel-00002-of-00004.safetensors:  25%|██▌       | 974M/3.86G [00:21<00:55, 51.7MB/s][A[A

[1A
[1Amodel-00001-of-00004.safetensors:  65%|██████▍   | 2.56G/3.95G [00:21<00:11, 115MB/s][A



[1A
[1Amodel-00003-of-00004.safetensors:  34%|███▎      | 1.30G/3.86G [00:21<00:38, 66.9MB/s][A[A[A




[1A
[1Amodel-00004-of-00004.safetensors:  39%|███▊      | 1.37G/3.56G [00:21<00:35, 60.8MB/s][A[A[A[A


[1A
[1Amodel-00002-of-00004.safetensors:  25%|██▌       | 981M/3.86G [00:21<00:53, 53.6MB/s][A[A

[1A
[1Amodel-00001-of-00004.safetensors:  65%|██████▌   | 2.57G/3.95G [00:21<00:11, 118MB/s][A



[1A
[1Amodel-00003-of-00004.safetensors:  34%|███▍      | 1.31G/3.86G [00:21<00:37, 68.6MB/s][A[A[A




[1A
[1Amodel-00004-of-00004.safetensors:  39%|███▉      | 1.38G/3.56G [00:21<00:34, 62.6MB/s][A[A[A[A


[1A
[1Amodel-00002-of-00004.safetensors:  26%|██▌       | 988M/3.86G [00:21<00:52, 54.6MB/s][A[A

[1A
[1Amodel-00001-of-00004.safetensors:  66%|██████▌   | 2.59G/3.95G [00:21<00:11, 121MB/s][A



[1A
[1Amodel-00003-of-00004.safetensors:  34%|███▍      | 1.31G/3.86G [00:21<00:38, 65.7MB/s][A[A[A




[1A
[1Amodel-00004-of-00004.safetensors:  39%|███▉      | 1.39G/3.56G [00:21<00:32, 65.8MB/s][A[A[A[A

[1A
[1Amodel-00001-of-00004.safetensors:  66%|██████▌   | 2.60G/3.95G [00:21<00:10, 123MB/s][A


[1A
[1Amodel-00002-of-00004.safetensors:  26%|██▌       | 994M/3.86G [00:21<00:55, 51.8MB/s][A[A




[1A
[1Amodel-00004-of-00004.safetensors:  39%|███▉      | 1.40G/3.56G [00:21<00:32, 66.9MB/s][A[A[A[A



[1A
[1Amodel-00003-of-00004.safetensors:  34%|███▍      | 1.32G/3.86G [00:21<00:41, 61.3MB/s][A[A[A

[1A
[1Amodel-00001-of-00004.safetensors:  66%|██████▌   | 2.61G/3.95G [00:22<00:11, 115MB/s][A


[1A
[1Amodel-00002-of-00004.safetensors:  26%|██▌       | 1.00G/3.86G [00:21<00:53, 53.1MB/s][A[A




[1A
[1Amodel-00004-of-00004.safetensors:  39%|███▉      | 1.40G/3.56G [00:21<00:33, 64.5MB/s][A[A[A[A



[1Amodel-00003-of-00004.safetensors:  34%|███▍      | 1.33G/3.86G [00:21<00:41, 61.0MB/s][A[A[A

[1A
[1Amodel-00001-of-00004.safetensors:  67%|██████▋   | 2.63G/3.95G [00:22<00:11, 114MB/s][A


[1A
[1Amodel-00002-of-00004.safetensors:  26%|██▌       | 1.01G/3.86G [00:21<00:55, 51.3MB/s][A[A




[1A
[1Amodel-00004-of-00004.safetensors:  40%|███▉      | 1.41G/3.56G [00:21<00:31, 69.1MB/s][A[A[A[A



[1A
[1Amodel-00003-of-00004.safetensors:  35%|███▍      | 1.34G/3.86G [00:21<00:39, 63.4MB/s][A[A[A

[1A
[1Amodel-00001-of-00004.safetensors:  67%|██████▋   | 2.64G/3.95G [00:22<00:10, 121MB/s][A


[1A
[1Amodel-00002-of-00004.safetensors:  26%|██▌       | 1.01G/3.86G [00:21<00:50, 56.4MB/s][A[A




[1A
[1Amodel-00004-of-00004.safetensors:  40%|███▉      | 1.42G/3.56G [00:21<00:29, 72.0MB/s][A[A[A[A



[1Amodel-00003-of-00004.safetensors:  35%|███▍      | 1.34G/3.86G [00:21<00:39, 64.4MB/s][A[A[A

[1A
[1Amodel-00001-of-00004.safetensors:  67%|██████▋   | 2.65G/3.95G [00:22<00:10, 124MB/s][A




[1A
[1Amodel-00004-of-00004.safetensors:  40%|████      | 1.43G/3.56G [00:21<00:30, 70.5MB/s][A[A[A[A


[1A
[1Amodel-00002-of-00004.safetensors:  26%|██▋       | 1.02G/3.86G [00:22<00:58, 48.5MB/s][A[A



[1A
[1Amodel-00003-of-00004.safetensors:  35%|███▍      | 1.35G/3.86G [00:22<00:39, 62.9MB/s][A[A[A

[1A
[1Amodel-00001-of-00004.safetensors:  68%|██████▊   | 2.67G/3.95G [00:22<00:10, 125MB/s][A




[1A
[1Amodel-00004-of-00004.safetensors:  40%|████      | 1.43G/3.56G [00:21<00:29, 71.0MB/s][A[A[A[A


[1A
[1Amodel-00002-of-00004.safetensors:  27%|██▋       | 1.03G/3.86G [00:22<00:57, 49.2MB/s][A[A



[1A
[1Amodel-00003-of-00004.safetensors:  35%|███▌      | 1.36G/3.86G [00:22<00:38, 64.8MB/s][A[A[A

[1A
[1Amodel-00001-of-00004.safetensors:  68%|██████▊   | 2.68G/3.95G [00:22<00:10, 121MB/s][A




[1A
[1Amodel-00004-of-00004.safetensors:  41%|████      | 1.44G/3.56G [00:22<00:28, 73.6MB/s][A[A[A[A



[1A
[1Amodel-00003-of-00004.safetensors:  35%|███▌      | 1.37G/3.86G [00:22<00:36, 67.9MB/s][A[A[A


[1A
[1Amodel-00002-of-00004.safetensors:  27%|██▋       | 1.03G/3.86G [00:22<01:00, 46.6MB/s][A[A

[1A
[1Amodel-00001-of-00004.safetensors:  68%|██████▊   | 2.69G/3.95G [00:22<00:10, 124MB/s][A




[1A
[1Amodel-00004-of-00004.safetensors:  41%|████      | 1.45G/3.56G [00:22<00:28, 73.0MB/s][A[A[A[A

[1A
[1Amodel-00001-of-00004.safetensors:  69%|██████▊   | 2.71G/3.95G [00:22<00:10, 123MB/s][A



[1A
[1Amodel-00003-of-00004.safetensors:  36%|███▌      | 1.38G/3.86G [00:22<00:36, 68.2MB/s][A[A[A


[1A
[1Amodel-00002-of-00004.safetensors:  27%|██▋       | 1.04G/3.86G [00:22<01:09, 41.0MB/s][A[A




[1A
[1Amodel-00004-of-00004.safetensors:  41%|████      | 1.46G/3.56G [00:22<00:29, 70.1MB/s][A[A[A[A

[1A
[1Amodel-00001-of-00004.safetensors:  69%|██████▉   | 2.72G/3.95G [00:22<00:10, 121MB/s][A



[1A
[1Amodel-00003-of-00004.safetensors:  36%|███▌      | 1.38G/3.86G [00:22<00:36, 68.6MB/s][A[A[A


[1A
[1Amodel-00002-of-00004.safetensors:  27%|██▋       | 1.04G/3.86G [00:22<01:01, 45.8MB/s][A[A




[1A
[1Amodel-00004-of-00004.safetensors:  41%|████      | 1.47G/3.56G [00:22<00:31, 66.5MB/s][A[A[A[A

[1A
[1Amodel-00001-of-00004.safetensors:  69%|██████▉   | 2.73G/3.95G [00:23<00:10, 119MB/s][A



[1A
[1Amodel-00003-of-00004.safetensors:  36%|███▌      | 1.39G/3.86G [00:22<00:39, 63.1MB/s][A[A[A




[1A
[1Amodel-00004-of-00004.safetensors:  41%|████▏     | 1.47G/3.56G [00:22<00:31, 65.3MB/s][A[A[A[A

[1A
[1Amodel-00001-of-00004.safetensors:  70%|██████▉   | 2.75G/3.95G [00:23<00:09, 121MB/s][A



[1A
[1Amodel-00003-of-00004.safetensors:  36%|███▌      | 1.40G/3.86G [00:22<00:40, 60.5MB/s][A[A[A




[1A
[1Amodel-00004-of-00004.safetensors:  42%|████▏     | 1.48G/3.56G [00:22<00:27, 75.1MB/s][A[A[A[A

[1A
[1Amodel-00001-of-00004.safetensors:  70%|███████   | 2.76G/3.95G [00:23<00:08, 132MB/s][A


[1A
[1Amodel-00002-of-00004.safetensors:  27%|██▋       | 1.05G/3.86G [00:22<01:29, 31.3MB/s][A[A



[1A
[1Amodel-00003-of-00004.safetensors:  36%|███▋      | 1.41G/3.86G [00:22<00:37, 65.3MB/s][A[A[A

[1A
[1Amodel-00001-of-00004.safetensors:  70%|███████   | 2.78G/3.95G [00:23<00:08, 136MB/s][A




[1A
[1Amodel-00004-of-00004.safetensors:  42%|████▏     | 1.49G/3.56G [00:22<00:30, 67.5MB/s][A[A[A[A



[1A
[1Amodel-00003-of-00004.safetensors:  37%|███▋      | 1.41G/3.86G [00:22<00:36, 67.2MB/s][A[A[A


[1A
[1Amodel-00002-of-00004.safetensors:  27%|██▋       | 1.05G/3.86G [00:22<01:24, 33.4MB/s][A[A

[1A
[1Amodel-00001-of-00004.safetensors:  71%|███████   | 2.79G/3.95G [00:23<00:08, 136MB/s][A




[1A
[1Amodel-00004-of-00004.safetensors:  42%|████▏     | 1.50G/3.56G [00:22<00:30, 68.0MB/s][A[A[A[A



[1A
[1Amodel-00003-of-00004.safetensors:  37%|███▋      | 1.42G/3.86G [00:23<00:34, 70.1MB/s][A[A[A


[1A
[1Amodel-00002-of-00004.safetensors:  27%|██▋       | 1.06G/3.86G [00:23<01:08, 41.1MB/s][A[A

[1Amodel-00001-of-00004.safetensors:  71%|███████   | 2.81G/3.95G [00:23<00:08, 141MB/s][A




[1A
[1Amodel-00004-of-00004.safetensors:  42%|████▏     | 1.51G/3.56G [00:23<00:30, 67.8MB/s][A[A[A[A



[1A
[1Amodel-00003-of-00004.safetensors:  37%|███▋      | 1.43G/3.86G [00:23<00:35, 68.6MB/s][A[A[A


[1A
[1Amodel-00002-of-00004.safetensors:  28%|██▊       | 1.07G/3.86G [00:23<01:07, 41.4MB/s][A[A

[1A
[1Amodel-00001-of-00004.safetensors:  72%|███████▏  | 2.82G/3.95G [00:23<00:07, 145MB/s][A




[1A
[1Amodel-00004-of-00004.safetensors:  43%|████▎     | 1.51G/3.56G [00:23<00:30, 66.9MB/s][A[A[A[A


[1A
[1Amodel-00002-of-00004.safetensors:  28%|██▊       | 1.07G/3.86G [00:23<01:04, 43.5MB/s][A[A

[1A
[1Amodel-00001-of-00004.safetensors:  72%|███████▏  | 2.84G/3.95G [00:23<00:07, 150MB/s][A



[1A
[1Amodel-00003-of-00004.safetensors:  37%|███▋      | 1.44G/3.86G [00:23<00:36, 67.1MB/s][A[A[A




[1A
[1Amodel-00004-of-00004.safetensors:  43%|████▎     | 1.52G/3.56G [00:23<00:30, 67.4MB/s][A[A[A[A

[1A
[1Amodel-00001-of-00004.safetensors:  72%|███████▏  | 2.86G/3.95G [00:23<00:07, 147MB/s][A


[1A
[1Amodel-00002-of-00004.safetensors:  28%|██▊       | 1.08G/3.86G [00:23<00:59, 46.7MB/s][A[A



[1A
[1Amodel-00003-of-00004.safetensors:  37%|███▋      | 1.45G/3.86G [00:23<00:35, 67.8MB/s][A[A[A




[1A
[1Amodel-00004-of-00004.safetensors:  43%|████▎     | 1.53G/3.56G [00:23<00:30, 66.1MB/s][A[A[A[A


[1A
[1Amodel-00002-of-00004.safetensors:  28%|██▊       | 1.08G/3.86G [00:23<00:58, 47.2MB/s][A[A

[1A
[1Amodel-00001-of-00004.safetensors:  73%|███████▎  | 2.87G/3.95G [00:24<00:07, 138MB/s][A



[1A
[1Amodel-00003-of-00004.safetensors:  38%|███▊      | 1.46G/3.86G [00:23<00:35, 68.7MB/s][A[A[A




[1A
[1Amodel-00004-of-00004.safetensors:  43%|████▎     | 1.54G/3.56G [00:23<00:29, 69.1MB/s][A[A[A[A

[1A
[1Amodel-00001-of-00004.safetensors:  73%|███████▎  | 2.89G/3.95G [00:24<00:07, 139MB/s][A



[1A
[1Amodel-00003-of-00004.safetensors:  38%|███▊      | 1.46G/3.86G [00:23<00:34, 70.5MB/s][A[A[A


[1A
[1Amodel-00002-of-00004.safetensors:  28%|██▊       | 1.09G/3.86G [00:23<00:57, 48.7MB/s][A[A




[1Amodel-00004-of-00004.safetensors:  44%|████▎     | 1.55G/3.56G [00:23<00:28, 70.4MB/s][A[A[A[A

[1A
[1Amodel-00001-of-00004.safetensors:  74%|███████▎  | 2.90G/3.95G [00:24<00:07, 139MB/s][A



[1A
[1Amodel-00003-of-00004.safetensors:  38%|███▊      | 1.47G/3.86G [00:23<00:34, 70.0MB/s][A[A[A


[1A
[1Amodel-00002-of-00004.safetensors:  28%|██▊       | 1.10G/3.86G [00:23<00:57, 48.2MB/s][A[A




[1A
[1Amodel-00004-of-00004.safetensors:  44%|████▍     | 1.56G/3.56G [00:23<00:28, 70.8MB/s][A[A[A[A

[1A
[1Amodel-00001-of-00004.safetensors:  74%|███████▍  | 2.92G/3.95G [00:24<00:07, 139MB/s][A



[1A
[1Amodel-00003-of-00004.safetensors:  38%|███▊      | 1.48G/3.86G [00:23<00:35, 67.2MB/s][A[A[A


[1A
[1Amodel-00002-of-00004.safetensors:  28%|██▊       | 1.10G/3.86G [00:23<00:57, 48.0MB/s][A[A




[1A
[1Amodel-00004-of-00004.safetensors:  44%|████▍     | 1.56G/3.56G [00:23<00:27, 71.8MB/s][A[A[A[A

[1Amodel-00001-of-00004.safetensors:  74%|███████▍  | 2.93G/3.95G [00:24<00:07, 140MB/s][A


[1A
[1Amodel-00002-of-00004.safetensors:  29%|██▊       | 1.11G/3.86G [00:24<01:00, 45.9MB/s][A[A



[1A
[1Amodel-00003-of-00004.safetensors:  38%|███▊      | 1.49G/3.86G [00:24<00:38, 61.5MB/s][A[A[A

[1A
[1Amodel-00001-of-00004.safetensors:  75%|███████▍  | 2.95G/3.95G [00:24<00:06, 144MB/s][A




[1A
[1Amodel-00004-of-00004.safetensors:  44%|████▍     | 1.57G/3.56G [00:23<00:26, 73.9MB/s][A[A[A[A



[1A
[1Amodel-00003-of-00004.safetensors:  39%|███▊      | 1.49G/3.86G [00:24<00:38, 60.9MB/s][A[A[A


[1A
[1Amodel-00002-of-00004.safetensors:  29%|██▉       | 1.11G/3.86G [00:24<01:04, 42.8MB/s][A[A




[1A
[1Amodel-00004-of-00004.safetensors:  44%|████▍     | 1.58G/3.56G [00:24<00:25, 76.3MB/s][A[A[A[A

[1A
[1Amodel-00001-of-00004.safetensors:  75%|███████▌  | 2.96G/3.95G [00:24<00:06, 149MB/s][A



[1A
[1Amodel-00003-of-00004.safetensors:  39%|███▉      | 1.50G/3.86G [00:24<00:34, 67.9MB/s][A[A[A


[1A
[1Amodel-00002-of-00004.safetensors:  29%|██▉       | 1.12G/3.86G [00:24<00:55, 49.7MB/s][A[A

[1A
[1Amodel-00001-of-00004.safetensors:  76%|███████▌  | 2.98G/3.95G [00:24<00:06, 149MB/s][A




[1A
[1Amodel-00004-of-00004.safetensors:  45%|████▍     | 1.59G/3.56G [00:24<00:26, 74.9MB/s][A[A[A[A



[1A
[1Amodel-00003-of-00004.safetensors:  39%|███▉      | 1.51G/3.86G [00:24<00:35, 66.7MB/s][A[A[A




[1A
[1Amodel-00004-of-00004.safetensors:  45%|████▍     | 1.60G/3.56G [00:24<00:24, 80.2MB/s][A[A[A[A

[1A
[1Amodel-00001-of-00004.safetensors:  76%|███████▌  | 3.00G/3.95G [00:24<00:06, 143MB/s][A


[1A
[1Amodel-00002-of-00004.safetensors:  29%|██▉       | 1.12G/3.86G [00:24<01:01, 44.5MB/s][A[A

[1A
[1Amodel-00001-of-00004.safetensors:  76%|███████▋  | 3.01G/3.95G [00:24<00:06, 146MB/s][A



[1A
[1Amodel-00003-of-00004.safetensors:  39%|███▉      | 1.52G/3.86G [00:24<00:35, 66.2MB/s][A[A[A




[1A
[1Amodel-00004-of-00004.safetensors:  45%|████▌     | 1.61G/3.56G [00:24<00:25, 75.6MB/s][A[A[A[A


[1A
[1Amodel-00002-of-00004.safetensors:  29%|██▉       | 1.13G/3.86G [00:24<00:58, 46.9MB/s][A[A

[1A
[1Amodel-00001-of-00004.safetensors:  77%|███████▋  | 3.03G/3.95G [00:25<00:06, 144MB/s][A




[1A
[1Amodel-00004-of-00004.safetensors:  45%|████▌     | 1.62G/3.56G [00:24<00:25, 77.2MB/s][A[A[A[A



[1A
[1Amodel-00003-of-00004.safetensors:  40%|███▉      | 1.53G/3.86G [00:24<00:34, 67.4MB/s][A[A[A

[1A
[1Amodel-00001-of-00004.safetensors:  77%|███████▋  | 3.04G/3.95G [00:25<00:06, 149MB/s][A




[1A
[1Amodel-00004-of-00004.safetensors:  46%|████▌     | 1.63G/3.56G [00:24<00:23, 81.5MB/s][A[A[A[A


[1A
[1Amodel-00002-of-00004.safetensors:  30%|██▉       | 1.14G/3.86G [00:24<00:53, 50.5MB/s][A[A



[1A
[1Amodel-00003-of-00004.safetensors:  40%|███▉      | 1.54G/3.86G [00:24<00:33, 70.1MB/s][A[A[A

[1A
[1Amodel-00001-of-00004.safetensors:  78%|███████▊  | 3.06G/3.95G [00:25<00:05, 154MB/s][A




[1A
[1Amodel-00004-of-00004.safetensors:  46%|████▌     | 1.63G/3.56G [00:24<00:23, 81.1MB/s][A[A[A[A


[1A
[1Amodel-00002-of-00004.safetensors:  30%|██▉       | 1.15G/3.86G [00:24<00:54, 49.8MB/s][A[A



[1A
[1Amodel-00003-of-00004.safetensors:  40%|███▉      | 1.54G/3.86G [00:24<00:30, 75.5MB/s][A[A[A

[1A
[1Amodel-00001-of-00004.safetensors:  78%|███████▊  | 3.08G/3.95G [00:25<00:05, 156MB/s][A




[1A
[1Amodel-00004-of-00004.safetensors:  46%|████▌     | 1.64G/3.56G [00:24<00:23, 81.7MB/s][A[A[A[A


[1A
[1Amodel-00002-of-00004.safetensors:  30%|██▉       | 1.15G/3.86G [00:24<00:55, 49.1MB/s][A[A



[1A
[1Amodel-00003-of-00004.safetensors:  40%|████      | 1.55G/3.86G [00:24<00:31, 74.1MB/s][A[A[A

[1A
[1Amodel-00001-of-00004.safetensors:  78%|███████▊  | 3.09G/3.95G [00:25<00:05, 156MB/s][A




[1A
[1Amodel-00004-of-00004.safetensors:  46%|████▋     | 1.65G/3.56G [00:24<00:24, 78.1MB/s][A[A[A[A


[1A
[1Amodel-00002-of-00004.safetensors:  30%|██▉       | 1.16G/3.86G [00:25<00:57, 47.5MB/s][A[A



[1A
[1Amodel-00003-of-00004.safetensors:  40%|████      | 1.56G/3.86G [00:25<00:30, 75.0MB/s][A[A[A

[1A
[1Amodel-00001-of-00004.safetensors:  79%|███████▉  | 3.11G/3.95G [00:25<00:05, 156MB/s][A




[1A
[1Amodel-00004-of-00004.safetensors:  47%|████▋     | 1.66G/3.56G [00:25<00:24, 77.4MB/s][A[A[A[A



[1A
[1Amodel-00003-of-00004.safetensors:  41%|████      | 1.57G/3.86G [00:25<00:31, 73.2MB/s][A[A[A


[1A
[1Amodel-00002-of-00004.safetensors:  30%|███       | 1.16G/3.86G [00:25<00:59, 45.3MB/s][A[A

[1A
[1Amodel-00001-of-00004.safetensors:  79%|███████▉  | 3.12G/3.95G [00:25<00:05, 156MB/s][A




[1A
[1Amodel-00004-of-00004.safetensors:  47%|████▋     | 1.67G/3.56G [00:25<00:24, 77.4MB/s][A[A[A[A


[1A
[1Amodel-00002-of-00004.safetensors:  30%|███       | 1.17G/3.86G [00:25<00:57, 46.9MB/s][A[A



[1A
[1Amodel-00003-of-00004.safetensors:  41%|████      | 1.58G/3.86G [00:25<00:33, 69.2MB/s][A[A[A

[1A
[1Amodel-00001-of-00004.safetensors:  80%|███████▉  | 3.14G/3.95G [00:25<00:05, 154MB/s][A




[1A
[1Amodel-00004-of-00004.safetensors:  47%|████▋     | 1.68G/3.56G [00:25<00:24, 76.5MB/s][A[A[A[A


[1A
[1Amodel-00002-of-00004.safetensors:  30%|███       | 1.17G/3.86G [00:25<00:53, 50.2MB/s][A[A



[1A
[1Amodel-00003-of-00004.safetensors:  41%|████      | 1.59G/3.86G [00:25<00:33, 68.7MB/s][A[A[A

[1A
[1Amodel-00001-of-00004.safetensors:  80%|███████▉  | 3.16G/3.95G [00:25<00:05, 147MB/s][A




[1A
[1Amodel-00004-of-00004.safetensors:  47%|████▋     | 1.68G/3.56G [00:25<00:24, 77.0MB/s][A[A[A[A


[1A
[1Amodel-00002-of-00004.safetensors:  30%|███       | 1.18G/3.86G [00:25<00:57, 47.0MB/s][A[A



[1A
[1Amodel-00003-of-00004.safetensors:  41%|████      | 1.59G/3.86G [00:25<00:32, 69.9MB/s][A[A[A

[1A
[1Amodel-00001-of-00004.safetensors:  80%|████████  | 3.17G/3.95G [00:26<00:05, 151MB/s][A




[1A
[1Amodel-00004-of-00004.safetensors:  48%|████▊     | 1.69G/3.56G [00:25<00:23, 78.0MB/s][A[A[A[A


[1A
[1Amodel-00002-of-00004.safetensors:  31%|███       | 1.19G/3.86G [00:25<00:50, 53.3MB/s][A[A

[1A
[1Amodel-00001-of-00004.safetensors:  81%|████████  | 3.19G/3.95G [00:26<00:05, 143MB/s][A



[1A
[1Amodel-00003-of-00004.safetensors:  41%|████▏     | 1.60G/3.86G [00:25<00:33, 68.0MB/s][A[A[A




[1A
[1Amodel-00004-of-00004.safetensors:  48%|████▊     | 1.70G/3.56G [00:25<00:25, 72.3MB/s][A[A[A[A


[1Amodel-00002-of-00004.safetensors:  31%|███       | 1.19G/3.86G [00:25<00:54, 49.5MB/s][A[A

[1A
[1Amodel-00001-of-00004.safetensors:  81%|████████  | 3.20G/3.95G [00:26<00:05, 135MB/s][A



[1Amodel-00003-of-00004.safetensors:  42%|████▏     | 1.61G/3.86G [00:25<00:33, 67.5MB/s][A[A[A




[1A
[1Amodel-00004-of-00004.safetensors:  48%|████▊     | 1.71G/3.56G [00:25<00:26, 70.6MB/s][A[A[A[A


[1A
[1Amodel-00002-of-00004.safetensors:  31%|███       | 1.20G/3.86G [00:25<00:51, 52.3MB/s][A[A



[1Amodel-00003-of-00004.safetensors:  42%|████▏     | 1.62G/3.86G [00:25<00:32, 69.1MB/s][A[A[A

[1A
[1Amodel-00001-of-00004.safetensors:  82%|████████▏ | 3.22G/3.95G [00:26<00:05, 130MB/s][A




[1A
[1Amodel-00004-of-00004.safetensors:  48%|████▊     | 1.72G/3.56G [00:25<00:28, 65.7MB/s][A[A[A[A



[1A
[1Amodel-00003-of-00004.safetensors:  42%|████▏     | 1.63G/3.86G [00:26<00:32, 67.9MB/s][A[A[A


[1A
[1Amodel-00002-of-00004.safetensors:  31%|███       | 1.20G/3.86G [00:26<00:56, 46.7MB/s][A[A




[1A
[1Amodel-00004-of-00004.safetensors:  48%|████▊     | 1.72G/3.56G [00:25<00:28, 65.4MB/s][A[A[A[A

[1A
[1Amodel-00001-of-00004.safetensors:  82%|████████▏ | 3.23G/3.95G [00:26<00:06, 111MB/s][A


[1A
[1Amodel-00002-of-00004.safetensors:  31%|███▏      | 1.21G/3.86G [00:26<00:53, 50.1MB/s][A[A



[1A
[1Amodel-00003-of-00004.safetensors:  42%|████▏     | 1.63G/3.86G [00:26<00:36, 61.6MB/s][A[A[A




[1A
[1Amodel-00004-of-00004.safetensors:  49%|████▊     | 1.73G/3.56G [00:26<00:27, 66.3MB/s][A[A[A[A

[1A
[1Amodel-00001-of-00004.safetensors:  82%|████████▏ | 3.24G/3.95G [00:26<00:06, 114MB/s][A

[1A
[1Amodel-00001-of-00004.safetensors:  83%|████████▎ | 3.26G/3.95G [00:26<00:05, 116MB/s][A



[1A
[1Amodel-00003-of-00004.safetensors:  42%|████▏     | 1.64G/3.86G [00:26<00:37, 58.9MB/s][A[A[A




[1A
[1Amodel-00004-of-00004.safetensors:  49%|████▉     | 1.74G/3.56G [00:26<00:28, 63.1MB/s][A[A[A[A


[1A
[1Amodel-00002-of-00004.safetensors:  31%|███▏      | 1.22G/3.86G [00:26<01:02, 42.6MB/s][A[A

[1A
[1Amodel-00001-of-00004.safetensors:  83%|████████▎ | 3.27G/3.95G [00:26<00:05, 115MB/s][A



[1A
[1Amodel-00003-of-00004.safetensors:  43%|████▎     | 1.65G/3.86G [00:26<00:36, 60.6MB/s][A[A[A


[1A
[1Amodel-00002-of-00004.safetensors:  32%|███▏      | 1.22G/3.86G [00:26<00:53, 49.6MB/s][A[A




[1A
[1Amodel-00004-of-00004.safetensors:  49%|████▉     | 1.74G/3.56G [00:26<00:29, 61.1MB/s][A[A[A[A



[1A
[1Amodel-00003-of-00004.safetensors:  43%|████▎     | 1.66G/3.86G [00:26<00:34, 63.8MB/s][A[A[A




[1A
[1Amodel-00004-of-00004.safetensors:  49%|████▉     | 1.75G/3.56G [00:26<00:28, 63.2MB/s][A[A[A[A

[1A
[1Amodel-00001-of-00004.safetensors:  83%|████████▎ | 3.28G/3.95G [00:27<00:06, 106MB/s][A


[1A
[1Amodel-00002-of-00004.safetensors:  32%|███▏      | 1.23G/3.86G [00:26<00:53, 49.1MB/s][A[A

[1A
[1Amodel-00001-of-00004.safetensors:  83%|████████▎ | 3.29G/3.95G [00:27<00:06, 108MB/s][A



[1A
[1Amodel-00003-of-00004.safetensors:  43%|████▎     | 1.66G/3.86G [00:26<00:36, 60.0MB/s][A[A[A


[1A
[1Amodel-00002-of-00004.safetensors:  32%|███▏      | 1.24G/3.86G [00:26<00:50, 51.8MB/s][A[A




[1A
[1Amodel-00004-of-00004.safetensors:  49%|████▉     | 1.76G/3.56G [00:26<00:29, 60.4MB/s][A[A[A[A

[1A
[1Amodel-00001-of-00004.safetensors:  84%|████████▍ | 3.31G/3.95G [00:27<00:05, 108MB/s][A



[1A
[1Amodel-00003-of-00004.safetensors:  43%|████▎     | 1.67G/3.86G [00:26<00:39, 56.0MB/s][A[A[A




[1A
[1Amodel-00004-of-00004.safetensors:  50%|████▉     | 1.77G/3.56G [00:26<00:31, 56.8MB/s][A[A[A[A


[1A
[1Amodel-00002-of-00004.safetensors:  32%|███▏      | 1.24G/3.86G [00:26<00:55, 47.1MB/s][A[A

[1Amodel-00001-of-00004.safetensors:  84%|████████▍ | 3.32G/3.95G [00:27<00:05, 109MB/s][A




[1A
[1Amodel-00004-of-00004.safetensors:  50%|████▉     | 1.77G/3.56G [00:26<00:30, 58.2MB/s][A[A[A[A



[1A
[1Amodel-00003-of-00004.safetensors:  43%|████▎     | 1.68G/3.86G [00:26<00:37, 58.1MB/s][A[A[A


[1A
[1Amodel-00002-of-00004.safetensors:  32%|███▏      | 1.25G/3.86G [00:26<00:51, 50.8MB/s][A[A

[1A
[1Amodel-00001-of-00004.safetensors:  84%|████████▍ | 3.33G/3.95G [00:27<00:05, 112MB/s][A




[1A
[1Amodel-00004-of-00004.safetensors:  50%|█████     | 1.78G/3.56G [00:26<00:30, 57.4MB/s][A[A[A[A



[1A
[1Amodel-00003-of-00004.safetensors:  44%|████▎     | 1.69G/3.86G [00:27<00:34, 62.7MB/s][A[A[A

[1A
[1Amodel-00001-of-00004.safetensors:  85%|████████▍ | 3.34G/3.95G [00:27<00:04, 123MB/s][A


[1A
[1Amodel-00002-of-00004.safetensors:  32%|███▏      | 1.26G/3.86G [00:27<00:54, 48.3MB/s][A[A




[1A
[1Amodel-00004-of-00004.safetensors:  50%|█████     | 1.79G/3.56G [00:27<00:28, 62.0MB/s][A[A[A[A



[1Amodel-00003-of-00004.safetensors:  44%|████▍     | 1.69G/3.86G [00:27<00:33, 65.5MB/s][A[A[A

[1A
[1Amodel-00001-of-00004.safetensors:  85%|████████▌ | 3.36G/3.95G [00:27<00:04, 135MB/s][A


[1A
[1Amodel-00002-of-00004.safetensors:  33%|███▎      | 1.26G/3.86G [00:27<00:51, 50.9MB/s][A[A




[1A
[1Amodel-00004-of-00004.safetensors:  50%|█████     | 1.80G/3.56G [00:27<00:27, 64.8MB/s][A[A[A[A



[1A
[1Amodel-00003-of-00004.safetensors:  44%|████▍     | 1.70G/3.86G [00:27<00:30, 69.8MB/s][A[A[A

[1A
[1Amodel-00001-of-00004.safetensors:  86%|████████▌ | 3.38G/3.95G [00:27<00:03, 143MB/s][A


[1A
[1Amodel-00002-of-00004.safetensors:  33%|███▎      | 1.27G/3.86G [00:27<00:56, 45.9MB/s][A[A




[1A
[1Amodel-00004-of-00004.safetensors:  51%|█████     | 1.80G/3.56G [00:27<00:25, 68.5MB/s][A[A[A[A

[1A
[1Amodel-00001-of-00004.safetensors:  86%|████████▌ | 3.40G/3.95G [00:27<00:03, 148MB/s][A



[1A
[1Amodel-00003-of-00004.safetensors:  44%|████▍     | 1.71G/3.86G [00:27<00:30, 70.2MB/s][A[A[A




[1A
[1Amodel-00004-of-00004.safetensors:  51%|█████     | 1.81G/3.56G [00:27<00:24, 71.5MB/s][A[A[A[A

[1A
[1Amodel-00001-of-00004.safetensors:  86%|████████▋ | 3.41G/3.95G [00:27<00:03, 153MB/s][A



[1Amodel-00003-of-00004.safetensors:  44%|████▍     | 1.72G/3.86G [00:27<00:30, 71.0MB/s][A[A[A


[1A
[1Amodel-00002-of-00004.safetensors:  33%|███▎      | 1.28G/3.86G [00:27<00:56, 46.2MB/s][A[A

[1A
[1Amodel-00001-of-00004.safetensors:  87%|████████▋ | 3.43G/3.95G [00:28<00:03, 155MB/s][A




[1A
[1Amodel-00004-of-00004.safetensors:  51%|█████     | 1.82G/3.56G [00:27<00:24, 71.3MB/s][A[A[A[A



[1A
[1Amodel-00003-of-00004.safetensors:  45%|████▍     | 1.73G/3.86G [00:27<00:29, 71.5MB/s][A[A[A


[1A
[1Amodel-00002-of-00004.safetensors:  33%|███▎      | 1.28G/3.86G [00:27<00:49, 52.0MB/s][A[A

[1A
[1Amodel-00001-of-00004.safetensors:  87%|████████▋ | 3.44G/3.95G [00:28<00:03, 155MB/s][A




[1A
[1Amodel-00004-of-00004.safetensors:  51%|█████▏    | 1.83G/3.56G [00:27<00:24, 70.4MB/s][A[A[A[A



[1A
[1Amodel-00003-of-00004.safetensors:  45%|████▍     | 1.74G/3.86G [00:27<00:30, 69.9MB/s][A[A[A


[1A
[1Amodel-00002-of-00004.safetensors:  33%|███▎      | 1.29G/3.86G [00:27<00:54, 47.7MB/s][A[A

[1A
[1Amodel-00001-of-00004.safetensors:  88%|████████▊ | 3.46G/3.95G [00:28<00:03, 154MB/s][A




[1A
[1Amodel-00004-of-00004.safetensors:  52%|█████▏    | 1.84G/3.56G [00:27<00:24, 71.0MB/s][A[A[A[A



[1A
[1Amodel-00003-of-00004.safetensors:  45%|████▌     | 1.74G/3.86G [00:27<00:30, 68.4MB/s][A[A[A

[1A
[1Amodel-00001-of-00004.safetensors:  88%|████████▊ | 3.48G/3.95G [00:28<00:03, 155MB/s][A


[1A
[1Amodel-00002-of-00004.safetensors:  34%|███▎      | 1.30G/3.86G [00:27<00:51, 49.7MB/s][A[A




[1A
[1Amodel-00004-of-00004.safetensors:  52%|█████▏    | 1.85G/3.56G [00:27<00:23, 71.8MB/s][A[A[A[A



[1A
[1Amodel-00003-of-00004.safetensors:  45%|████▌     | 1.75G/3.86G [00:27<00:28, 74.6MB/s][A[A[A


[1A
[1Amodel-00002-of-00004.safetensors:  34%|███▎      | 1.30G/3.86G [00:28<00:46, 55.2MB/s][A[A

[1A
[1Amodel-00001-of-00004.safetensors:  89%|████████▊ | 3.49G/3.95G [00:28<00:03, 148MB/s][A




[1A
[1Amodel-00004-of-00004.safetensors:  52%|█████▏    | 1.85G/3.56G [00:27<00:24, 68.9MB/s][A[A[A[A



[1A
[1Amodel-00003-of-00004.safetensors:  46%|████▌     | 1.76G/3.86G [00:28<00:28, 74.6MB/s][A[A[A

[1A
[1Amodel-00001-of-00004.safetensors:  89%|████████▉ | 3.51G/3.95G [00:28<00:03, 142MB/s][A



[1A
[1Amodel-00003-of-00004.safetensors:  46%|████▌     | 1.77G/3.86G [00:28<00:27, 75.4MB/s][A[A[A




[1A
[1Amodel-00004-of-00004.safetensors:  52%|█████▏    | 1.86G/3.56G [00:28<00:26, 64.6MB/s][A[A[A[A

[1A
[1Amodel-00001-of-00004.safetensors:  89%|████████▉ | 3.52G/3.95G [00:28<00:03, 136MB/s][A


[1A
[1Amodel-00002-of-00004.safetensors:  34%|███▍      | 1.31G/3.86G [00:28<01:03, 40.4MB/s][A[A




[1A
[1Amodel-00004-of-00004.safetensors:  53%|█████▎    | 1.87G/3.56G [00:28<00:24, 68.6MB/s][A[A[A[A



[1A
[1Amodel-00003-of-00004.safetensors:  46%|████▌     | 1.78G/3.86G [00:28<00:28, 73.5MB/s][A[A[A

[1A
[1Amodel-00001-of-00004.safetensors:  90%|████████▉ | 3.54G/3.95G [00:28<00:03, 131MB/s][A


[1A
[1Amodel-00002-of-00004.safetensors:  34%|███▍      | 1.32G/3.86G [00:28<00:58, 43.8MB/s][A[A



[1A
[1Amodel-00003-of-00004.safetensors:  46%|████▋     | 1.79G/3.86G [00:28<00:27, 74.8MB/s][A[A[A




[1A
[1Amodel-00004-of-00004.safetensors:  53%|█████▎    | 1.88G/3.56G [00:28<00:24, 67.4MB/s][A[A[A[A

[1A
[1Amodel-00001-of-00004.safetensors:  90%|█████████ | 3.55G/3.95G [00:28<00:02, 131MB/s][A


[1A
[1Amodel-00002-of-00004.safetensors:  34%|███▍      | 1.32G/3.86G [00:28<00:56, 45.0MB/s][A[A




[1A
[1Amodel-00004-of-00004.safetensors:  53%|█████▎    | 1.89G/3.56G [00:28<00:23, 70.0MB/s][A[A[A[A



[1A
[1Amodel-00003-of-00004.safetensors:  46%|████▋     | 1.80G/3.86G [00:28<00:28, 73.9MB/s][A[A[A

[1A
[1Amodel-00001-of-00004.safetensors:  90%|█████████ | 3.57G/3.95G [00:29<00:02, 130MB/s][A


[1Amodel-00002-of-00004.safetensors:  34%|███▍      | 1.33G/3.86G [00:28<00:52, 48.5MB/s][A[A



[1A
[1Amodel-00003-of-00004.safetensors:  47%|████▋     | 1.80G/3.86G [00:28<00:28, 72.6MB/s][A[A[A




[1A
[1Amodel-00004-of-00004.safetensors:  53%|█████▎    | 1.89G/3.56G [00:28<00:26, 63.9MB/s][A[A[A[A

[1A
[1Amodel-00001-of-00004.safetensors:  91%|█████████ | 3.58G/3.95G [00:29<00:02, 132MB/s][A



[1A
[1Amodel-00003-of-00004.safetensors:  47%|████▋     | 1.81G/3.86G [00:28<00:28, 71.1MB/s][A[A[A


[1A
[1Amodel-00002-of-00004.safetensors:  35%|███▍      | 1.33G/3.86G [00:28<00:56, 45.1MB/s][A[A




[1A
[1Amodel-00004-of-00004.safetensors:  53%|█████▎    | 1.90G/3.56G [00:28<00:25, 64.8MB/s][A[A[A[A

[1A
[1Amodel-00001-of-00004.safetensors:  91%|█████████ | 3.59G/3.95G [00:29<00:03, 112MB/s][A


[1A
[1Amodel-00002-of-00004.safetensors:  35%|███▍      | 1.34G/3.86G [00:28<00:55, 45.9MB/s][A[A



[1A
[1Amodel-00003-of-00004.safetensors:  47%|████▋     | 1.82G/3.86G [00:28<00:29, 69.9MB/s][A[A[A




[1A
[1Amodel-00004-of-00004.safetensors:  54%|█████▎    | 1.91G/3.56G [00:28<00:24, 66.9MB/s][A[A[A[A

[1A
[1Amodel-00001-of-00004.safetensors:  91%|█████████▏| 3.61G/3.95G [00:29<00:02, 114MB/s][A




[1A
[1Amodel-00004-of-00004.safetensors:  54%|█████▍    | 1.92G/3.56G [00:28<00:23, 68.6MB/s][A[A[A[A


[1A
[1Amodel-00002-of-00004.safetensors:  35%|███▍      | 1.35G/3.86G [00:29<00:53, 47.4MB/s][A[A



[1A
[1Amodel-00003-of-00004.safetensors:  47%|████▋     | 1.83G/3.86G [00:29<00:30, 67.0MB/s][A[A[A

[1A
[1Amodel-00001-of-00004.safetensors:  92%|█████████▏| 3.62G/3.95G [00:29<00:02, 114MB/s][A


[1A
[1Amodel-00002-of-00004.safetensors:  35%|███▍      | 1.35G/3.86G [00:29<00:52, 47.8MB/s][A[A



[1A
[1Amodel-00003-of-00004.safetensors:  48%|████▊     | 1.84G/3.86G [00:29<00:30, 67.3MB/s][A[A[A




[1A
[1Amodel-00004-of-00004.safetensors:  54%|█████▍    | 1.92G/3.56G [00:29<00:25, 63.4MB/s][A[A[A[A

[1A
[1Amodel-00001-of-00004.safetensors:  92%|█████████▏| 3.63G/3.95G [00:29<00:02, 113MB/s][A


[1A
[1Amodel-00002-of-00004.safetensors:  35%|███▌      | 1.36G/3.86G [00:29<00:49, 51.1MB/s][A[A



[1A
[1Amodel-00003-of-00004.safetensors:  48%|████▊     | 1.84G/3.86G [00:29<00:29, 67.7MB/s][A[A[A




[1Amodel-00004-of-00004.safetensors:  54%|█████▍    | 1.93G/3.56G [00:29<00:26, 62.2MB/s][A[A[A[A

[1A
[1Amodel-00001-of-00004.safetensors:  92%|█████████▏| 3.64G/3.95G [00:29<00:02, 114MB/s][A



[1A
[1Amodel-00003-of-00004.safetensors:  48%|████▊     | 1.85G/3.86G [00:29<00:30, 67.0MB/s][A[A[A


[1A
[1Amodel-00002-of-00004.safetensors:  35%|███▌      | 1.36G/3.86G [00:29<00:53, 46.6MB/s][A[A




[1A
[1Amodel-00004-of-00004.safetensors:  54%|█████▍    | 1.94G/3.56G [00:29<00:25, 62.5MB/s][A[A[A[A

[1A
[1Amodel-00001-of-00004.safetensors:  93%|█████████▎| 3.66G/3.95G [00:29<00:02, 115MB/s][A



[1A
[1Amodel-00003-of-00004.safetensors:  48%|████▊     | 1.86G/3.86G [00:29<00:30, 65.8MB/s][A[A[A


[1A
[1Amodel-00002-of-00004.safetensors:  35%|███▌      | 1.37G/3.86G [00:29<00:49, 50.5MB/s][A[A




[1A
[1Amodel-00004-of-00004.safetensors:  55%|█████▍    | 1.95G/3.56G [00:29<00:25, 63.1MB/s][A[A[A[A

[1A
[1Amodel-00001-of-00004.safetensors:  93%|█████████▎| 3.67G/3.95G [00:30<00:02, 122MB/s][A



[1A
[1Amodel-00003-of-00004.safetensors:  48%|████▊     | 1.87G/3.86G [00:29<00:29, 66.6MB/s][A[A[A


[1A
[1Amodel-00002-of-00004.safetensors:  36%|███▌      | 1.38G/3.86G [00:29<00:50, 49.2MB/s][A[A

[1A
[1Amodel-00001-of-00004.safetensors:  93%|█████████▎| 3.69G/3.95G [00:30<00:02, 127MB/s][A




[1A
[1Amodel-00004-of-00004.safetensors:  55%|█████▍    | 1.95G/3.56G [00:29<00:24, 66.3MB/s][A[A[A[A



[1A
[1Amodel-00003-of-00004.safetensors:  49%|████▊     | 1.87G/3.86G [00:29<00:29, 67.7MB/s][A[A[A




[1A
[1Amodel-00004-of-00004.safetensors:  55%|█████▌    | 1.96G/3.56G [00:29<00:23, 67.9MB/s][A[A[A[A

[1A
[1Amodel-00001-of-00004.safetensors:  94%|█████████▍| 3.70G/3.95G [00:30<00:01, 127MB/s][A


[1A
[1Amodel-00002-of-00004.safetensors:  36%|███▌      | 1.38G/3.86G [00:29<00:49, 50.5MB/s][A[A




[1A
[1Amodel-00004-of-00004.safetensors:  55%|█████▌    | 1.97G/3.56G [00:29<00:23, 68.8MB/s][A[A[A[A

[1A
[1Amodel-00001-of-00004.safetensors:  94%|█████████▍| 3.71G/3.95G [00:30<00:01, 126MB/s][A



[1A
[1Amodel-00003-of-00004.safetensors:  49%|████▊     | 1.88G/3.86G [00:29<00:29, 66.2MB/s][A[A[A


[1A
[1Amodel-00002-of-00004.safetensors:  36%|███▌      | 1.39G/3.86G [00:29<00:46, 53.2MB/s][A[A




[1A
[1Amodel-00004-of-00004.safetensors:  56%|█████▌    | 1.98G/3.56G [00:29<00:24, 64.7MB/s][A[A[A[A

[1A
[1Amodel-00001-of-00004.safetensors:  94%|█████████▍| 3.73G/3.95G [00:30<00:01, 120MB/s][A



[1A
[1Amodel-00003-of-00004.safetensors:  49%|████▉     | 1.89G/3.86G [00:29<00:30, 65.5MB/s][A[A[A


[1A
[1Amodel-00002-of-00004.safetensors:  36%|███▌      | 1.40G/3.86G [00:30<00:49, 49.5MB/s][A[A




[1A
[1Amodel-00004-of-00004.safetensors:  56%|█████▌    | 1.98G/3.56G [00:29<00:24, 64.9MB/s][A[A[A[A

[1A
[1Amodel-00001-of-00004.safetensors:  95%|█████████▍| 3.74G/3.95G [00:30<00:01, 118MB/s][A



[1A
[1Amodel-00003-of-00004.safetensors:  49%|████▉     | 1.90G/3.86G [00:30<00:29, 67.2MB/s][A[A[A


[1A
[1Amodel-00002-of-00004.safetensors:  36%|███▋      | 1.40G/3.86G [00:30<00:50, 48.9MB/s][A[A

[1A
[1Amodel-00001-of-00004.safetensors:  95%|█████████▌| 3.75G/3.95G [00:30<00:01, 122MB/s][A




[1A
[1Amodel-00004-of-00004.safetensors:  56%|█████▌    | 1.99G/3.56G [00:30<00:23, 67.8MB/s][A[A[A[A



[1A
[1Amodel-00003-of-00004.safetensors:  49%|████▉     | 1.91G/3.86G [00:30<00:32, 60.3MB/s][A[A[A


[1A
[1Amodel-00002-of-00004.safetensors:  36%|███▋      | 1.41G/3.86G [00:30<00:48, 50.4MB/s][A[A

[1A
[1Amodel-00001-of-00004.safetensors:  95%|█████████▌| 3.77G/3.95G [00:30<00:01, 129MB/s][A




[1A
[1Amodel-00004-of-00004.safetensors:  56%|█████▋    | 2.00G/3.56G [00:30<00:21, 71.9MB/s][A[A[A[A



[1A
[1Amodel-00003-of-00004.safetensors:  49%|████▉     | 1.91G/3.86G [00:30<00:32, 59.5MB/s][A[A[A

[1A
[1Amodel-00001-of-00004.safetensors:  96%|█████████▌| 3.78G/3.95G [00:30<00:01, 130MB/s][A




[1A
[1Amodel-00004-of-00004.safetensors:  56%|█████▋    | 2.01G/3.56G [00:30<00:21, 71.9MB/s][A[A[A[A


[1A
[1Amodel-00002-of-00004.safetensors:  37%|███▋      | 1.41G/3.86G [00:30<00:55, 44.5MB/s][A[A



[1A
[1Amodel-00003-of-00004.safetensors:  50%|████▉     | 1.92G/3.86G [00:30<00:30, 62.9MB/s][A[A[A




[1A
[1Amodel-00004-of-00004.safetensors:  57%|█████▋    | 2.02G/3.56G [00:30<00:22, 67.5MB/s][A[A[A[A

[1A
[1Amodel-00001-of-00004.safetensors:  96%|█████████▌| 3.79G/3.95G [00:31<00:01, 120MB/s][A


[1A
[1Amodel-00002-of-00004.safetensors:  37%|███▋      | 1.42G/3.86G [00:30<00:51, 47.8MB/s][A[A



[1A
[1Amodel-00003-of-00004.safetensors:  50%|████▉     | 1.93G/3.86G [00:30<00:29, 65.1MB/s][A[A[A




[1A
[1Amodel-00004-of-00004.safetensors:  57%|█████▋    | 2.02G/3.56G [00:30<00:22, 67.0MB/s][A[A[A[A

[1A
[1Amodel-00001-of-00004.safetensors:  97%|█████████▋| 3.81G/3.95G [00:31<00:01, 109MB/s][A


[1A
[1Amodel-00002-of-00004.safetensors:  37%|███▋      | 1.43G/3.86G [00:30<00:53, 45.5MB/s][A[A



[1A
[1Amodel-00003-of-00004.safetensors:  50%|█████     | 1.94G/3.86G [00:30<00:30, 62.4MB/s][A[A[A




[1A
[1Amodel-00004-of-00004.safetensors:  57%|█████▋    | 2.03G/3.56G [00:30<00:22, 68.5MB/s][A[A[A[A


[1A
[1Amodel-00002-of-00004.safetensors:  37%|███▋      | 1.43G/3.86G [00:30<00:51, 46.9MB/s][A[A

[1A
[1Amodel-00001-of-00004.safetensors:  97%|█████████▋| 3.82G/3.95G [00:31<00:01, 106MB/s][A



[1A
[1Amodel-00003-of-00004.safetensors:  50%|█████     | 1.94G/3.86G [00:30<00:31, 60.4MB/s][A[A[A




[1A
[1Amodel-00004-of-00004.safetensors:  57%|█████▋    | 2.04G/3.56G [00:30<00:21, 69.2MB/s][A[A[A[A


[1A
[1Amodel-00002-of-00004.safetensors:  37%|███▋      | 1.44G/3.86G [00:30<00:47, 50.9MB/s][A[A

[1Amodel-00001-of-00004.safetensors:  97%|█████████▋| 3.83G/3.95G [00:31<00:01, 106MB/s][A



[1A
[1Amodel-00003-of-00004.safetensors:  50%|█████     | 1.95G/3.86G [00:30<00:30, 63.1MB/s][A[A[A




[1A
[1Amodel-00004-of-00004.safetensors:  58%|█████▊    | 2.05G/3.56G [00:30<00:21, 70.2MB/s][A[A[A[A


[1A
[1Amodel-00002-of-00004.safetensors:  37%|███▋      | 1.44G/3.86G [00:31<00:49, 49.2MB/s][A[A

[1A
[1Amodel-00001-of-00004.safetensors:  97%|█████████▋| 3.84G/3.95G [00:31<00:00, 111MB/s][A



[1A
[1Amodel-00003-of-00004.safetensors:  51%|█████     | 1.96G/3.86G [00:31<00:29, 64.3MB/s][A[A[A




[1A
[1Amodel-00004-of-00004.safetensors:  58%|█████▊    | 2.06G/3.56G [00:30<00:21, 69.4MB/s][A[A[A[A


[1A
[1Amodel-00002-of-00004.safetensors:  37%|███▋      | 1.45G/3.86G [00:31<00:45, 52.6MB/s][A[A

[1A
[1Amodel-00001-of-00004.safetensors:  98%|█████████▊| 3.86G/3.95G [00:31<00:00, 112MB/s][A



[1Amodel-00003-of-00004.safetensors:  51%|█████     | 1.97G/3.86G [00:31<00:29, 64.6MB/s][A[A[A




[1A
[1Amodel-00004-of-00004.safetensors:  58%|█████▊    | 2.06G/3.56G [00:31<00:21, 68.8MB/s][A[A[A[A

[1A
[1Amodel-00001-of-00004.safetensors:  98%|█████████▊| 3.87G/3.95G [00:31<00:00, 106MB/s][A


[1A
[1Amodel-00002-of-00004.safetensors:  38%|███▊      | 1.46G/3.86G [00:31<00:50, 47.3MB/s][A[A




[1A
[1Amodel-00004-of-00004.safetensors:  58%|█████▊    | 2.07G/3.56G [00:31<00:40, 36.5MB/s][A[A[A[A



[1A
[1Amodel-00003-of-00004.safetensors:  51%|█████     | 1.97G/3.86G [00:31<00:53, 35.1MB/s][A[A[A

[1A
[1Amodel-00001-of-00004.safetensors:  98%|█████████▊| 3.88G/3.95G [00:32<00:01, 55.2MB/s][A


[1A
[1Amodel-00002-of-00004.safetensors:  38%|███▊      | 1.46G/3.86G [00:31<01:33, 25.8MB/s][A[A



[1A
[1Amodel-00003-of-00004.safetensors:  51%|█████     | 1.98G/3.86G [00:31<00:49, 37.9MB/s][A[A[A




[1A
[1Amodel-00004-of-00004.safetensors:  58%|█████▊    | 2.08G/3.56G [00:31<00:37, 39.1MB/s][A[A[A[A

[1A
[1Amodel-00001-of-00004.safetensors:  99%|█████████▊| 3.89G/3.95G [00:32<00:00, 64.5MB/s][A



[1A
[1Amodel-00003-of-00004.safetensors:  51%|█████▏    | 1.99G/3.86G [00:31<00:42, 44.0MB/s][A[A[A




[1A
[1Amodel-00004-of-00004.safetensors:  59%|█████▊    | 2.08G/3.56G [00:31<00:32, 45.5MB/s][A[A[A[A

[1Amodel-00001-of-00004.safetensors:  99%|█████████▉| 3.90G/3.95G [00:32<00:00, 74.7MB/s][A


[1A
[1Amodel-00002-of-00004.safetensors:  38%|███▊      | 1.46G/3.86G [00:31<01:41, 23.6MB/s][A[A



[1A
[1Amodel-00003-of-00004.safetensors:  52%|█████▏    | 2.00G/3.86G [00:32<00:37, 50.0MB/s][A[A[A

[1A
[1Amodel-00001-of-00004.safetensors:  99%|█████████▉| 3.91G/3.95G [00:32<00:00, 82.6MB/s][A




[1A
[1Amodel-00004-of-00004.safetensors:  59%|█████▉    | 2.09G/3.56G [00:31<00:29, 49.9MB/s][A[A[A[A

[1A
[1Amodel-00001-of-00004.safetensors: 100%|█████████▉| 3.93G/3.95G [00:32<00:00, 89.4MB/s][A



[1A
[1Amodel-00003-of-00004.safetensors:  52%|█████▏    | 2.00G/3.86G [00:32<00:34, 54.4MB/s][A[A[A




[1A
[1Amodel-00004-of-00004.safetensors:  59%|█████▉    | 2.10G/3.56G [00:32<00:27, 52.8MB/s][A[A[A[A

[1A
[1Amodel-00001-of-00004.safetensors: 100%|█████████▉| 3.94G/3.95G [00:32<00:00, 89.2MB/s][A



[1A
[1Amodel-00003-of-00004.safetensors:  52%|█████▏    | 2.01G/3.86G [00:32<00:35, 52.7MB/s][A[A[A


[1Amodel-00002-of-00004.safetensors:  38%|███▊      | 1.47G/3.86G [00:32<02:02, 19.6MB/s][A[A




[1A
[1Amodel-00004-of-00004.safetensors:  59%|█████▉    | 2.11G/3.56G [00:32<00:28, 50.6MB/s][A[A[A[A

[1A
[1A                                                                                      [A



[1A
[1Amodel-00003-of-00004.safetensors:  52%|█████▏    | 2.02G/3.86G [00:32<00:36, 51.2MB/s][A[A[A




[1A
[1Amodel-00004-of-00004.safetensors:  59%|█████▉    | 2.11G/3.56G [00:32<00:27, 53.0MB/s][A[A[A[A


[1A
[1Amodel-00002-of-00004.safetensors:  38%|███▊      | 1.47G/3.86G [00:32<02:05, 19.1MB/s][A[A



[1A
[1Amodel-00003-of-00004.safetensors:  52%|█████▏    | 2.03G/3.86G [00:32<00:31, 58.6MB/s][A[A[A




[1A
[1Amodel-00004-of-00004.safetensors:  60%|█████▉    | 2.12G/3.56G [00:32<00:23, 60.1MB/s][A[A[A[A



[1A
[1Amodel-00003-of-00004.safetensors:  53%|█████▎    | 2.03G/3.86G [00:32<00:28, 64.8MB/s][A[A[A




[1A
[1Amodel-00004-of-00004.safetensors:  60%|█████▉    | 2.13G/3.56G [00:32<00:21, 65.3MB/s][A[A[A[A


[1A
[1Amodel-00002-of-00004.safetensors:  38%|███▊      | 1.48G/3.86G [00:32<02:10, 18.3MB/s][A[A



[1A
[1Amodel-00003-of-00004.safetensors:  53%|█████▎    | 2.04G/3.86G [00:32<00:25, 71.4MB/s][A[A[A




[1A
[1Amodel-00004-of-00004.safetensors:  60%|██████    | 2.14G/3.56G [00:32<00:20, 68.3MB/s][A[A[A[A


[1A
[1Amodel-00002-of-00004.safetensors:  38%|███▊      | 1.48G/3.86G [00:32<02:04, 19.1MB/s][A[A



[1A
[1Amodel-00003-of-00004.safetensors:  53%|█████▎    | 2.05G/3.86G [00:32<00:24, 73.9MB/s][A[A[A




[1A
[1Amodel-00004-of-00004.safetensors:  60%|██████    | 2.15G/3.56G [00:32<00:19, 72.0MB/s][A[A[A[A



[1A
[1Amodel-00003-of-00004.safetensors:  53%|█████▎    | 2.06G/3.86G [00:32<00:23, 75.9MB/s][A[A[A




[1A
[1Amodel-00004-of-00004.safetensors:  61%|██████    | 2.16G/3.56G [00:32<00:18, 76.7MB/s][A[A[A[A


[1A
[1Amodel-00002-of-00004.safetensors:  38%|███▊      | 1.48G/3.86G [00:32<02:12, 18.0MB/s][A[A



[1A
[1Amodel-00003-of-00004.safetensors:  54%|█████▎    | 2.07G/3.86G [00:33<00:24, 74.2MB/s][A[A[A




[1A
[1Amodel-00004-of-00004.safetensors:  61%|██████    | 2.17G/3.56G [00:32<00:18, 76.6MB/s][A[A[A[A



[1Amodel-00003-of-00004.safetensors:  54%|█████▎    | 2.08G/3.86G [00:33<00:23, 75.5MB/s][A[A[A


[1A
[1Amodel-00002-of-00004.safetensors:  38%|███▊      | 1.48G/3.86G [00:33<02:24, 16.5MB/s][A[A




[1A
[1Amodel-00004-of-00004.safetensors:  61%|██████    | 2.17G/3.56G [00:33<00:18, 75.3MB/s][A[A[A[A



[1Amodel-00003-of-00004.safetensors:  54%|█████▍    | 2.09G/3.86G [00:33<00:22, 80.4MB/s][A[A[A




[1A
[1Amodel-00004-of-00004.safetensors:  61%|██████▏   | 2.18G/3.56G [00:33<00:17, 77.6MB/s][A[A[A[A


[1A
[1Amodel-00002-of-00004.safetensors:  38%|███▊      | 1.49G/3.86G [00:33<02:32, 15.6MB/s][A[A



[1A
[1Amodel-00003-of-00004.safetensors:  54%|█████▍    | 2.10G/3.86G [00:33<00:21, 80.5MB/s][A[A[A




[1A
[1Amodel-00004-of-00004.safetensors:  62%|██████▏   | 2.19G/3.56G [00:33<00:17, 76.4MB/s][A[A[A[A


[1A
[1Amodel-00002-of-00004.safetensors:  39%|███▊      | 1.49G/3.86G [00:33<01:44, 22.7MB/s][A[A



[1A
[1Amodel-00003-of-00004.safetensors:  54%|█████▍    | 2.10G/3.86G [00:33<00:23, 76.4MB/s][A[A[A




[1A
[1Amodel-00004-of-00004.safetensors:  62%|██████▏   | 2.20G/3.56G [00:33<00:17, 77.9MB/s][A[A[A[A


[1A
[1Amodel-00002-of-00004.safetensors:  39%|███▊      | 1.50G/3.86G [00:33<01:23, 28.4MB/s][A[A



[1A
[1Amodel-00003-of-00004.safetensors:  55%|█████▍    | 2.11G/3.86G [00:33<00:22, 78.3MB/s][A[A[A




[1A
[1Amodel-00004-of-00004.safetensors:  62%|██████▏   | 2.21G/3.56G [00:33<00:16, 80.9MB/s][A[A[A[A



[1A
[1Amodel-00003-of-00004.safetensors:  55%|█████▍    | 2.12G/3.86G [00:33<00:21, 79.7MB/s][A[A[A


[1A
[1Amodel-00002-of-00004.safetensors:  39%|███▉      | 1.51G/3.86G [00:33<01:02, 37.9MB/s][A[A




[1A
[1Amodel-00004-of-00004.safetensors:  62%|██████▏   | 2.22G/3.56G [00:33<00:16, 81.6MB/s][A[A[A[A



[1A
[1Amodel-00003-of-00004.safetensors:  55%|█████▌    | 2.13G/3.86G [00:33<00:22, 76.3MB/s][A[A[A




[1A
[1Amodel-00004-of-00004.safetensors:  63%|██████▎   | 2.23G/3.56G [00:33<00:15, 84.8MB/s][A[A[A[A


[1A
[1Amodel-00002-of-00004.safetensors:  39%|███▉      | 1.51G/3.86G [00:33<00:53, 43.6MB/s][A[A



[1A
[1Amodel-00003-of-00004.safetensors:  55%|█████▌    | 2.14G/3.86G [00:33<00:22, 78.3MB/s][A[A[A




[1A
[1Amodel-00004-of-00004.safetensors:  63%|██████▎   | 2.24G/3.56G [00:33<00:15, 84.1MB/s][A[A[A[A


[1A
[1Amodel-00002-of-00004.safetensors:  39%|███▉      | 1.52G/3.86G [00:33<00:57, 41.1MB/s][A[A



[1A
[1Amodel-00003-of-00004.safetensors:  56%|█████▌    | 2.15G/3.86G [00:33<00:22, 77.4MB/s][A[A[A




[1A
[1Amodel-00004-of-00004.safetensors:  63%|██████▎   | 2.25G/3.56G [00:33<00:15, 82.4MB/s][A[A[A[A



[1A
[1Amodel-00003-of-00004.safetensors:  56%|█████▌    | 2.15G/3.86G [00:34<00:20, 81.6MB/s][A[A[A


[1A
[1Amodel-00002-of-00004.safetensors:  40%|███▉      | 1.53G/3.86G [00:34<00:52, 44.4MB/s][A[A




[1Amodel-00004-of-00004.safetensors:  64%|██████▎   | 2.26G/3.56G [00:34<00:14, 87.1MB/s][A[A[A[A



[1A
[1Amodel-00003-of-00004.safetensors:  56%|█████▌    | 2.16G/3.86G [00:34<00:21, 78.1MB/s][A[A[A


[1Amodel-00002-of-00004.safetensors:  40%|███▉      | 1.53G/3.86G [00:34<00:46, 50.6MB/s][A[A




[1A
[1Amodel-00004-of-00004.safetensors:  64%|██████▍   | 2.27G/3.56G [00:34<00:14, 87.3MB/s][A[A[A[A



[1A
[1Amodel-00003-of-00004.safetensors:  56%|█████▌    | 2.17G/3.86G [00:34<00:21, 79.6MB/s][A[A[A


[1A
[1Amodel-00002-of-00004.safetensors:  40%|███▉      | 1.54G/3.86G [00:34<00:48, 48.2MB/s][A[A




[1A
[1Amodel-00004-of-00004.safetensors:  64%|██████▍   | 2.28G/3.56G [00:34<00:15, 81.0MB/s][A[A[A[A



[1A
[1Amodel-00003-of-00004.safetensors:  56%|█████▋    | 2.18G/3.86G [00:34<00:21, 79.9MB/s][A[A[A


[1A
[1Amodel-00002-of-00004.safetensors:  40%|████      | 1.55G/3.86G [00:34<00:45, 50.9MB/s][A[A




[1A
[1Amodel-00004-of-00004.safetensors:  64%|██████▍   | 2.29G/3.56G [00:34<00:15, 80.0MB/s][A[A[A[A



[1A
[1Amodel-00003-of-00004.safetensors:  57%|█████▋    | 2.19G/3.86G [00:34<00:21, 77.2MB/s][A[A[A




[1A
[1Amodel-00004-of-00004.safetensors:  65%|██████▍   | 2.29G/3.56G [00:34<00:16, 77.4MB/s][A[A[A[A



[1A
[1Amodel-00003-of-00004.safetensors:  57%|█████▋    | 2.20G/3.86G [00:34<00:22, 74.4MB/s][A[A[A


[1A
[1Amodel-00002-of-00004.safetensors:  40%|████      | 1.55G/3.86G [00:34<00:51, 45.2MB/s][A[A




[1Amodel-00004-of-00004.safetensors:  65%|██████▍   | 2.30G/3.56G [00:34<00:15, 81.9MB/s][A[A[A[A


[1A
[1Amodel-00002-of-00004.safetensors:  40%|████      | 1.56G/3.86G [00:34<00:49, 46.8MB/s][A[A



[1A
[1Amodel-00003-of-00004.safetensors:  57%|█████▋    | 2.21G/3.86G [00:34<00:20, 81.7MB/s][A[A[A




[1A
[1Amodel-00004-of-00004.safetensors:  65%|██████▌   | 2.31G/3.56G [00:34<00:14, 84.2MB/s][A[A[A[A



[1A
[1Amodel-00003-of-00004.safetensors:  57%|█████▋    | 2.22G/3.86G [00:34<00:22, 74.4MB/s][A[A[A


[1A
[1Amodel-00002-of-00004.safetensors:  40%|████      | 1.56G/3.86G [00:34<00:51, 44.6MB/s][A[A




[1A
[1Amodel-00004-of-00004.safetensors:  65%|██████▌   | 2.32G/3.56G [00:34<00:14, 84.5MB/s][A[A[A[A



[1A
[1Amodel-00003-of-00004.safetensors:  58%|█████▊    | 2.22G/3.86G [00:35<00:21, 76.4MB/s][A[A[A


[1A
[1Amodel-00002-of-00004.safetensors:  41%|████      | 1.57G/3.86G [00:35<00:47, 48.0MB/s][A[A




[1A
[1Amodel-00004-of-00004.safetensors:  66%|██████▌   | 2.33G/3.56G [00:34<00:15, 80.4MB/s][A[A[A[A



[1A
[1Amodel-00003-of-00004.safetensors:  58%|█████▊    | 2.23G/3.86G [00:35<00:21, 77.3MB/s][A[A[A


[1A
[1Amodel-00002-of-00004.safetensors:  41%|████      | 1.58G/3.86G [00:35<00:48, 47.3MB/s][A[A




[1A
[1Amodel-00004-of-00004.safetensors:  66%|██████▌   | 2.34G/3.56G [00:35<00:14, 82.5MB/s][A[A[A[A



[1Amodel-00003-of-00004.safetensors:  58%|█████▊    | 2.24G/3.86G [00:35<00:20, 77.8MB/s][A[A[A


[1A
[1Amodel-00002-of-00004.safetensors:  41%|████      | 1.58G/3.86G [00:35<00:42, 53.1MB/s][A[A




[1A
[1Amodel-00004-of-00004.safetensors:  66%|██████▌   | 2.35G/3.56G [00:35<00:15, 78.3MB/s][A[A[A[A



[1A
[1Amodel-00003-of-00004.safetensors:  58%|█████▊    | 2.25G/3.86G [00:35<00:20, 79.0MB/s][A[A[A


[1Amodel-00002-of-00004.safetensors:  41%|████      | 1.59G/3.86G [00:35<00:45, 50.5MB/s][A[A




[1A
[1Amodel-00004-of-00004.safetensors:  66%|██████▋   | 2.36G/3.56G [00:35<00:15, 78.5MB/s][A[A[A[A



[1A
[1Amodel-00003-of-00004.safetensors:  58%|█████▊    | 2.26G/3.86G [00:35<00:20, 76.6MB/s][A[A[A




[1A
[1Amodel-00004-of-00004.safetensors:  67%|██████▋   | 2.37G/3.56G [00:35<00:14, 79.9MB/s][A[A[A[A


[1A
[1Amodel-00002-of-00004.safetensors:  41%|████▏     | 1.60G/3.86G [00:35<00:44, 50.8MB/s][A[A



[1A
[1Amodel-00003-of-00004.safetensors:  59%|█████▊    | 2.27G/3.86G [00:35<00:21, 73.8MB/s][A[A[A




[1A
[1Amodel-00004-of-00004.safetensors:  67%|██████▋   | 2.38G/3.56G [00:35<00:15, 77.5MB/s][A[A[A[A



[1A
[1Amodel-00003-of-00004.safetensors:  59%|█████▉    | 2.27G/3.86G [00:35<00:21, 74.1MB/s][A[A[A


[1A
[1Amodel-00002-of-00004.safetensors:  42%|████▏     | 1.61G/3.86G [00:35<00:42, 53.5MB/s][A[A




[1A
[1Amodel-00004-of-00004.safetensors:  67%|██████▋   | 2.38G/3.56G [00:35<00:15, 77.3MB/s][A[A[A[A



[1A
[1Amodel-00003-of-00004.safetensors:  59%|█████▉    | 2.28G/3.86G [00:35<00:21, 72.9MB/s][A[A[A


[1A
[1Amodel-00002-of-00004.safetensors:  42%|████▏     | 1.61G/3.86G [00:35<00:39, 57.6MB/s][A[A




[1A
[1Amodel-00004-of-00004.safetensors:  67%|██████▋   | 2.39G/3.56G [00:35<00:15, 75.4MB/s][A[A[A[A



[1A
[1Amodel-00003-of-00004.safetensors:  59%|█████▉    | 2.29G/3.86G [00:35<00:22, 71.5MB/s][A[A[A


[1A
[1Amodel-00002-of-00004.safetensors:  42%|████▏     | 1.62G/3.86G [00:35<00:42, 52.8MB/s][A[A




[1A
[1Amodel-00004-of-00004.safetensors:  67%|██████▋   | 2.40G/3.56G [00:35<00:15, 75.5MB/s][A[A[A[A



[1A
[1Amodel-00003-of-00004.safetensors:  59%|█████▉    | 2.30G/3.86G [00:36<00:21, 73.5MB/s][A[A[A


[1A
[1Amodel-00002-of-00004.safetensors:  42%|████▏     | 1.63G/3.86G [00:36<00:40, 54.8MB/s][A[A




[1A
[1Amodel-00004-of-00004.safetensors:  68%|██████▊   | 2.41G/3.56G [00:35<00:15, 75.4MB/s][A[A[A[A



[1A
[1Amodel-00003-of-00004.safetensors:  60%|█████▉    | 2.31G/3.86G [00:36<00:21, 72.1MB/s][A[A[A
[1ADownloading:  53%|█████▎    | 8/15 [00:38<01:00,  8.67s/file]




[1A
[1Amodel-00004-of-00004.safetensors:  68%|██████▊   | 2.42G/3.56G [00:36<00:14, 79.2MB/s][A[A[A[A


[1A
[1Amodel-00002-of-00004.safetensors:  42%|████▏     | 1.63G/3.86G [00:36<00:44, 49.8MB/s][A[A



[1A
[1Amodel-00003-of-00004.safetensors:  60%|█████▉    | 2.32G/3.86G [00:36<00:20, 74.5MB/s][A[A[A




[1A
[1Amodel-00004-of-00004.safetensors:  68%|██████▊   | 2.43G/3.56G [00:36<00:14, 78.6MB/s][A[A[A[A


[1A
[1Amodel-00002-of-00004.safetensors:  42%|████▏     | 1.64G/3.86G [00:36<00:44, 49.9MB/s][A[A



[1A
[1Amodel-00003-of-00004.safetensors:  60%|██████    | 2.32G/3.86G [00:36<00:21, 72.1MB/s][A[A[A


[1A
[1Amodel-00002-of-00004.safetensors:  43%|████▎     | 1.64G/3.86G [00:36<00:45, 48.7MB/s][A[A




[1A
[1Amodel-00004-of-00004.safetensors:  69%|██████▊   | 2.44G/3.56G [00:36<00:13, 80.3MB/s][A[A[A[A



[1A
[1Amodel-00003-of-00004.safetensors:  60%|██████    | 2.33G/3.86G [00:36<00:23, 65.1MB/s][A[A[A


[1A
[1Amodel-00002-of-00004.safetensors:  43%|████▎     | 1.65G/3.86G [00:36<00:49, 44.8MB/s][A[A




[1A
[1Amodel-00004-of-00004.safetensors:  69%|██████▉   | 2.45G/3.56G [00:36<00:16, 66.0MB/s][A[A[A[A



[1A
[1Amodel-00003-of-00004.safetensors:  61%|██████    | 2.34G/3.86G [00:36<00:21, 69.5MB/s][A[A[A


[1A
[1Amodel-00002-of-00004.safetensors:  43%|████▎     | 1.66G/3.86G [00:36<00:44, 49.7MB/s][A[A



[1A
[1Amodel-00003-of-00004.safetensors:  61%|██████    | 2.35G/3.86G [00:36<00:21, 71.0MB/s][A[A[A




[1A
[1Amodel-00004-of-00004.safetensors:  69%|██████▉   | 2.45G/3.56G [00:36<00:17, 63.6MB/s][A[A[A[A


[1A
[1Amodel-00002-of-00004.safetensors:  43%|████▎     | 1.66G/3.86G [00:36<00:42, 52.4MB/s][A[A



[1A
[1Amodel-00003-of-00004.safetensors:  61%|██████    | 2.36G/3.86G [00:36<00:20, 74.2MB/s][A[A[A




[1A
[1Amodel-00004-of-00004.safetensors:  69%|██████▉   | 2.46G/3.56G [00:36<00:17, 64.1MB/s][A[A[A[A

[1A
[1Amodel.safetensors.index.json: 0.00B [00:00, ?B/s][A

[1A
[1A                                                 [A
[1ADownloading:  60%|██████    | 9/15 [00:39<00:40,  6.68s/file]


[1A
[1Amodel-00002-of-00004.safetensors:  43%|████▎     | 1.67G/3.86G [00:36<00:41, 52.4MB/s][A[A



[1A
[1Amodel-00003-of-00004.safetensors:  61%|██████    | 2.37G/3.86G [00:36<00:19, 78.6MB/s][A[A[A




[1A
[1Amodel-00004-of-00004.safetensors:  69%|██████▉   | 2.47G/3.56G [00:36<00:16, 64.8MB/s][A[A[A[A



[1A
[1Amodel-00003-of-00004.safetensors:  61%|██████▏   | 2.38G/3.86G [00:37<00:18, 80.0MB/s][A[A[A




[1A
[1Amodel-00004-of-00004.safetensors:  70%|██████▉   | 2.48G/3.56G [00:36<00:15, 69.3MB/s][A[A[A[A


[1A
[1Amodel-00002-of-00004.safetensors:  43%|████▎     | 1.68G/3.86G [00:37<00:39, 54.9MB/s][A[A



[1A
[1Amodel-00003-of-00004.safetensors:  62%|██████▏   | 2.38G/3.86G [00:37<00:18, 80.9MB/s][A[A[A




[1Amodel-00004-of-00004.safetensors:  70%|██████▉   | 2.48G/3.56G [00:37<00:14, 72.4MB/s][A[A[A[A


[1A
[1Amodel-00002-of-00004.safetensors:  44%|████▎     | 1.69G/3.86G [00:37<00:36, 59.3MB/s][A[A



[1A
[1Amodel-00003-of-00004.safetensors:  62%|██████▏   | 2.39G/3.86G [00:37<00:18, 79.6MB/s][A[A[A




[1A
[1Amodel-00004-of-00004.safetensors:  70%|███████   | 2.49G/3.56G [00:37<00:14, 73.9MB/s][A[A[A[A


[1A
[1Amodel-00002-of-00004.safetensors:  44%|████▍     | 1.69G/3.86G [00:37<00:40, 54.1MB/s][A[A



[1A
[1Amodel-00003-of-00004.safetensors:  62%|██████▏   | 2.40G/3.86G [00:37<00:18, 79.9MB/s][A[A[A




[1A
[1Amodel-00004-of-00004.safetensors:  70%|███████   | 2.50G/3.56G [00:37<00:12, 81.5MB/s][A[A[A[A

[1A
[1Atokenizer.json: 0.00B [00:00, ?B/s][A



[1A
[1Amodel-00003-of-00004.safetensors:  62%|██████▏   | 2.41G/3.86G [00:37<00:17, 84.0MB/s][A[A[A


[1Amodel-00002-of-00004.safetensors:  44%|████▍     | 1.70G/3.86G [00:37<00:43, 50.1MB/s][A[A




[1A
[1Amodel-00004-of-00004.safetensors:  71%|███████   | 2.51G/3.56G [00:37<00:13, 77.5MB/s][A[A[A[A

[1A
[1Atokenizer.json: 1.22MB [00:00, 12.1MB/s][A



[1A
[1Amodel-00003-of-00004.safetensors:  63%|██████▎   | 2.42G/3.86G [00:37<00:18, 78.2MB/s][A[A[A


[1A
[1Amodel-00002-of-00004.safetensors:  44%|████▍     | 1.70G/3.86G [00:37<00:45, 47.1MB/s][A[A




[1A
[1Amodel-00004-of-00004.safetensors:  71%|███████   | 2.52G/3.56G [00:37<00:13, 74.9MB/s][A[A[A[A

[1A
[1Atokenizer.json: 2.49MB [00:00, 12.5MB/s][A



[1A
[1Amodel-00003-of-00004.safetensors:  63%|██████▎   | 2.43G/3.86G [00:37<00:18, 77.5MB/s][A[A[A


[1A
[1Amodel-00002-of-00004.safetensors:  44%|████▍     | 1.71G/3.86G [00:37<00:42, 50.7MB/s][A[A

[1Atokenizer.json: 3.74MB [00:00, 12.2MB/s][A




[1A
[1Amodel-00004-of-00004.safetensors:  71%|███████   | 2.53G/3.56G [00:37<00:13, 75.0MB/s][A[A[A[A



[1A
[1Amodel-00003-of-00004.safetensors:  63%|██████▎   | 2.44G/3.86G [00:37<00:18, 76.9MB/s][A[A[A


[1A
[1Amodel-00002-of-00004.safetensors:  44%|████▍     | 1.72G/3.86G [00:37<00:44, 48.1MB/s][A[A

[1A
[1Atokenizer.json: 5.00MB [00:00, 12.4MB/s][A




[1A
[1Amodel-00004-of-00004.safetensors:  71%|███████▏  | 2.54G/3.56G [00:37<00:13, 73.5MB/s][A[A[A[A



[1A
[1Amodel-00003-of-00004.safetensors:  63%|██████▎   | 2.44G/3.86G [00:37<00:18, 78.5MB/s][A[A[A

[1A
[1Atokenizer.json: 6.32MB [00:00, 12.6MB/s][A




[1A
[1Amodel-00004-of-00004.safetensors:  72%|███████▏  | 2.55G/3.56G [00:37<00:13, 75.9MB/s][A[A[A[A


[1A
[1Amodel-00002-of-00004.safetensors:  45%|████▍     | 1.72G/3.86G [00:37<00:47, 45.5MB/s][A[A

[1A
[1A                                        [A



[1A
[1Amodel-00003-of-00004.safetensors:  63%|██████▎   | 2.45G/3.86G [00:38<00:17, 79.1MB/s][A[A[A


[1Amodel-00002-of-00004.safetensors:  45%|████▍     | 1.73G/3.86G [00:38<00:42, 49.8MB/s][A[A




[1A
[1Amodel-00004-of-00004.safetensors:  72%|███████▏  | 2.55G/3.56G [00:37<00:14, 70.6MB/s][A[A[A[A
[1ADownloading:  67%|██████▋   | 10/15 [00:40<00:26,  5.26s/file]



[1A
[1Amodel-00003-of-00004.safetensors:  64%|██████▎   | 2.46G/3.86G [00:38<00:17, 79.3MB/s][A[A[A




[1A
[1Amodel-00004-of-00004.safetensors:  72%|███████▏  | 2.56G/3.56G [00:38<00:12, 76.8MB/s][A[A[A[A



[1A
[1Amodel-00003-of-00004.safetensors:  64%|██████▍   | 2.47G/3.86G [00:38<00:16, 86.2MB/s][A[A[A


[1A
[1Amodel-00002-of-00004.safetensors:  45%|████▍     | 1.73G/3.86G [00:38<00:50, 42.6MB/s][A[A




[1A
[1Amodel-00004-of-00004.safetensors:  72%|███████▏  | 2.57G/3.56G [00:38<00:12, 80.6MB/s][A[A[A[A



[1A
[1Amodel-00003-of-00004.safetensors:  64%|██████▍   | 2.48G/3.86G [00:38<00:16, 85.9MB/s][A[A[A


[1A
[1Amodel-00002-of-00004.safetensors:  45%|████▍     | 1.74G/3.86G [00:38<00:56, 37.5MB/s][A[A




[1A
[1Amodel-00004-of-00004.safetensors:  73%|███████▎  | 2.58G/3.56G [00:38<00:11, 82.5MB/s][A[A[A[A



[1A
[1Amodel-00003-of-00004.safetensors:  64%|██████▍   | 2.49G/3.86G [00:38<00:15, 87.0MB/s][A[A[A


[1A
[1Amodel-00002-of-00004.safetensors:  45%|████▌     | 1.74G/3.86G [00:38<00:49, 43.2MB/s][A[A



[1A
[1Amodel-00003-of-00004.safetensors:  65%|██████▍   | 2.50G/3.86G [00:38<00:15, 88.3MB/s][A[A[A




[1A
[1Amodel-00004-of-00004.safetensors:  73%|███████▎  | 2.59G/3.56G [00:38<00:12, 75.6MB/s][A[A[A[A


[1A
[1Amodel-00002-of-00004.safetensors:  45%|████▌     | 1.75G/3.86G [00:38<00:48, 43.4MB/s][A[A




[1A
[1Amodel-00004-of-00004.safetensors:  73%|███████▎  | 2.60G/3.56G [00:38<00:12, 77.1MB/s][A[A[A[A



[1A
[1Amodel-00003-of-00004.safetensors:  65%|██████▍   | 2.51G/3.86G [00:38<00:15, 87.7MB/s][A[A[A

[1A
[1Atokenizer_config.json: 0.00B [00:00, ?B/s][A

[1A
[1A                                          [A
[1ADownloading:  73%|███████▎  | 11/15 [00:40<00:15,  3.99s/file]


[1A
[1Amodel-00002-of-00004.safetensors:  45%|████▌     | 1.76G/3.86G [00:38<00:41, 50.4MB/s][A[A




[1A
[1Amodel-00004-of-00004.safetensors:  73%|███████▎  | 2.61G/3.56G [00:38<00:11, 83.7MB/s][A[A[A[A



[1A
[1Amodel-00003-of-00004.safetensors:  65%|██████▌   | 2.52G/3.86G [00:38<00:17, 78.8MB/s][A[A[A




[1A
[1Amodel-00004-of-00004.safetensors:  74%|███████▎  | 2.62G/3.56G [00:38<00:11, 84.8MB/s][A[A[A[A


[1A
[1Amodel-00002-of-00004.safetensors:  46%|████▌     | 1.76G/3.86G [00:38<00:44, 47.7MB/s][A[A



[1A
[1Amodel-00003-of-00004.safetensors:  65%|██████▌   | 2.53G/3.86G [00:38<00:17, 76.4MB/s][A[A[A




[1A
[1Amodel-00004-of-00004.safetensors:  74%|███████▍  | 2.63G/3.56G [00:38<00:12, 75.4MB/s][A[A[A[A


[1A
[1Amodel-00002-of-00004.safetensors:  46%|████▌     | 1.77G/3.86G [00:39<00:43, 48.4MB/s][A[A



[1A
[1Amodel-00003-of-00004.safetensors:  66%|██████▌   | 2.54G/3.86G [00:39<00:17, 78.0MB/s][A[A[A


[1A
[1Amodel-00002-of-00004.safetensors:  46%|████▌     | 1.78G/3.86G [00:39<00:38, 53.8MB/s][A[A




[1A
[1Amodel-00004-of-00004.safetensors:  74%|███████▍  | 2.64G/3.56G [00:39<00:12, 73.9MB/s][A[A[A[A



[1A
[1Amodel-00003-of-00004.safetensors:  66%|██████▌   | 2.55G/3.86G [00:39<00:17, 75.9MB/s][A[A[A



[1A
[1Amodel-00003-of-00004.safetensors:  66%|██████▌   | 2.55G/3.86G [00:39<00:17, 75.3MB/s][A[A[A


[1A
[1Amodel-00002-of-00004.safetensors:  46%|████▌     | 1.78G/3.86G [00:39<00:41, 49.8MB/s][A[A




[1A
[1Amodel-00004-of-00004.safetensors:  74%|███████▍  | 2.65G/3.56G [00:39<00:13, 68.3MB/s][A[A[A[A

[1A
[1Avocab.json: 0.00B [00:00, ?B/s][A



[1A
[1Amodel-00003-of-00004.safetensors:  66%|██████▋   | 2.56G/3.86G [00:39<00:17, 76.3MB/s][A[A[A




[1A
[1Amodel-00004-of-00004.safetensors:  75%|███████▍  | 2.65G/3.56G [00:39<00:12, 71.7MB/s][A[A[A[A

[1A
[1Avocab.json: 1.12MB [00:00, 11.2MB/s][A


[1A
[1Amodel-00002-of-00004.safetensors:  46%|████▋     | 1.79G/3.86G [00:39<00:42, 48.3MB/s][A[A



[1A
[1Amodel-00003-of-00004.safetensors:  67%|██████▋   | 2.57G/3.86G [00:39<00:16, 77.0MB/s][A[A[A




[1A
[1Amodel-00004-of-00004.safetensors:  75%|███████▍  | 2.66G/3.56G [00:39<00:12, 71.5MB/s][A[A[A[A

[1A
[1Avocab.json: 2.38MB [00:00, 12.0MB/s][A


[1A
[1Amodel-00002-of-00004.safetensors:  47%|████▋     | 1.80G/3.86G [00:39<00:40, 50.8MB/s][A[A

[1A
[1A                                    [A



[1A
[1Amodel-00003-of-00004.safetensors:  67%|██████▋   | 2.58G/3.86G [00:39<00:16, 76.9MB/s][A[A[A




[1A
[1Amodel-00004-of-00004.safetensors:  75%|███████▌  | 2.67G/3.56G [00:39<00:11, 76.5MB/s][A[A[A[A
[1ADownloading:  80%|████████  | 12/15 [00:41<00:09,  3.13s/file]


[1A
[1Amodel-00002-of-00004.safetensors:  47%|████▋     | 1.80G/3.86G [00:39<00:39, 51.6MB/s][A[A



[1A
[1Amodel-00003-of-00004.safetensors:  67%|██████▋   | 2.59G/3.86G [00:39<00:16, 78.4MB/s][A[A[A




[1A
[1Amodel-00004-of-00004.safetensors:  75%|███████▌  | 2.68G/3.56G [00:39<00:11, 75.5MB/s][A[A[A[A


[1A
[1Amodel-00002-of-00004.safetensors:  47%|████▋     | 1.81G/3.86G [00:39<00:39, 52.1MB/s][A[A




[1A
[1Amodel-00004-of-00004.safetensors:  76%|███████▌  | 2.69G/3.56G [00:39<00:11, 75.5MB/s][A[A[A[A



[1A
[1Amodel-00003-of-00004.safetensors:  67%|██████▋   | 2.60G/3.86G [00:39<00:19, 64.4MB/s][A[A[A


[1A
[1Amodel-00002-of-00004.safetensors:  47%|████▋     | 1.82G/3.86G [00:39<00:41, 48.9MB/s][A[A




[1A
[1Amodel-00004-of-00004.safetensors:  76%|███████▌  | 2.70G/3.56G [00:39<00:11, 77.3MB/s][A[A[A[A



[1A
[1Amodel-00003-of-00004.safetensors:  67%|██████▋   | 2.60G/3.86G [00:40<00:19, 65.4MB/s][A[A[A


[1A
[1Amodel-00002-of-00004.safetensors:  47%|████▋     | 1.82G/3.86G [00:40<00:37, 54.6MB/s][A[A




[1A
[1Amodel-00004-of-00004.safetensors:  76%|███████▌  | 2.71G/3.56G [00:39<00:11, 76.8MB/s][A[A[A[A



[1A
[1Amodel-00003-of-00004.safetensors:  68%|██████▊   | 2.61G/3.86G [00:40<00:18, 66.0MB/s][A[A[A




[1A
[1Amodel-00004-of-00004.safetensors:  76%|███████▋  | 2.71G/3.56G [00:40<00:10, 78.2MB/s][A[A[A[A


[1A
[1Amodel-00002-of-00004.safetensors:  47%|████▋     | 1.83G/3.86G [00:40<00:38, 52.6MB/s][A[A



[1A
[1Amodel-00003-of-00004.safetensors:  68%|██████▊   | 2.62G/3.86G [00:40<00:17, 69.5MB/s][A[A[A




[1A
[1Amodel-00004-of-00004.safetensors:  77%|███████▋  | 2.73G/3.56G [00:40<00:09, 83.1MB/s][A[A[A[A


[1A
[1Amodel-00002-of-00004.safetensors:  48%|████▊     | 1.84G/3.86G [00:40<00:39, 50.9MB/s][A[A



[1A
[1Amodel-00003-of-00004.safetensors:  68%|██████▊   | 2.63G/3.86G [00:40<00:17, 71.1MB/s][A[A[A




[1A
[1Amodel-00004-of-00004.safetensors:  77%|███████▋  | 2.73G/3.56G [00:40<00:09, 82.2MB/s][A[A[A[A


[1A
[1Amodel-00002-of-00004.safetensors:  48%|████▊     | 1.84G/3.86G [00:40<01:05, 31.1MB/s][A[A



[1A
[1Amodel-00003-of-00004.safetensors:  68%|██████▊   | 2.64G/3.86G [00:40<00:29, 41.6MB/s][A[A[A




[1A
[1Amodel-00004-of-00004.safetensors:  77%|███████▋  | 2.74G/3.56G [00:40<00:17, 47.1MB/s][A[A[A[A


[1A
[1Amodel-00002-of-00004.safetensors:  48%|████▊     | 1.85G/3.86G [00:40<00:54, 37.3MB/s][A[A



[1A
[1Amodel-00003-of-00004.safetensors:  68%|██████▊   | 2.65G/3.86G [00:40<00:24, 49.2MB/s][A[A[A




[1A
[1Amodel-00004-of-00004.safetensors:  77%|███████▋  | 2.75G/3.56G [00:40<00:15, 52.4MB/s][A[A[A[A



[1A
[1Amodel-00003-of-00004.safetensors:  69%|██████▊   | 2.65G/3.86G [00:40<00:22, 54.7MB/s][A[A[A


[1A
[1Amodel-00002-of-00004.safetensors:  48%|████▊     | 1.86G/3.86G [00:40<00:46, 43.0MB/s][A[A




[1A
[1Amodel-00004-of-00004.safetensors:  78%|███████▊  | 2.76G/3.56G [00:40<00:13, 57.6MB/s][A[A[A[A


[1A
[1Amodel-00002-of-00004.safetensors:  48%|████▊     | 1.86G/3.86G [00:41<00:42, 47.0MB/s][A[A



[1Amodel-00003-of-00004.safetensors:  69%|██████▉   | 2.66G/3.86G [00:41<00:20, 59.1MB/s][A[A[A




[1A
[1Amodel-00004-of-00004.safetensors:  78%|███████▊  | 2.77G/3.56G [00:40<00:11, 65.6MB/s][A[A[A[A



[1A
[1Amodel-00003-of-00004.safetensors:  69%|██████▉   | 2.67G/3.86G [00:41<00:17, 68.4MB/s][A[A[A


[1A
[1Amodel-00002-of-00004.safetensors:  48%|████▊     | 1.87G/3.86G [00:41<00:42, 46.6MB/s][A[A




[1A
[1Amodel-00004-of-00004.safetensors:  78%|███████▊  | 2.78G/3.56G [00:41<00:11, 66.3MB/s][A[A[A[A



[1A
[1Amodel-00003-of-00004.safetensors:  69%|██████▉   | 2.68G/3.86G [00:41<00:17, 69.0MB/s][A[A[A




[1A
[1Amodel-00004-of-00004.safetensors:  78%|███████▊  | 2.79G/3.56G [00:41<00:10, 70.5MB/s][A[A[A[A


[1A
[1Amodel-00002-of-00004.safetensors:  49%|████▊     | 1.88G/3.86G [00:41<00:40, 48.7MB/s][A[A



[1A
[1Amodel-00003-of-00004.safetensors:  70%|██████▉   | 2.69G/3.86G [00:41<00:16, 72.5MB/s][A[A[A




[1A
[1Amodel-00004-of-00004.safetensors:  79%|███████▊  | 2.79G/3.56G [00:41<00:10, 71.3MB/s][A[A[A[A


[1A
[1Amodel-00002-of-00004.safetensors:  49%|████▉     | 1.89G/3.86G [00:41<00:37, 53.2MB/s][A[A



[1A
[1Amodel-00003-of-00004.safetensors:  70%|██████▉   | 2.70G/3.86G [00:41<00:14, 77.9MB/s][A[A[A




[1A
[1Amodel-00004-of-00004.safetensors:  79%|███████▉  | 2.80G/3.56G [00:41<00:10, 71.5MB/s][A[A[A[A


[1A
[1Amodel-00002-of-00004.safetensors:  49%|████▉     | 1.90G/3.86G [00:41<00:35, 55.7MB/s][A[A



[1A
[1Amodel-00003-of-00004.safetensors:  70%|███████   | 2.71G/3.86G [00:41<00:15, 76.4MB/s][A[A[A




[1A
[1Amodel-00004-of-00004.safetensors:  79%|███████▉  | 2.81G/3.56G [00:41<00:11, 66.8MB/s][A[A[A[A


[1A
[1Amodel-00002-of-00004.safetensors:  49%|████▉     | 1.90G/3.86G [00:41<00:32, 59.8MB/s][A[A



[1A
[1Amodel-00003-of-00004.safetensors:  70%|███████   | 2.72G/3.86G [00:41<00:14, 77.2MB/s][A[A[A




[1A
[1Amodel-00004-of-00004.safetensors:  79%|███████▉  | 2.82G/3.56G [00:41<00:10, 70.8MB/s][A[A[A[A



[1A
[1Amodel-00003-of-00004.safetensors:  71%|███████   | 2.73G/3.86G [00:41<00:13, 81.6MB/s][A[A[A


[1A
[1Amodel-00002-of-00004.safetensors:  49%|████▉     | 1.91G/3.86G [00:41<00:35, 54.7MB/s][A[A




[1A
[1Amodel-00004-of-00004.safetensors:  80%|███████▉  | 2.83G/3.56G [00:41<00:10, 71.5MB/s][A[A[A[A



[1A
[1Amodel-00003-of-00004.safetensors:  71%|███████   | 2.74G/3.86G [00:41<00:13, 83.5MB/s][A[A[A


[1A
[1Amodel-00002-of-00004.safetensors:  50%|████▉     | 1.92G/3.86G [00:42<00:37, 52.6MB/s][A[A




[1A
[1Amodel-00004-of-00004.safetensors:  80%|███████▉  | 2.84G/3.56G [00:41<00:09, 74.4MB/s][A[A[A[A



[1A
[1Amodel-00003-of-00004.safetensors:  71%|███████   | 2.75G/3.86G [00:42<00:13, 84.0MB/s][A[A[A




[1A
[1Amodel-00004-of-00004.safetensors:  80%|███████▉  | 2.84G/3.56G [00:41<00:09, 76.4MB/s][A[A[A[A


[1A
[1Amodel-00002-of-00004.safetensors:  50%|████▉     | 1.93G/3.86G [00:42<00:36, 53.7MB/s][A[A



[1A
[1Amodel-00003-of-00004.safetensors:  71%|███████▏  | 2.76G/3.86G [00:42<00:13, 80.2MB/s][A[A[A




[1A
[1Amodel-00004-of-00004.safetensors:  80%|████████  | 2.86G/3.56G [00:42<00:08, 84.2MB/s][A[A[A[A



[1A
[1Amodel-00003-of-00004.safetensors:  72%|███████▏  | 2.76G/3.86G [00:42<00:13, 79.8MB/s][A[A[A


[1A
[1Amodel-00002-of-00004.safetensors:  50%|█████     | 1.93G/3.86G [00:42<00:34, 55.8MB/s][A[A




[1A
[1Amodel-00004-of-00004.safetensors:  81%|████████  | 2.86G/3.56G [00:42<00:08, 80.7MB/s][A[A[A[A



[1A
[1Amodel-00003-of-00004.safetensors:  72%|███████▏  | 2.77G/3.86G [00:42<00:13, 80.5MB/s][A[A[A


[1A
[1Amodel-00002-of-00004.safetensors:  50%|█████     | 1.94G/3.86G [00:42<00:34, 56.2MB/s][A[A




[1A
[1Amodel-00004-of-00004.safetensors:  81%|████████  | 2.87G/3.56G [00:42<00:08, 79.9MB/s][A[A[A[A



[1A
[1Amodel-00003-of-00004.safetensors:  72%|███████▏  | 2.78G/3.86G [00:42<00:12, 84.3MB/s][A[A[A


[1A
[1Amodel-00002-of-00004.safetensors:  50%|█████     | 1.95G/3.86G [00:42<00:34, 55.1MB/s][A[A




[1A
[1Amodel-00004-of-00004.safetensors:  81%|████████  | 2.88G/3.56G [00:42<00:08, 83.8MB/s][A[A[A[A



[1A
[1Amodel-00003-of-00004.safetensors:  72%|███████▏  | 2.79G/3.86G [00:42<00:12, 84.5MB/s][A[A[A




[1A
[1Amodel-00004-of-00004.safetensors:  81%|████████▏ | 2.89G/3.56G [00:42<00:07, 83.1MB/s][A[A[A[A


[1A
[1Amodel-00002-of-00004.safetensors:  51%|█████     | 1.95G/3.86G [00:42<00:34, 54.6MB/s][A[A



[1Amodel-00003-of-00004.safetensors:  72%|███████▏  | 2.80G/3.86G [00:42<00:12, 86.6MB/s][A[A[A




[1A
[1Amodel-00004-of-00004.safetensors:  82%|████████▏ | 2.90G/3.56G [00:42<00:07, 82.5MB/s][A[A[A[A


[1A
[1Amodel-00002-of-00004.safetensors:  51%|█████     | 1.96G/3.86G [00:42<00:33, 57.2MB/s][A[A



[1A
[1Amodel-00003-of-00004.safetensors:  73%|███████▎  | 2.81G/3.86G [00:42<00:14, 70.8MB/s][A[A[A




[1A
[1Amodel-00004-of-00004.safetensors:  82%|████████▏ | 2.91G/3.56G [00:42<00:07, 81.5MB/s][A[A[A[A


[1A
[1Amodel-00002-of-00004.safetensors:  51%|█████     | 1.97G/3.86G [00:42<00:32, 57.7MB/s][A[A



[1A
[1Amodel-00003-of-00004.safetensors:  73%|███████▎  | 2.82G/3.86G [00:43<00:14, 73.9MB/s][A[A[A




[1A
[1Amodel-00004-of-00004.safetensors:  82%|████████▏ | 2.92G/3.56G [00:42<00:07, 81.1MB/s][A[A[A[A


[1A
[1Amodel-00002-of-00004.safetensors:  51%|█████     | 1.98G/3.86G [00:43<00:32, 58.8MB/s][A[A




[1A
[1Amodel-00004-of-00004.safetensors:  82%|████████▏ | 2.93G/3.56G [00:42<00:07, 86.8MB/s][A[A[A[A



[1A
[1Amodel-00003-of-00004.safetensors:  73%|███████▎  | 2.83G/3.86G [00:43<00:14, 71.0MB/s][A[A[A


[1Amodel-00002-of-00004.safetensors:  51%|█████▏    | 1.99G/3.86G [00:43<00:31, 59.6MB/s][A[A



[1A
[1Amodel-00003-of-00004.safetensors:  73%|███████▎  | 2.84G/3.86G [00:43<00:14, 72.1MB/s][A[A[A




[1A
[1Amodel-00004-of-00004.safetensors:  83%|████████▎ | 2.94G/3.56G [00:43<00:07, 84.1MB/s][A[A[A[A



[1A
[1Amodel-00003-of-00004.safetensors:  74%|███████▎  | 2.84G/3.86G [00:43<00:13, 75.1MB/s][A[A[A




[1A
[1Amodel-00004-of-00004.safetensors:  83%|████████▎ | 2.95G/3.56G [00:43<00:07, 85.1MB/s][A[A[A[A


[1A
[1Amodel-00002-of-00004.safetensors:  52%|█████▏    | 2.00G/3.86G [00:43<00:31, 59.8MB/s][A[A



[1A
[1Amodel-00003-of-00004.safetensors:  74%|███████▍  | 2.85G/3.86G [00:43<00:12, 79.1MB/s][A[A[A




[1A
[1Amodel-00004-of-00004.safetensors:  83%|████████▎ | 2.96G/3.56G [00:43<00:07, 84.4MB/s][A[A[A[A


[1A
[1Amodel-00002-of-00004.safetensors:  52%|█████▏    | 2.00G/3.86G [00:43<00:31, 59.2MB/s][A[A



[1A
[1Amodel-00003-of-00004.safetensors:  74%|███████▍  | 2.86G/3.86G [00:43<00:12, 80.3MB/s][A[A[A




[1A
[1Amodel-00004-of-00004.safetensors:  83%|████████▎ | 2.97G/3.56G [00:43<00:06, 84.4MB/s][A[A[A[A


[1A
[1Amodel-00002-of-00004.safetensors:  52%|█████▏    | 2.01G/3.86G [00:43<00:31, 58.7MB/s][A[A



[1A
[1Amodel-00003-of-00004.safetensors:  74%|███████▍  | 2.87G/3.86G [00:43<00:11, 83.1MB/s][A[A[A




[1A
[1Amodel-00004-of-00004.safetensors:  84%|████████▎ | 2.98G/3.56G [00:43<00:07, 81.3MB/s][A[A[A[A



[1A
[1Amodel-00003-of-00004.safetensors:  75%|███████▍  | 2.88G/3.86G [00:43<00:11, 84.0MB/s][A[A[A


[1Amodel-00002-of-00004.safetensors:  52%|█████▏    | 2.02G/3.86G [00:43<00:35, 52.2MB/s][A[A




[1A
[1Amodel-00004-of-00004.safetensors:  84%|████████▍ | 2.99G/3.56G [00:43<00:07, 81.4MB/s][A[A[A[A



[1A
[1Amodel-00003-of-00004.safetensors:  75%|███████▍  | 2.89G/3.86G [00:43<00:12, 78.5MB/s][A[A[A




[1Amodel-00004-of-00004.safetensors:  84%|████████▍ | 2.99G/3.56G [00:43<00:07, 80.2MB/s][A[A[A[A


[1A
[1Amodel-00002-of-00004.safetensors:  52%|█████▏    | 2.03G/3.86G [00:43<00:33, 54.5MB/s][A[A



[1A
[1Amodel-00003-of-00004.safetensors:  75%|███████▌  | 2.90G/3.86G [00:44<00:12, 78.8MB/s][A[A[A




[1A
[1Amodel-00004-of-00004.safetensors:  84%|████████▍ | 3.00G/3.56G [00:43<00:06, 82.9MB/s][A[A[A[A


[1A
[1Amodel-00002-of-00004.safetensors:  53%|█████▎    | 2.03G/3.86G [00:44<00:32, 56.8MB/s][A[A




[1A
[1Amodel-00004-of-00004.safetensors:  85%|████████▍ | 3.01G/3.56G [00:44<00:06, 80.9MB/s][A[A[A[A



[1A
[1Amodel-00003-of-00004.safetensors:  75%|███████▌  | 2.91G/3.86G [00:44<00:12, 74.7MB/s][A[A[A


[1A
[1Amodel-00002-of-00004.safetensors:  53%|█████▎    | 2.04G/3.86G [00:44<00:31, 58.4MB/s][A[A




[1A
[1Amodel-00004-of-00004.safetensors:  85%|████████▍ | 3.02G/3.56G [00:44<00:06, 84.1MB/s][A[A[A[A



[1A
[1Amodel-00003-of-00004.safetensors:  75%|███████▌  | 2.92G/3.86G [00:44<00:12, 74.6MB/s][A[A[A


[1A
[1Amodel-00002-of-00004.safetensors:  53%|█████▎    | 2.05G/3.86G [00:44<00:31, 57.6MB/s][A[A




[1Amodel-00004-of-00004.safetensors:  85%|████████▌ | 3.03G/3.56G [00:44<00:06, 81.4MB/s][A[A[A[A



[1A
[1Amodel-00003-of-00004.safetensors:  76%|███████▌  | 2.93G/3.86G [00:44<00:11, 80.2MB/s][A[A[A




[1A
[1Amodel-00004-of-00004.safetensors:  86%|████████▌ | 3.04G/3.56G [00:44<00:06, 79.8MB/s][A[A[A[A


[1A
[1Amodel-00002-of-00004.safetensors:  53%|█████▎    | 2.06G/3.86G [00:44<00:30, 58.6MB/s][A[A



[1A
[1Amodel-00003-of-00004.safetensors:  76%|███████▌  | 2.94G/3.86G [00:44<00:11, 78.0MB/s][A[A[A




[1A
[1Amodel-00004-of-00004.safetensors:  86%|████████▌ | 3.05G/3.56G [00:44<00:06, 77.7MB/s][A[A[A[A



[1Amodel-00003-of-00004.safetensors:  76%|███████▌  | 2.94G/3.86G [00:44<00:12, 75.0MB/s][A[A[A


[1A
[1Amodel-00002-of-00004.safetensors:  54%|█████▎    | 2.07G/3.86G [00:44<00:30, 58.5MB/s][A[A




[1A
[1Amodel-00004-of-00004.safetensors:  86%|████████▌ | 3.06G/3.56G [00:44<00:06, 81.9MB/s][A[A[A[A



[1A
[1Amodel-00003-of-00004.safetensors:  76%|███████▋  | 2.95G/3.86G [00:44<00:11, 77.1MB/s][A[A[A




[1A
[1Amodel-00004-of-00004.safetensors:  86%|████████▋ | 3.07G/3.56G [00:44<00:05, 84.4MB/s][A[A[A[A


[1A
[1Amodel-00002-of-00004.safetensors:  54%|█████▎    | 2.08G/3.86G [00:44<00:32, 54.3MB/s][A[A



[1A
[1Amodel-00003-of-00004.safetensors:  77%|███████▋  | 2.96G/3.86G [00:44<00:11, 76.3MB/s][A[A[A




[1A
[1Amodel-00004-of-00004.safetensors:  87%|████████▋ | 3.08G/3.56G [00:44<00:05, 85.5MB/s][A[A[A[A



[1A
[1Amodel-00003-of-00004.safetensors:  77%|███████▋  | 2.97G/3.86G [00:44<00:11, 77.0MB/s][A[A[A


[1A
[1Amodel-00002-of-00004.safetensors:  54%|█████▍    | 2.08G/3.86G [00:44<00:31, 56.1MB/s][A[A



[1A
[1Amodel-00003-of-00004.safetensors:  77%|███████▋  | 2.98G/3.86G [00:45<00:10, 80.7MB/s][A[A[A




[1A
[1Amodel-00004-of-00004.safetensors:  87%|████████▋ | 3.09G/3.56G [00:44<00:05, 80.9MB/s][A[A[A[A


[1Amodel-00002-of-00004.safetensors:  54%|█████▍    | 2.09G/3.86G [00:45<00:29, 59.5MB/s][A[A




[1A
[1Amodel-00004-of-00004.safetensors:  87%|████████▋ | 3.10G/3.56G [00:45<00:05, 81.2MB/s][A[A[A[A



[1A
[1Amodel-00003-of-00004.safetensors:  77%|███████▋  | 2.99G/3.86G [00:45<00:11, 77.4MB/s][A[A[A


[1A
[1Amodel-00002-of-00004.safetensors:  54%|█████▍    | 2.10G/3.86G [00:45<00:36, 48.7MB/s][A[A




[1A
[1Amodel-00004-of-00004.safetensors:  87%|████████▋ | 3.10G/3.56G [00:45<00:05, 78.2MB/s][A[A[A[A



[1A
[1Amodel-00003-of-00004.safetensors:  78%|███████▊  | 3.00G/3.86G [00:45<00:11, 77.5MB/s][A[A[A


[1A
[1Amodel-00002-of-00004.safetensors:  54%|█████▍    | 2.10G/3.86G [00:45<00:36, 48.5MB/s][A[A




[1A
[1Amodel-00004-of-00004.safetensors:  88%|████████▊ | 3.11G/3.56G [00:45<00:05, 78.4MB/s][A[A[A[A



[1A
[1Amodel-00003-of-00004.safetensors:  78%|███████▊  | 3.00G/3.86G [00:45<00:11, 75.7MB/s][A[A[A


[1A
[1Amodel-00002-of-00004.safetensors:  55%|█████▍    | 2.11G/3.86G [00:45<00:35, 49.1MB/s][A[A




[1A
[1Amodel-00004-of-00004.safetensors:  88%|████████▊ | 3.12G/3.56G [00:45<00:05, 81.1MB/s][A[A[A[A



[1A
[1Amodel-00003-of-00004.safetensors:  78%|███████▊  | 3.01G/3.86G [00:45<00:10, 83.5MB/s][A[A[A




[1A
[1Amodel-00004-of-00004.safetensors:  88%|████████▊ | 3.13G/3.56G [00:45<00:05, 83.8MB/s][A[A[A[A


[1A
[1Amodel-00002-of-00004.safetensors:  55%|█████▍    | 2.11G/3.86G [00:45<00:38, 45.7MB/s][A[A



[1A
[1Amodel-00003-of-00004.safetensors:  78%|███████▊  | 3.02G/3.86G [00:45<00:11, 74.5MB/s][A[A[A


[1A
[1Amodel-00002-of-00004.safetensors:  55%|█████▍    | 2.12G/3.86G [00:45<00:33, 52.2MB/s][A[A




[1A
[1Amodel-00004-of-00004.safetensors:  88%|████████▊ | 3.14G/3.56G [00:45<00:05, 82.8MB/s][A[A[A[A



[1A
[1Amodel-00003-of-00004.safetensors:  78%|███████▊  | 3.03G/3.86G [00:45<00:10, 75.9MB/s][A[A[A




[1A
[1Amodel-00004-of-00004.safetensors:  89%|████████▊ | 3.15G/3.56G [00:45<00:04, 82.6MB/s][A[A[A[A


[1A
[1Amodel-00002-of-00004.safetensors:  55%|█████▌    | 2.13G/3.86G [00:45<00:34, 50.2MB/s][A[A



[1A
[1Amodel-00003-of-00004.safetensors:  79%|███████▊  | 3.04G/3.86G [00:45<00:09, 82.6MB/s][A[A[A




[1A
[1Amodel-00004-of-00004.safetensors:  89%|████████▉ | 3.16G/3.56G [00:45<00:04, 84.4MB/s][A[A[A[A


[1A
[1Amodel-00002-of-00004.safetensors:  55%|█████▌    | 2.13G/3.86G [00:45<00:34, 49.5MB/s][A[A



[1A
[1Amodel-00003-of-00004.safetensors:  79%|███████▉  | 3.05G/3.86G [00:45<00:09, 84.4MB/s][A[A[A




[1A
[1Amodel-00004-of-00004.safetensors:  89%|████████▉ | 3.17G/3.56G [00:45<00:04, 89.7MB/s][A[A[A[A



[1A
[1Amodel-00003-of-00004.safetensors:  79%|███████▉  | 3.06G/3.86G [00:46<00:09, 81.8MB/s][A[A[A


[1A
[1Amodel-00002-of-00004.safetensors:  55%|█████▌    | 2.14G/3.86G [00:46<00:40, 43.0MB/s][A[A




[1A
[1Amodel-00004-of-00004.safetensors:  89%|████████▉ | 3.18G/3.56G [00:46<00:04, 79.4MB/s][A[A[A[A



[1A
[1Amodel-00003-of-00004.safetensors:  79%|███████▉  | 3.07G/3.86G [00:46<00:09, 80.7MB/s][A[A[A


[1A
[1Amodel-00002-of-00004.safetensors:  56%|█████▌    | 2.15G/3.86G [00:46<00:34, 49.2MB/s][A[A



[1A
[1Amodel-00003-of-00004.safetensors:  80%|███████▉  | 3.08G/3.86G [00:46<00:09, 79.1MB/s][A[A[A


[1A
[1Amodel-00002-of-00004.safetensors:  56%|█████▌    | 2.15G/3.86G [00:46<00:37, 45.1MB/s][A[A



[1A
[1Amodel-00003-of-00004.safetensors:  80%|███████▉  | 3.09G/3.86G [00:46<00:09, 79.8MB/s][A[A[A


[1Amodel-00002-of-00004.safetensors:  56%|█████▌    | 2.16G/3.86G [00:46<00:33, 51.3MB/s][A[A




[1A
[1Amodel-00004-of-00004.safetensors:  90%|████████▉ | 3.19G/3.56G [00:46<00:07, 48.1MB/s][A[A[A[A



[1A
[1Amodel-00003-of-00004.safetensors:  80%|████████  | 3.10G/3.86G [00:46<00:10, 71.9MB/s][A[A[A


[1A
[1Amodel-00002-of-00004.safetensors:  56%|█████▌    | 2.17G/3.86G [00:46<00:35, 48.4MB/s][A[A



[1A
[1Amodel-00003-of-00004.safetensors:  80%|████████  | 3.10G/3.86G [00:46<00:10, 74.9MB/s][A[A[A




[1A
[1Amodel-00004-of-00004.safetensors:  90%|████████▉ | 3.20G/3.56G [00:46<00:07, 48.9MB/s][A[A[A[A



[1A
[1Amodel-00003-of-00004.safetensors:  81%|████████  | 3.11G/3.86G [00:46<00:09, 76.9MB/s][A[A[A




[1A
[1Amodel-00004-of-00004.safetensors:  90%|█████████ | 3.20G/3.56G [00:46<00:06, 51.4MB/s][A[A[A[A


[1A
[1Amodel-00002-of-00004.safetensors:  56%|█████▌    | 2.17G/3.86G [00:46<00:35, 47.7MB/s][A[A



[1A
[1Amodel-00003-of-00004.safetensors:  81%|████████  | 3.12G/3.86G [00:46<00:09, 81.5MB/s][A[A[A




[1A
[1Amodel-00004-of-00004.safetensors:  90%|█████████ | 3.21G/3.56G [00:46<00:05, 60.2MB/s][A[A[A[A


[1A
[1Amodel-00002-of-00004.safetensors:  56%|█████▋    | 2.18G/3.86G [00:46<00:33, 51.0MB/s][A[A



[1A
[1Amodel-00003-of-00004.safetensors:  81%|████████  | 3.13G/3.86G [00:46<00:09, 79.1MB/s][A[A[A




[1A
[1Amodel-00004-of-00004.safetensors:  90%|█████████ | 3.22G/3.56G [00:46<00:05, 60.8MB/s][A[A[A[A


[1Amodel-00002-of-00004.safetensors:  57%|█████▋    | 2.19G/3.86G [00:47<00:30, 54.8MB/s][A[A



[1A
[1Amodel-00003-of-00004.safetensors:  81%|████████  | 3.14G/3.86G [00:47<00:09, 79.2MB/s][A[A[A




[1Amodel-00004-of-00004.safetensors:  91%|█████████ | 3.23G/3.56G [00:46<00:04, 66.0MB/s][A[A[A[A



[1A
[1Amodel-00003-of-00004.safetensors:  81%|████████▏ | 3.15G/3.86G [00:47<00:08, 80.3MB/s][A[A[A




[1Amodel-00004-of-00004.safetensors:  91%|█████████ | 3.24G/3.56G [00:47<00:04, 75.0MB/s][A[A[A[A


[1A
[1Amodel-00002-of-00004.safetensors:  57%|█████▋    | 2.20G/3.86G [00:47<00:32, 52.0MB/s][A[A



[1A
[1Amodel-00003-of-00004.safetensors:  82%|████████▏ | 3.16G/3.86G [00:47<00:08, 80.5MB/s][A[A[A




[1A
[1Amodel-00004-of-00004.safetensors:  91%|█████████▏| 3.25G/3.56G [00:47<00:04, 74.2MB/s][A[A[A[A


[1A
[1Amodel-00002-of-00004.safetensors:  57%|█████▋    | 2.20G/3.86G [00:47<00:32, 50.8MB/s][A[A



[1A
[1Amodel-00003-of-00004.safetensors:  82%|████████▏ | 3.16G/3.86G [00:47<00:08, 80.5MB/s][A[A[A


[1A
[1Amodel-00002-of-00004.safetensors:  57%|█████▋    | 2.21G/3.86G [00:47<00:29, 56.1MB/s][A[A




[1A
[1Amodel-00004-of-00004.safetensors:  92%|█████████▏| 3.25G/3.56G [00:47<00:04, 75.0MB/s][A[A[A[A



[1A
[1Amodel-00003-of-00004.safetensors:  82%|████████▏ | 3.17G/3.86G [00:47<00:08, 80.8MB/s][A[A[A




[1A
[1Amodel-00004-of-00004.safetensors:  92%|█████████▏| 3.27G/3.56G [00:47<00:03, 82.2MB/s][A[A[A[A



[1A
[1Amodel-00003-of-00004.safetensors:  82%|████████▏ | 3.18G/3.86G [00:47<00:08, 83.4MB/s][A[A[A


[1A
[1Amodel-00002-of-00004.safetensors:  57%|█████▋    | 2.22G/3.86G [00:47<00:32, 51.0MB/s][A[A




[1A
[1Amodel-00004-of-00004.safetensors:  92%|█████████▏| 3.27G/3.56G [00:47<00:03, 78.6MB/s][A[A[A[A



[1A
[1Amodel-00003-of-00004.safetensors:  83%|████████▎ | 3.19G/3.86G [00:47<00:08, 81.9MB/s][A[A[A


[1A
[1Amodel-00002-of-00004.safetensors:  58%|█████▊    | 2.22G/3.86G [00:47<00:32, 50.9MB/s][A[A




[1A
[1Amodel-00004-of-00004.safetensors:  92%|█████████▏| 3.28G/3.56G [00:47<00:03, 79.0MB/s][A[A[A[A



[1A
[1Amodel-00003-of-00004.safetensors:  83%|████████▎ | 3.20G/3.86G [00:47<00:07, 83.1MB/s][A[A[A


[1A
[1Amodel-00002-of-00004.safetensors:  58%|█████▊    | 2.23G/3.86G [00:47<00:33, 48.6MB/s][A[A




[1A
[1Amodel-00004-of-00004.safetensors:  93%|█████████▎| 3.29G/3.56G [00:47<00:03, 80.1MB/s][A[A[A[A



[1A
[1Amodel-00003-of-00004.safetensors:  83%|████████▎ | 3.21G/3.86G [00:47<00:08, 81.5MB/s][A[A[A




[1A
[1Amodel-00004-of-00004.safetensors:  93%|█████████▎| 3.30G/3.56G [00:47<00:03, 78.4MB/s][A[A[A[A


[1A
[1Amodel-00002-of-00004.safetensors:  58%|█████▊    | 2.24G/3.86G [00:48<00:32, 50.1MB/s][A[A



[1A
[1Amodel-00003-of-00004.safetensors:  83%|████████▎ | 3.22G/3.86G [00:48<00:07, 81.2MB/s][A[A[A




[1A
[1Amodel-00004-of-00004.safetensors:  93%|█████████▎| 3.31G/3.56G [00:47<00:03, 79.4MB/s][A[A[A[A


[1A
[1Amodel-00002-of-00004.safetensors:  58%|█████▊    | 2.24G/3.86G [00:48<00:30, 53.8MB/s][A[A



[1A
[1Amodel-00003-of-00004.safetensors:  83%|████████▎ | 3.23G/3.86G [00:48<00:07, 80.9MB/s][A[A[A




[1A
[1Amodel-00004-of-00004.safetensors:  93%|█████████▎| 3.32G/3.56G [00:48<00:03, 73.7MB/s][A[A[A[A



[1A
[1Amodel-00003-of-00004.safetensors:  84%|████████▎ | 3.23G/3.86G [00:48<00:07, 80.2MB/s][A[A[A


[1A
[1Amodel-00002-of-00004.safetensors:  58%|█████▊    | 2.25G/3.86G [00:48<00:29, 54.4MB/s][A[A




[1A
[1Amodel-00004-of-00004.safetensors:  94%|█████████▎| 3.33G/3.56G [00:48<00:03, 74.3MB/s][A[A[A[A


[1A
[1Amodel-00002-of-00004.safetensors:  58%|█████▊    | 2.26G/3.86G [00:48<00:29, 55.1MB/s][A[A




[1A
[1Amodel-00004-of-00004.safetensors:  94%|█████████▍| 3.34G/3.56G [00:48<00:02, 79.4MB/s][A[A[A[A



[1A
[1Amodel-00003-of-00004.safetensors:  84%|████████▍ | 3.24G/3.86G [00:48<00:10, 59.4MB/s][A[A[A




[1A
[1Amodel-00004-of-00004.safetensors:  94%|█████████▍| 3.35G/3.56G [00:48<00:02, 86.2MB/s][A[A[A[A



[1A
[1Amodel-00003-of-00004.safetensors:  84%|████████▍ | 3.25G/3.86G [00:48<00:08, 69.3MB/s][A[A[A


[1A
[1Amodel-00002-of-00004.safetensors:  59%|█████▊    | 2.27G/3.86G [00:48<00:28, 55.5MB/s][A[A




[1A
[1Amodel-00004-of-00004.safetensors:  94%|█████████▍| 3.36G/3.56G [00:48<00:02, 84.6MB/s][A[A[A[A



[1A
[1Amodel-00003-of-00004.safetensors:  84%|████████▍ | 3.26G/3.86G [00:48<00:08, 74.6MB/s][A[A[A


[1A
[1Amodel-00002-of-00004.safetensors:  59%|█████▉    | 2.28G/3.86G [00:48<00:29, 53.4MB/s][A[A



[1A
[1Amodel-00003-of-00004.safetensors:  85%|████████▍ | 3.27G/3.86G [00:48<00:07, 76.8MB/s][A[A[A




[1A
[1Amodel-00004-of-00004.safetensors:  95%|█████████▍| 3.36G/3.56G [00:48<00:02, 84.1MB/s][A[A[A[A


[1A
[1Amodel-00002-of-00004.safetensors:  59%|█████▉    | 2.28G/3.86G [00:48<00:28, 55.4MB/s][A[A




[1A
[1Amodel-00004-of-00004.safetensors:  95%|█████████▍| 3.37G/3.56G [00:48<00:02, 85.9MB/s][A[A[A[A



[1A
[1Amodel-00003-of-00004.safetensors:  85%|████████▍ | 3.28G/3.86G [00:48<00:07, 75.5MB/s][A[A[A


[1A
[1Amodel-00002-of-00004.safetensors:  59%|█████▉    | 2.29G/3.86G [00:49<00:30, 52.3MB/s][A[A




[1A
[1Amodel-00004-of-00004.safetensors:  95%|█████████▌| 3.38G/3.56G [00:48<00:02, 86.2MB/s][A[A[A[A



[1A
[1Amodel-00003-of-00004.safetensors:  85%|████████▌ | 3.29G/3.86G [00:49<00:07, 76.4MB/s][A[A[A


[1A
[1Amodel-00002-of-00004.safetensors:  59%|█████▉    | 2.30G/3.86G [00:49<00:27, 55.9MB/s][A[A



[1A
[1Amodel-00003-of-00004.safetensors:  85%|████████▌ | 3.30G/3.86G [00:49<00:07, 77.4MB/s][A[A[A




[1A
[1Amodel-00004-of-00004.safetensors:  95%|█████████▌| 3.39G/3.56G [00:49<00:02, 79.9MB/s][A[A[A[A



[1A
[1Amodel-00003-of-00004.safetensors:  86%|████████▌ | 3.31G/3.86G [00:49<00:07, 78.4MB/s][A[A[A


[1A
[1Amodel-00002-of-00004.safetensors:  60%|█████▉    | 2.31G/3.86G [00:49<00:27, 57.6MB/s][A[A




[1A
[1Amodel-00004-of-00004.safetensors:  96%|█████████▌| 3.40G/3.56G [00:49<00:02, 77.3MB/s][A[A[A[A



[1A
[1Amodel-00003-of-00004.safetensors:  86%|████████▌ | 3.31G/3.86G [00:49<00:06, 79.1MB/s][A[A[A




[1A
[1Amodel-00004-of-00004.safetensors:  96%|█████████▌| 3.41G/3.56G [00:49<00:02, 71.2MB/s][A[A[A[A


[1A
[1Amodel-00002-of-00004.safetensors:  60%|█████▉    | 2.32G/3.86G [00:49<00:27, 56.8MB/s][A[A



[1A
[1Amodel-00003-of-00004.safetensors:  86%|████████▌ | 3.32G/3.86G [00:49<00:07, 76.2MB/s][A[A[A




[1A
[1Amodel-00004-of-00004.safetensors:  96%|█████████▌| 3.42G/3.56G [00:49<00:01, 71.1MB/s][A[A[A[A


[1A
[1Amodel-00002-of-00004.safetensors:  60%|██████    | 2.32G/3.86G [00:49<00:27, 56.1MB/s][A[A



[1A
[1Amodel-00003-of-00004.safetensors:  86%|████████▌ | 3.33G/3.86G [00:49<00:07, 74.9MB/s][A[A[A




[1A
[1Amodel-00004-of-00004.safetensors:  96%|█████████▋| 3.43G/3.56G [00:49<00:01, 70.5MB/s][A[A[A[A


[1A
[1Amodel-00002-of-00004.safetensors:  60%|██████    | 2.33G/3.86G [00:49<00:28, 53.7MB/s][A[A



[1A
[1Amodel-00003-of-00004.safetensors:  86%|████████▋ | 3.34G/3.86G [00:49<00:06, 82.9MB/s][A[A[A




[1A
[1Amodel-00004-of-00004.safetensors:  97%|█████████▋| 3.44G/3.56G [00:49<00:01, 78.7MB/s][A[A[A[A



[1A
[1Amodel-00003-of-00004.safetensors:  87%|████████▋ | 3.35G/3.86G [00:49<00:06, 81.8MB/s][A[A[A


[1A
[1Amodel-00002-of-00004.safetensors:  60%|██████    | 2.34G/3.86G [00:49<00:28, 54.1MB/s][A[A




[1A
[1Amodel-00004-of-00004.safetensors:  97%|█████████▋| 3.45G/3.56G [00:49<00:01, 82.2MB/s][A[A[A[A



[1A
[1Amodel-00003-of-00004.safetensors:  87%|████████▋ | 3.36G/3.86G [00:49<00:06, 83.8MB/s][A[A[A


[1A
[1Amodel-00002-of-00004.safetensors:  61%|██████    | 2.34G/3.86G [00:49<00:26, 56.6MB/s][A[A




[1A
[1Amodel-00004-of-00004.safetensors:  97%|█████████▋| 3.46G/3.56G [00:49<00:01, 79.0MB/s][A[A[A[A



[1A
[1Amodel-00003-of-00004.safetensors:  87%|████████▋ | 3.37G/3.86G [00:50<00:06, 81.8MB/s][A[A[A


[1A
[1Amodel-00002-of-00004.safetensors:  61%|██████    | 2.35G/3.86G [00:50<00:25, 59.8MB/s][A[A




[1A
[1Amodel-00004-of-00004.safetensors:  97%|█████████▋| 3.46G/3.56G [00:49<00:01, 79.7MB/s][A[A[A[A



[1A
[1Amodel-00003-of-00004.safetensors:  87%|████████▋ | 3.38G/3.86G [00:50<00:06, 78.2MB/s][A[A[A




[1A
[1Amodel-00004-of-00004.safetensors:  98%|█████████▊| 3.47G/3.56G [00:50<00:01, 79.9MB/s][A[A[A[A


[1A
[1Amodel-00002-of-00004.safetensors:  61%|██████    | 2.36G/3.86G [00:50<00:27, 54.5MB/s][A[A



[1A
[1Amodel-00003-of-00004.safetensors:  88%|████████▊ | 3.39G/3.86G [00:50<00:06, 77.0MB/s][A[A[A




[1A
[1Amodel-00004-of-00004.safetensors:  98%|█████████▊| 3.48G/3.56G [00:50<00:00, 78.8MB/s][A[A[A[A


[1A
[1Amodel-00002-of-00004.safetensors:  61%|██████    | 2.37G/3.86G [00:50<00:27, 54.3MB/s][A[A



[1Amodel-00003-of-00004.safetensors:  88%|████████▊ | 3.40G/3.86G [00:50<00:06, 77.7MB/s][A[A[A




[1A
[1Amodel-00004-of-00004.safetensors:  98%|█████████▊| 3.49G/3.56G [00:50<00:00, 77.2MB/s][A[A[A[A



[1A
[1Amodel-00003-of-00004.safetensors:  88%|████████▊ | 3.40G/3.86G [00:50<00:05, 77.7MB/s][A[A[A


[1A
[1Amodel-00002-of-00004.safetensors:  61%|██████▏   | 2.37G/3.86G [00:50<00:26, 55.2MB/s][A[A




[1Amodel-00004-of-00004.safetensors:  98%|█████████▊| 3.50G/3.56G [00:50<00:00, 77.0MB/s][A[A[A[A



[1A
[1Amodel-00003-of-00004.safetensors:  88%|████████▊ | 3.41G/3.86G [00:50<00:05, 81.9MB/s][A[A[A


[1A
[1Amodel-00002-of-00004.safetensors:  62%|██████▏   | 2.38G/3.86G [00:50<00:26, 56.2MB/s][A[A




[1A
[1Amodel-00004-of-00004.safetensors:  99%|█████████▊| 3.51G/3.56G [00:50<00:00, 78.1MB/s][A[A[A[A



[1A
[1Amodel-00003-of-00004.safetensors:  89%|████████▊ | 3.42G/3.86G [00:50<00:05, 80.4MB/s][A[A[A




[1A
[1Amodel-00004-of-00004.safetensors:  99%|█████████▉| 3.52G/3.56G [00:50<00:00, 81.2MB/s][A[A[A[A


[1A
[1Amodel-00002-of-00004.safetensors:  62%|██████▏   | 2.39G/3.86G [00:50<00:29, 50.7MB/s][A[A



[1A
[1Amodel-00003-of-00004.safetensors:  89%|████████▉ | 3.43G/3.86G [00:50<00:05, 81.5MB/s][A[A[A




[1A
[1Amodel-00004-of-00004.safetensors:  99%|█████████▉| 3.52G/3.56G [00:50<00:00, 80.1MB/s][A[A[A[A



[1A
[1Amodel-00003-of-00004.safetensors:  89%|████████▉ | 3.44G/3.86G [00:50<00:05, 79.7MB/s][A[A[A


[1A
[1Amodel-00002-of-00004.safetensors:  62%|██████▏   | 2.39G/3.86G [00:50<00:29, 50.1MB/s][A[A




[1A
[1Amodel-00004-of-00004.safetensors:  99%|█████████▉| 3.53G/3.56G [00:50<00:00, 78.3MB/s][A[A[A[A


[1A
[1Amodel-00002-of-00004.safetensors:  62%|██████▏   | 2.40G/3.86G [00:51<00:26, 54.5MB/s][A[A



[1A
[1Amodel-00003-of-00004.safetensors:  89%|████████▉ | 3.45G/3.86G [00:51<00:05, 76.4MB/s][A[A[A




[1A
[1Amodel-00004-of-00004.safetensors: 100%|█████████▉| 3.54G/3.56G [00:50<00:00, 78.4MB/s][A[A[A[A



[1A
[1Amodel-00003-of-00004.safetensors:  89%|████████▉ | 3.46G/3.86G [00:51<00:05, 76.0MB/s][A[A[A


[1A
[1Amodel-00002-of-00004.safetensors:  62%|██████▏   | 2.41G/3.86G [00:51<00:28, 51.6MB/s][A[A




[1A
[1Amodel-00004-of-00004.safetensors: 100%|█████████▉| 3.55G/3.56G [00:51<00:00, 77.0MB/s][A[A[A[A




[1A
[1A                                                                                      [A[A[A[A



[1A
[1Amodel-00003-of-00004.safetensors:  90%|████████▉ | 3.46G/3.86G [00:51<00:05, 77.5MB/s][A[A[A


[1A
[1Amodel-00002-of-00004.safetensors:  63%|██████▎   | 2.42G/3.86G [00:51<00:27, 53.4MB/s][A[A



[1A
[1Amodel-00003-of-00004.safetensors:  90%|████████▉ | 3.47G/3.86G [00:51<00:04, 79.0MB/s][A[A[A


[1A
[1Amodel-00002-of-00004.safetensors:  63%|██████▎   | 2.42G/3.86G [00:51<00:25, 56.4MB/s][A[A



[1A
[1Amodel-00003-of-00004.safetensors:  90%|█████████ | 3.48G/3.86G [00:51<00:04, 83.3MB/s][A[A[A


[1A
[1Amodel-00002-of-00004.safetensors:  63%|██████▎   | 2.43G/3.86G [00:51<00:24, 59.1MB/s][A[A



[1A
[1Amodel-00003-of-00004.safetensors:  90%|█████████ | 3.49G/3.86G [00:51<00:04, 85.5MB/s][A[A[A


[1A
[1Amodel-00002-of-00004.safetensors:  63%|██████▎   | 2.44G/3.86G [00:51<00:23, 59.9MB/s][A[A



[1Amodel-00003-of-00004.safetensors:  91%|█████████ | 3.50G/3.86G [00:51<00:04, 82.4MB/s][A[A[A


[1A
[1Amodel-00002-of-00004.safetensors:  63%|██████▎   | 2.45G/3.86G [00:51<00:25, 55.3MB/s][A[A



[1A
[1Amodel-00003-of-00004.safetensors:  91%|█████████ | 3.51G/3.86G [00:51<00:04, 80.0MB/s][A[A[A


[1A
[1Amodel-00002-of-00004.safetensors:  63%|██████▎   | 2.45G/3.86G [00:51<00:24, 57.0MB/s][A[A



[1A
[1Amodel-00003-of-00004.safetensors:  91%|█████████ | 3.52G/3.86G [00:51<00:04, 82.8MB/s][A[A[A



[1A
[1Amodel-00003-of-00004.safetensors:  91%|█████████▏| 3.53G/3.86G [00:52<00:03, 85.8MB/s][A[A[A


[1Amodel-00002-of-00004.safetensors:  64%|██████▎   | 2.46G/3.86G [00:52<00:27, 52.1MB/s][A[A



[1A
[1Amodel-00003-of-00004.safetensors:  92%|█████████▏| 3.54G/3.86G [00:52<00:03, 85.6MB/s][A[A[A


[1A
[1Amodel-00002-of-00004.safetensors:  64%|██████▍   | 2.47G/3.86G [00:52<00:24, 57.3MB/s][A[A



[1A
[1Amodel-00003-of-00004.safetensors:  92%|█████████▏| 3.55G/3.86G [00:52<00:03, 90.2MB/s][A[A[A


[1A
[1Amodel-00002-of-00004.safetensors:  64%|██████▍   | 2.47G/3.86G [00:52<00:25, 55.6MB/s][A[A



[1A
[1Amodel-00003-of-00004.safetensors:  92%|█████████▏| 3.56G/3.86G [00:52<00:03, 90.1MB/s][A[A[A


[1A
[1Amodel-00002-of-00004.safetensors:  64%|██████▍   | 2.48G/3.86G [00:52<00:28, 49.4MB/s][A[A



[1A
[1Amodel-00003-of-00004.safetensors:  92%|█████████▏| 3.57G/3.86G [00:52<00:03, 89.9MB/s][A[A[A



[1A
[1Amodel-00003-of-00004.safetensors:  93%|█████████▎| 3.58G/3.86G [00:52<00:03, 87.6MB/s][A[A[A


[1A
[1Amodel-00002-of-00004.safetensors:  64%|██████▍   | 2.49G/3.86G [00:52<00:26, 51.5MB/s][A[A



[1A
[1Amodel-00003-of-00004.safetensors:  93%|█████████▎| 3.59G/3.86G [00:52<00:03, 86.0MB/s][A[A[A


[1A
[1Amodel-00002-of-00004.safetensors:  65%|██████▍   | 2.50G/3.86G [00:52<00:26, 50.8MB/s][A[A



[1A
[1Amodel-00003-of-00004.safetensors:  93%|█████████▎| 3.60G/3.86G [00:52<00:02, 89.8MB/s][A[A[A


[1A
[1Amodel-00002-of-00004.safetensors:  65%|██████▍   | 2.50G/3.86G [00:52<00:25, 53.1MB/s][A[A



[1Amodel-00003-of-00004.safetensors:  93%|█████████▎| 3.61G/3.86G [00:52<00:02, 88.8MB/s][A[A[A


[1A
[1Amodel-00002-of-00004.safetensors:  65%|██████▍   | 2.51G/3.86G [00:53<00:26, 51.8MB/s][A[A


[1A
[1Amodel-00002-of-00004.safetensors:  65%|██████▌   | 2.52G/3.86G [00:53<00:24, 55.2MB/s][A[A



[1A
[1Amodel-00003-of-00004.safetensors:  94%|█████████▎| 3.62G/3.86G [00:53<00:03, 67.4MB/s][A[A[A


[1A
[1Amodel-00002-of-00004.safetensors:  65%|██████▌   | 2.52G/3.86G [00:53<00:24, 55.6MB/s][A[A



[1Amodel-00003-of-00004.safetensors:  94%|█████████▍| 3.63G/3.86G [00:53<00:03, 72.9MB/s][A[A[A



[1A
[1Amodel-00003-of-00004.safetensors:  94%|█████████▍| 3.64G/3.86G [00:53<00:02, 80.4MB/s][A[A[A


[1A
[1Amodel-00002-of-00004.safetensors:  65%|██████▌   | 2.53G/3.86G [00:53<00:25, 52.1MB/s][A[A



[1A
[1Amodel-00003-of-00004.safetensors:  94%|█████████▍| 3.65G/3.86G [00:53<00:02, 78.1MB/s][A[A[A


[1A
[1Amodel-00002-of-00004.safetensors:  66%|██████▌   | 2.54G/3.86G [00:53<00:24, 54.2MB/s][A[A



[1A
[1Amodel-00003-of-00004.safetensors:  95%|█████████▍| 3.66G/3.86G [00:53<00:02, 87.3MB/s][A[A[A


[1A
[1Amodel-00002-of-00004.safetensors:  66%|██████▌   | 2.55G/3.86G [00:53<00:23, 55.0MB/s][A[A



[1A
[1Amodel-00003-of-00004.safetensors:  95%|█████████▍| 3.67G/3.86G [00:53<00:02, 84.7MB/s][A[A[A



[1A
[1Amodel-00003-of-00004.safetensors:  95%|█████████▌| 3.68G/3.86G [00:53<00:02, 82.5MB/s][A[A[A


[1A
[1Amodel-00002-of-00004.safetensors:  66%|██████▌   | 2.55G/3.86G [00:53<00:23, 54.9MB/s][A[A



[1A
[1Amodel-00003-of-00004.safetensors:  95%|█████████▌| 3.69G/3.86G [00:53<00:02, 85.5MB/s][A[A[A


[1A
[1Amodel-00002-of-00004.safetensors:  66%|██████▋   | 2.56G/3.86G [00:53<00:22, 56.8MB/s][A[A



[1A
[1Amodel-00003-of-00004.safetensors:  96%|█████████▌| 3.70G/3.86G [00:54<00:01, 89.2MB/s][A[A[A


[1A
[1Amodel-00002-of-00004.safetensors:  66%|██████▋   | 2.57G/3.86G [00:54<00:22, 58.2MB/s][A[A



[1A
[1Amodel-00003-of-00004.safetensors:  96%|█████████▌| 3.71G/3.86G [00:54<00:01, 79.9MB/s][A[A[A


[1A
[1Amodel-00002-of-00004.safetensors:  67%|██████▋   | 2.58G/3.86G [00:54<00:22, 56.2MB/s][A[A



[1A
[1Amodel-00003-of-00004.safetensors:  96%|█████████▋| 3.72G/3.86G [00:54<00:01, 83.7MB/s][A[A[A
[1ADownloading:  87%|████████▋ | 13/15 [00:56<00:12,  6.43s/file]


[1A
[1Amodel-00002-of-00004.safetensors:  67%|██████▋   | 2.58G/3.86G [00:54<00:22, 56.7MB/s][A[A



[1A
[1Amodel-00003-of-00004.safetensors:  97%|█████████▋| 3.73G/3.86G [00:54<00:01, 86.3MB/s][A[A[A


[1A
[1Amodel-00002-of-00004.safetensors:  67%|██████▋   | 2.59G/3.86G [00:54<00:21, 58.3MB/s][A[A



[1A
[1Amodel-00003-of-00004.safetensors:  97%|█████████▋| 3.74G/3.86G [00:54<00:01, 88.3MB/s][A[A[A


[1A
[1Amodel-00002-of-00004.safetensors:  67%|██████▋   | 2.60G/3.86G [00:54<00:21, 59.0MB/s][A[A



[1A
[1Amodel-00003-of-00004.safetensors:  97%|█████████▋| 3.75G/3.86G [00:54<00:01, 88.1MB/s][A[A[A



[1A
[1Amodel-00003-of-00004.safetensors:  97%|█████████▋| 3.76G/3.86G [00:54<00:01, 81.5MB/s][A[A[A


[1A
[1Amodel-00002-of-00004.safetensors:  68%|██████▊   | 2.61G/3.86G [00:54<00:21, 58.3MB/s][A[A



[1A
[1Amodel-00003-of-00004.safetensors:  97%|█████████▋| 3.77G/3.86G [00:54<00:01, 80.7MB/s][A[A[A


[1A
[1Amodel-00002-of-00004.safetensors:  68%|██████▊   | 2.62G/3.86G [00:54<00:21, 57.8MB/s][A[A



[1A
[1Amodel-00003-of-00004.safetensors:  98%|█████████▊| 3.77G/3.86G [00:54<00:01, 79.7MB/s][A[A[A


[1A
[1Amodel-00002-of-00004.safetensors:  68%|██████▊   | 2.62G/3.86G [00:54<00:22, 55.3MB/s][A[A



[1A
[1Amodel-00003-of-00004.safetensors:  98%|█████████▊| 3.78G/3.86G [00:55<00:01, 76.6MB/s][A[A[A


[1Amodel-00002-of-00004.safetensors:  68%|██████▊   | 2.63G/3.86G [00:55<00:20, 59.0MB/s][A[A



[1A
[1Amodel-00003-of-00004.safetensors:  98%|█████████▊| 3.79G/3.86G [00:55<00:00, 78.2MB/s][A[A[A


[1A
[1Amodel-00002-of-00004.safetensors:  68%|██████▊   | 2.64G/3.86G [00:55<00:23, 52.3MB/s][A[A



[1A
[1Amodel-00003-of-00004.safetensors:  98%|█████████▊| 3.80G/3.86G [00:55<00:00, 79.4MB/s][A[A[A



[1A
[1Amodel-00003-of-00004.safetensors:  99%|█████████▊| 3.81G/3.86G [00:55<00:00, 83.7MB/s][A[A[A


[1A
[1Amodel-00002-of-00004.safetensors:  68%|██████▊   | 2.64G/3.86G [00:55<00:23, 51.5MB/s][A[A



[1A
[1Amodel-00003-of-00004.safetensors:  99%|█████████▉| 3.82G/3.86G [00:55<00:00, 88.8MB/s][A[A[A


[1A
[1Amodel-00002-of-00004.safetensors:  69%|██████▊   | 2.65G/3.86G [00:55<00:22, 53.4MB/s][A[A



[1A
[1Amodel-00003-of-00004.safetensors:  99%|█████████▉| 3.83G/3.86G [00:55<00:00, 86.3MB/s][A[A[A


[1A
[1Amodel-00002-of-00004.safetensors:  69%|██████▉   | 2.66G/3.86G [00:55<00:21, 55.6MB/s][A[A



[1A
[1Amodel-00003-of-00004.safetensors:  99%|█████████▉| 3.84G/3.86G [00:55<00:00, 85.5MB/s][A[A[A



[1A
[1Amodel-00003-of-00004.safetensors: 100%|█████████▉| 3.85G/3.86G [00:55<00:00, 86.0MB/s][A[A[A


[1A
[1Amodel-00002-of-00004.safetensors:  69%|██████▉   | 2.67G/3.86G [00:55<00:21, 56.7MB/s][A[A



[1A
[1Amodel-00003-of-00004.safetensors: 100%|█████████▉| 3.86G/3.86G [00:55<00:00, 87.0MB/s][A[A[A


[1A
[1Amodel-00002-of-00004.safetensors:  69%|██████▉   | 2.67G/3.86G [00:55<00:21, 56.5MB/s][A[A



[1A
[1A                                                                                      [A[A[A


[1A
[1Amodel-00002-of-00004.safetensors:  69%|██████▉   | 2.68G/3.86G [00:56<00:22, 52.4MB/s][A[A


[1A
[1Amodel-00002-of-00004.safetensors:  70%|██████▉   | 2.69G/3.86G [00:56<00:34, 34.4MB/s][A[A


[1A
[1Amodel-00002-of-00004.safetensors:  70%|██████▉   | 2.70G/3.86G [00:56<00:28, 41.0MB/s][A[A


[1A
[1Amodel-00002-of-00004.safetensors:  70%|███████   | 2.71G/3.86G [00:56<00:25, 45.0MB/s][A[A


[1A
[1Amodel-00002-of-00004.safetensors:  70%|███████   | 2.71G/3.86G [00:56<00:23, 48.2MB/s][A[A


[1A
[1Amodel-00002-of-00004.safetensors:  70%|███████   | 2.72G/3.86G [00:56<00:23, 48.5MB/s][A[A


[1A
[1Amodel-00002-of-00004.safetensors:  70%|███████   | 2.72G/3.86G [00:57<00:24, 46.8MB/s][A[A


[1A
[1Amodel-00002-of-00004.safetensors:  71%|███████   | 2.73G/3.86G [00:57<00:23, 47.6MB/s][A[A


[1A
[1Amodel-00002-of-00004.safetensors:  71%|███████   | 2.73G/3.86G [00:57<00:23, 47.9MB/s][A[A


[1A
[1Amodel-00002-of-00004.safetensors:  71%|███████   | 2.74G/3.86G [00:57<00:23, 48.6MB/s][A[A


[1A
[1Amodel-00002-of-00004.safetensors:  71%|███████   | 2.75G/3.86G [00:57<00:21, 51.1MB/s][A[A


[1A
[1Amodel-00002-of-00004.safetensors:  71%|███████▏  | 2.76G/3.86G [00:57<00:21, 52.2MB/s][A[A


[1Amodel-00002-of-00004.safetensors:  71%|███████▏  | 2.76G/3.86G [00:57<00:20, 54.2MB/s][A[A


[1A
[1Amodel-00002-of-00004.safetensors:  72%|███████▏  | 2.77G/3.86G [00:58<00:23, 46.0MB/s][A[A


[1A
[1Amodel-00002-of-00004.safetensors:  72%|███████▏  | 2.78G/3.86G [00:58<00:21, 51.6MB/s][A[A


[1A
[1Amodel-00002-of-00004.safetensors:  72%|███████▏  | 2.79G/3.86G [00:58<00:19, 54.0MB/s][A[A


[1A
[1Amodel-00002-of-00004.safetensors:  72%|███████▏  | 2.79G/3.86G [00:58<00:18, 57.3MB/s][A[A


[1A
[1Amodel-00002-of-00004.safetensors:  72%|███████▏  | 2.80G/3.86G [00:58<00:18, 57.1MB/s][A[A


[1A
[1Amodel-00002-of-00004.safetensors:  73%|███████▎  | 2.81G/3.86G [00:58<00:17, 59.3MB/s][A[A


[1Amodel-00002-of-00004.safetensors:  73%|███████▎  | 2.82G/3.86G [00:58<00:18, 56.0MB/s][A[A


[1A
[1Amodel-00002-of-00004.safetensors:  73%|███████▎  | 2.83G/3.86G [00:58<00:17, 58.7MB/s][A[A


[1A
[1Amodel-00002-of-00004.safetensors:  73%|███████▎  | 2.83G/3.86G [00:59<00:17, 58.5MB/s][A[A


[1A
[1Amodel-00002-of-00004.safetensors:  73%|███████▎  | 2.84G/3.86G [00:59<00:18, 55.9MB/s][A[A


[1A
[1Amodel-00002-of-00004.safetensors:  74%|███████▎  | 2.85G/3.86G [00:59<00:17, 57.0MB/s][A[A


[1A
[1Amodel-00002-of-00004.safetensors:  74%|███████▍  | 2.85G/3.86G [00:59<00:17, 58.1MB/s][A[A
[1ADownloading:  93%|█████████▎| 14/15 [01:01<00:06,  6.06s/file]


[1A
[1Amodel-00002-of-00004.safetensors:  74%|███████▍  | 2.86G/3.86G [00:59<00:18, 55.8MB/s][A[A


[1A
[1Amodel-00002-of-00004.safetensors:  74%|███████▍  | 2.87G/3.86G [00:59<00:17, 57.7MB/s][A[A


[1A
[1Amodel-00002-of-00004.safetensors:  74%|███████▍  | 2.88G/3.86G [00:59<00:17, 57.7MB/s][A[A


[1A
[1Amodel-00002-of-00004.safetensors:  75%|███████▍  | 2.89G/3.86G [01:00<00:17, 57.3MB/s][A[A


[1A
[1Amodel-00002-of-00004.safetensors:  75%|███████▍  | 2.89G/3.86G [01:00<00:16, 60.1MB/s][A[A


[1A
[1Amodel-00002-of-00004.safetensors:  75%|███████▌  | 2.90G/3.86G [01:00<00:27, 35.1MB/s][A[A


[1Amodel-00002-of-00004.safetensors:  75%|███████▌  | 2.91G/3.86G [01:00<00:28, 34.2MB/s][A[A


[1A
[1Amodel-00002-of-00004.safetensors:  75%|███████▌  | 2.91G/3.86G [01:00<00:27, 35.1MB/s][A[A


[1A
[1Amodel-00002-of-00004.safetensors:  76%|███████▌  | 2.92G/3.86G [01:01<00:23, 41.0MB/s][A[A


[1A
[1Amodel-00002-of-00004.safetensors:  76%|███████▌  | 2.93G/3.86G [01:01<00:20, 46.8MB/s][A[A


[1A
[1Amodel-00002-of-00004.safetensors:  76%|███████▌  | 2.93G/3.86G [01:01<00:23, 39.9MB/s][A[A


[1A
[1Amodel-00002-of-00004.safetensors:  76%|███████▌  | 2.94G/3.86G [01:01<00:21, 42.9MB/s][A[A


[1A
[1Amodel-00002-of-00004.safetensors:  76%|███████▋  | 2.95G/3.86G [01:01<00:19, 47.5MB/s][A[A


[1A
[1Amodel-00002-of-00004.safetensors:  76%|███████▋  | 2.96G/3.86G [01:01<00:17, 52.8MB/s][A[A


[1A
[1Amodel-00002-of-00004.safetensors:  77%|███████▋  | 2.96G/3.86G [01:01<00:18, 49.8MB/s][A[A


[1A
[1Amodel-00002-of-00004.safetensors:  77%|███████▋  | 2.97G/3.86G [01:02<00:17, 50.9MB/s][A[A


[1A
[1Amodel-00002-of-00004.safetensors:  77%|███████▋  | 2.98G/3.86G [01:02<00:16, 53.4MB/s][A[A


[1A
[1Amodel-00002-of-00004.safetensors:  77%|███████▋  | 2.99G/3.86G [01:02<00:15, 57.4MB/s][A[A


[1A
[1Amodel-00002-of-00004.safetensors:  77%|███████▋  | 2.99G/3.86G [01:02<00:16, 54.5MB/s][A[A


[1Amodel-00002-of-00004.safetensors:  78%|███████▊  | 3.00G/3.86G [01:02<00:15, 55.9MB/s][A[A


[1A
[1Amodel-00002-of-00004.safetensors:  78%|███████▊  | 3.00G/3.86G [01:02<00:16, 51.9MB/s][A[A


[1A
[1Amodel-00002-of-00004.safetensors:  78%|███████▊  | 3.01G/3.86G [01:02<00:15, 54.8MB/s][A[A


[1A
[1Amodel-00002-of-00004.safetensors:  78%|███████▊  | 3.02G/3.86G [01:02<00:15, 56.2MB/s][A[A


[1A
[1Amodel-00002-of-00004.safetensors:  78%|███████▊  | 3.03G/3.86G [01:03<00:14, 58.0MB/s][A[A


[1A
[1Amodel-00002-of-00004.safetensors:  79%|███████▊  | 3.04G/3.86G [01:03<00:14, 59.1MB/s][A[A


[1A
[1Amodel-00002-of-00004.safetensors:  79%|███████▉  | 3.04G/3.86G [01:03<00:13, 62.5MB/s][A[A


[1A
[1Amodel-00002-of-00004.safetensors:  79%|███████▉  | 3.05G/3.86G [01:03<00:14, 57.4MB/s][A[A


[1A
[1Amodel-00002-of-00004.safetensors:  79%|███████▉  | 3.06G/3.86G [01:03<00:15, 50.5MB/s][A[A


[1A
[1Amodel-00002-of-00004.safetensors:  79%|███████▉  | 3.06G/3.86G [01:03<00:15, 53.0MB/s][A[A


[1A
[1Amodel-00002-of-00004.safetensors:  79%|███████▉  | 3.07G/3.86G [01:03<00:15, 51.5MB/s][A[A


[1A
[1Amodel-00002-of-00004.safetensors:  80%|███████▉  | 3.08G/3.86G [01:03<00:14, 53.0MB/s][A[A


[1A
[1Amodel-00002-of-00004.safetensors:  80%|███████▉  | 3.09G/3.86G [01:04<00:14, 55.1MB/s][A[A


[1A
[1Amodel-00002-of-00004.safetensors:  80%|████████  | 3.10G/3.86G [01:04<00:13, 56.6MB/s][A[A


[1A
[1Amodel-00002-of-00004.safetensors:  80%|████████  | 3.10G/3.86G [01:04<00:13, 56.1MB/s][A[A


[1A
[1Amodel-00002-of-00004.safetensors:  81%|████████  | 3.11G/3.86G [01:04<00:13, 56.2MB/s][A[A


[1A
[1Amodel-00002-of-00004.safetensors:  81%|████████  | 3.12G/3.86G [01:04<00:13, 56.1MB/s][A[A


[1A
[1Amodel-00002-of-00004.safetensors:  81%|████████  | 3.13G/3.86G [01:04<00:12, 57.6MB/s][A[A


[1A
[1Amodel-00002-of-00004.safetensors:  81%|████████  | 3.14G/3.86G [01:04<00:13, 55.5MB/s][A[A


[1A
[1Amodel-00002-of-00004.safetensors:  81%|████████▏ | 3.15G/3.86G [01:05<00:12, 55.8MB/s][A[A


[1A
[1Amodel-00002-of-00004.safetensors:  82%|████████▏ | 3.15G/3.86G [01:05<00:11, 59.3MB/s][A[A


[1A
[1Amodel-00002-of-00004.safetensors:  82%|████████▏ | 3.16G/3.86G [01:05<00:13, 54.0MB/s][A[A


[1A
[1Amodel-00002-of-00004.safetensors:  82%|████████▏ | 3.17G/3.86G [01:05<00:12, 53.8MB/s][A[A


[1A
[1Amodel-00002-of-00004.safetensors:  82%|████████▏ | 3.18G/3.86G [01:05<00:12, 56.4MB/s][A[A


[1A
[1Amodel-00002-of-00004.safetensors:  82%|████████▏ | 3.18G/3.86G [01:05<00:11, 59.1MB/s][A[A


[1A
[1Amodel-00002-of-00004.safetensors:  83%|████████▎ | 3.19G/3.86G [01:05<00:11, 58.7MB/s][A[A


[1A
[1Amodel-00002-of-00004.safetensors:  83%|████████▎ | 3.20G/3.86G [01:06<00:10, 61.4MB/s][A[A


[1A
[1Amodel-00002-of-00004.safetensors:  83%|████████▎ | 3.21G/3.86G [01:06<00:11, 56.5MB/s][A[A


[1A
[1Amodel-00002-of-00004.safetensors:  83%|████████▎ | 3.21G/3.86G [01:06<00:12, 53.2MB/s][A[A


[1A
[1Amodel-00002-of-00004.safetensors:  83%|████████▎ | 3.22G/3.86G [01:06<00:17, 36.1MB/s][A[A


[1A
[1Amodel-00002-of-00004.safetensors:  84%|████████▎ | 3.23G/3.86G [01:06<00:13, 47.6MB/s][A[A


[1A
[1Amodel-00002-of-00004.safetensors:  84%|████████▍ | 3.24G/3.86G [01:06<00:13, 47.5MB/s][A[A


[1A
[1Amodel-00002-of-00004.safetensors:  84%|████████▍ | 3.25G/3.86G [01:07<00:12, 48.9MB/s][A[A


[1A
[1Amodel-00002-of-00004.safetensors:  84%|████████▍ | 3.25G/3.86G [01:07<00:12, 49.0MB/s][A[A


[1A
[1Amodel-00002-of-00004.safetensors:  84%|████████▍ | 3.26G/3.86G [01:07<00:11, 52.5MB/s][A[A


[1A
[1Amodel-00002-of-00004.safetensors:  85%|████████▍ | 3.27G/3.86G [01:07<00:10, 55.1MB/s][A[A


[1A
[1Amodel-00002-of-00004.safetensors:  85%|████████▍ | 3.28G/3.86G [01:07<00:10, 57.2MB/s][A[A


[1A
[1Amodel-00002-of-00004.safetensors:  85%|████████▌ | 3.29G/3.86G [01:07<00:10, 56.0MB/s][A[A


[1A
[1Amodel-00002-of-00004.safetensors:  85%|████████▌ | 3.30G/3.86G [01:07<00:10, 56.3MB/s][A[A


[1A
[1Amodel-00002-of-00004.safetensors:  86%|████████▌ | 3.31G/3.86G [01:08<00:09, 56.5MB/s][A[A


[1A
[1Amodel-00002-of-00004.safetensors:  86%|████████▌ | 3.31G/3.86G [01:08<00:09, 57.7MB/s][A[A


[1A
[1Amodel-00002-of-00004.safetensors:  86%|████████▌ | 3.32G/3.86G [01:08<00:09, 57.6MB/s][A[A


[1A
[1Amodel-00002-of-00004.safetensors:  86%|████████▌ | 3.33G/3.86G [01:08<00:10, 49.2MB/s][A[A


[1A
[1Amodel-00002-of-00004.safetensors:  86%|████████▌ | 3.33G/3.86G [01:08<00:10, 52.1MB/s][A[A


[1A
[1Amodel-00002-of-00004.safetensors:  86%|████████▋ | 3.34G/3.86G [01:08<00:09, 52.7MB/s][A[A


[1A
[1Amodel-00002-of-00004.safetensors:  87%|████████▋ | 3.35G/3.86G [01:08<00:09, 53.3MB/s][A[A


[1A
[1Amodel-00002-of-00004.safetensors:  87%|████████▋ | 3.36G/3.86G [01:09<00:08, 57.0MB/s][A[A


[1A
[1Amodel-00002-of-00004.safetensors:  87%|████████▋ | 3.36G/3.86G [01:09<00:08, 55.9MB/s][A[A


[1A
[1Amodel-00002-of-00004.safetensors:  87%|████████▋ | 3.37G/3.86G [01:09<00:08, 56.7MB/s][A[A


[1A
[1Amodel-00002-of-00004.safetensors:  87%|████████▋ | 3.38G/3.86G [01:09<00:08, 57.8MB/s][A[A


[1A
[1Amodel-00002-of-00004.safetensors:  88%|████████▊ | 3.39G/3.86G [01:09<00:08, 58.0MB/s][A[A


[1A
[1Amodel-00002-of-00004.safetensors:  88%|████████▊ | 3.40G/3.86G [01:09<00:07, 59.2MB/s][A[A


[1A
[1Amodel-00002-of-00004.safetensors:  88%|████████▊ | 3.41G/3.86G [01:09<00:07, 59.1MB/s][A[A


[1A
[1Amodel-00002-of-00004.safetensors:  88%|████████▊ | 3.41G/3.86G [01:10<00:07, 60.2MB/s][A[A


[1Amodel-00002-of-00004.safetensors:  89%|████████▊ | 3.42G/3.86G [01:10<00:07, 62.6MB/s][A[A


[1A
[1Amodel-00002-of-00004.safetensors:  89%|████████▊ | 3.43G/3.86G [01:10<00:07, 57.8MB/s][A[A


[1A
[1Amodel-00002-of-00004.safetensors:  89%|████████▉ | 3.44G/3.86G [01:10<00:07, 56.1MB/s][A[A


[1A
[1Amodel-00002-of-00004.safetensors:  89%|████████▉ | 3.44G/3.86G [01:10<00:07, 57.6MB/s][A[A


[1A
[1Amodel-00002-of-00004.safetensors:  89%|████████▉ | 3.45G/3.86G [01:10<00:07, 58.8MB/s][A[A


[1A
[1Amodel-00002-of-00004.safetensors:  90%|████████▉ | 3.46G/3.86G [01:10<00:07, 53.2MB/s][A[A


[1A
[1Amodel-00002-of-00004.safetensors:  90%|████████▉ | 3.47G/3.86G [01:11<00:07, 55.8MB/s][A[A


[1A
[1Amodel-00002-of-00004.safetensors:  90%|████████▉ | 3.48G/3.86G [01:11<00:06, 58.1MB/s][A[A


[1A
[1Amodel-00002-of-00004.safetensors:  90%|█████████ | 3.48G/3.86G [01:11<00:06, 61.5MB/s][A[A


[1A
[1Amodel-00002-of-00004.safetensors:  90%|█████████ | 3.49G/3.86G [01:11<00:08, 44.1MB/s][A[A


[1A
[1Amodel-00002-of-00004.safetensors:  91%|█████████ | 3.50G/3.86G [01:11<00:09, 39.9MB/s][A[A


[1A
[1Amodel-00002-of-00004.safetensors:  91%|█████████ | 3.51G/3.86G [01:11<00:08, 43.4MB/s][A[A


[1A
[1Amodel-00002-of-00004.safetensors:  91%|█████████ | 3.51G/3.86G [01:12<00:07, 46.6MB/s][A[A


[1A
[1Amodel-00002-of-00004.safetensors:  91%|█████████ | 3.52G/3.86G [01:12<00:06, 49.7MB/s][A[A


[1A
[1Amodel-00002-of-00004.safetensors:  91%|█████████▏| 3.53G/3.86G [01:12<00:06, 53.2MB/s][A[A


[1A
[1Amodel-00002-of-00004.safetensors:  92%|█████████▏| 3.54G/3.86G [01:12<00:05, 55.8MB/s][A[A


[1Amodel-00002-of-00004.safetensors:  92%|█████████▏| 3.55G/3.86G [01:12<00:05, 59.7MB/s][A[A


[1A
[1Amodel-00002-of-00004.safetensors:  92%|█████████▏| 3.55G/3.86G [01:12<00:05, 54.3MB/s][A[A


[1A
[1Amodel-00002-of-00004.safetensors:  92%|█████████▏| 3.56G/3.86G [01:12<00:05, 54.2MB/s][A[A


[1A
[1Amodel-00002-of-00004.safetensors:  92%|█████████▏| 3.57G/3.86G [01:12<00:05, 53.4MB/s][A[A


[1A
[1Amodel-00002-of-00004.safetensors:  92%|█████████▏| 3.57G/3.86G [01:13<00:05, 50.1MB/s][A[A


[1A
[1Amodel-00002-of-00004.safetensors:  93%|█████████▎| 3.58G/3.86G [01:13<00:05, 55.3MB/s][A[A


[1A
[1Amodel-00002-of-00004.safetensors:  93%|█████████▎| 3.59G/3.86G [01:13<00:05, 54.5MB/s][A[A


[1A
[1Amodel-00002-of-00004.safetensors:  93%|█████████▎| 3.60G/3.86G [01:13<00:04, 55.9MB/s][A[A


[1A
[1Amodel-00002-of-00004.safetensors:  93%|█████████▎| 3.61G/3.86G [01:13<00:04, 55.8MB/s][A[A


[1A
[1Amodel-00002-of-00004.safetensors:  93%|█████████▎| 3.61G/3.86G [01:13<00:04, 55.4MB/s][A[A


[1A
[1Amodel-00002-of-00004.safetensors:  94%|█████████▎| 3.62G/3.86G [01:13<00:04, 54.7MB/s][A[A


[1A
[1Amodel-00002-of-00004.safetensors:  94%|█████████▍| 3.62G/3.86G [01:14<00:04, 52.3MB/s][A[A


[1A
[1Amodel-00002-of-00004.safetensors:  94%|█████████▍| 3.63G/3.86G [01:14<00:04, 54.4MB/s][A[A


[1A
[1Amodel-00002-of-00004.safetensors:  94%|█████████▍| 3.64G/3.86G [01:14<00:04, 53.5MB/s][A[A


[1A
[1Amodel-00002-of-00004.safetensors:  94%|█████████▍| 3.64G/3.86G [01:14<00:03, 55.6MB/s][A[A


[1A
[1Amodel-00002-of-00004.safetensors:  95%|█████████▍| 3.65G/3.86G [01:14<00:03, 56.8MB/s][A[A


[1A
[1Amodel-00002-of-00004.safetensors:  95%|█████████▍| 3.66G/3.86G [01:14<00:03, 57.9MB/s][A[A


[1A
[1Amodel-00002-of-00004.safetensors:  95%|█████████▍| 3.67G/3.86G [01:14<00:03, 54.0MB/s][A[A


[1A
[1Amodel-00002-of-00004.safetensors:  95%|█████████▌| 3.68G/3.86G [01:15<00:03, 52.7MB/s][A[A


[1A
[1Amodel-00002-of-00004.safetensors:  95%|█████████▌| 3.69G/3.86G [01:15<00:03, 55.6MB/s][A[A


[1A
[1Amodel-00002-of-00004.safetensors:  96%|█████████▌| 3.70G/3.86G [01:15<00:02, 57.2MB/s][A[A


[1A
[1Amodel-00002-of-00004.safetensors:  96%|█████████▌| 3.70G/3.86G [01:15<00:02, 57.3MB/s][A[A


[1A
[1Amodel-00002-of-00004.safetensors:  96%|█████████▌| 3.71G/3.86G [01:15<00:02, 57.2MB/s][A[A


[1A
[1Amodel-00002-of-00004.safetensors:  96%|█████████▋| 3.72G/3.86G [01:15<00:02, 57.4MB/s][A[A


[1A
[1Amodel-00002-of-00004.safetensors:  96%|█████████▋| 3.73G/3.86G [01:15<00:02, 59.7MB/s][A[A


[1A
[1Amodel-00002-of-00004.safetensors:  97%|█████████▋| 3.74G/3.86G [01:16<00:02, 57.7MB/s][A[A


[1A
[1Amodel-00002-of-00004.safetensors:  97%|█████████▋| 3.75G/3.86G [01:16<00:02, 56.6MB/s][A[A


[1A
[1Amodel-00002-of-00004.safetensors:  97%|█████████▋| 3.75G/3.86G [01:16<00:01, 57.5MB/s][A[A


[1A
[1Amodel-00002-of-00004.safetensors:  97%|█████████▋| 3.76G/3.86G [01:16<00:01, 58.1MB/s][A[A


[1A
[1Amodel-00002-of-00004.safetensors:  98%|█████████▊| 3.77G/3.86G [01:16<00:01, 58.3MB/s][A[A


[1A
[1Amodel-00002-of-00004.safetensors:  98%|█████████▊| 3.78G/3.86G [01:16<00:01, 54.2MB/s][A[A


[1A
[1Amodel-00002-of-00004.safetensors:  98%|█████████▊| 3.78G/3.86G [01:16<00:01, 51.9MB/s][A[A


[1A
[1Amodel-00002-of-00004.safetensors:  98%|█████████▊| 3.79G/3.86G [01:16<00:01, 53.7MB/s][A[A


[1A
[1Amodel-00002-of-00004.safetensors:  98%|█████████▊| 3.80G/3.86G [01:17<00:01, 50.6MB/s][A[A


[1A
[1Amodel-00002-of-00004.safetensors:  98%|█████████▊| 3.80G/3.86G [01:17<00:01, 53.1MB/s][A[A


[1A
[1Amodel-00002-of-00004.safetensors:  99%|█████████▊| 3.81G/3.86G [01:17<00:00, 55.0MB/s][A[A


[1A
[1Amodel-00002-of-00004.safetensors:  99%|█████████▉| 3.82G/3.86G [01:17<00:00, 56.3MB/s][A[A


[1Amodel-00002-of-00004.safetensors:  99%|█████████▉| 3.83G/3.86G [01:17<00:00, 60.1MB/s][A[A


[1A
[1Amodel-00002-of-00004.safetensors:  99%|█████████▉| 3.83G/3.86G [01:17<00:00, 56.0MB/s][A[A


[1A
[1Amodel-00002-of-00004.safetensors:  99%|█████████▉| 3.84G/3.86G [01:17<00:00, 56.7MB/s][A[A


[1A
[1Amodel-00002-of-00004.safetensors: 100%|█████████▉| 3.85G/3.86G [01:18<00:00, 51.9MB/s][A[A


[1A
[1Amodel-00002-of-00004.safetensors: 100%|█████████▉| 3.85G/3.86G [01:18<00:00, 51.2MB/s][A[A


[1A
[1Amodel-00002-of-00004.safetensors: 100%|█████████▉| 3.86G/3.86G [01:18<00:00, 52.2MB/s][A[A


[1A
[1A                                                                                      [A[A
[1ADownloading: 100%|██████████| 15/15 [01:24<00:00, 10.86s/file]
[1ADownloading: 100%|██████████| 15/15 [01:24<00:00,  5.61s/file]
EXP14_MODEL={"manifest_sha256": "9be52dd6573759d4d2c0878dc0889fd72d4a2fbfe8065afa1180a3a1717469d1", "model": "Qwen/Qwen2.5-7B-Instruct", "revision": "16c174980d8a1492910551634b4969e69cdc2444", "snapshot_dir": "/model_cache/models/Qwen--Qwen2.5-7B-Instruct/snapshots/16c174980d8a1492910551634b4969e69cdc2444", "verification": {"dir": "/model_cache/models/Qwen--Qwen2.5-7B-Instruct/snapshots/16c174980d8a1492910551634b4969e69cdc2444", "extra_files": [], "files_checked": 15, "manifest_sha256": "9be52dd6573759d4d2c0878dc0889fd72d4a2fbfe8065afa1180a3a1717469d1", "mismatches": [], "model_id": "Qwen/Qwen2.5-7B-Instruct", "model_revision": "16c174980d8a1492910551634b4969e69cdc2444", "observed": {".gitattributes": {"bytes": 1519, "sha256": "11ad7efa24975ee4b0c3c3a38ed18737f0658a5f75a0a96787b576a78a023361"}, "LICENSE": {"bytes": 11343, "sha256": "832dd9e00a68dd83b3c3fb9f5588dad7dcf337a0db50f7d9483f310cd292e92e"}, "README.md": {"bytes": 6240, "sha256": "f366f33bbf6bcadbb7d87f0a21a7b65584a56b8d58b0743c77c88bee625b93a6"}, "config.json": {"bytes": 663, "sha256": "7463bb0ea78315365e6c6b74de4e73bbcc8359dfb0c5a737584e077d42c0b03c"}, "configuration.json": {"bytes": 2, "sha256": "44136fa355b3678a1146ad16f7e8649e94fb4fc21fe77e8310c060f61caaff8a"}, "generation_config.json": {"bytes": 243, "sha256": "3a8f9087e486054c8a4a08dae2e5a3ba62e23da212b5b8c08bc42cb983c3459f"}, "merges.txt": {"bytes": 1671839, "sha256": "599bab54075088774b1733fde865d5bd747cbcc7a547c5bc12610e874e26f5e3"}, "model-00001-of-00004.safetensors": {"bytes": 3945441440, "sha256": "a1333e6293854747c481288ea83b348226af178dd565c49b6f9495ba1966aba7"}, "model-00002-of-00004.safetensors": {"bytes": 3864726352, "sha256": "f5d25a2772cb825164a2a2c0fb6d51a87e282abf21e4dd75bc5cfb3cd0ea6185"}, "model-00003-of-00004.safetensors": {"bytes": 3864726424, "sha256": "8efdec4c1bc12317ae1a38dc42b595ce777738a64deea3fcb8a0a91381bcdfd5"}, "model-00004-of-00004.safetensors": {"bytes": 3556377672, "sha256": "1a72d403cdf0c1ec3cb7f289f17b394a01e64394c2e9b3c0f94dbce3faf879bd"}, "model.safetensors.index.json": {"bytes": 27752, "sha256": "624bf7c47cd12468fdc16e38a47cf4f19e0415b859a223ba3c027eed2f0e1028"}, "tokenizer.json": {"bytes": 7031645, "sha256": "c0382117ea329cdf097041132f6d735924b697924d6f6fc3945713e96ce87539"}, "tokenizer_config.json": {"bytes": 7305, "sha256": "5b5d4f65d0acd3b2d56a35b56d374a36cbc1c8fa5cf3b3febbbfabf22f359583"}, "vocab.json": {"bytes": 2776833, "sha256": "ca10d7e9fb3ed18575dd1e277a2579c16d108e32f27439684afa0e10b1440910"}}, "passed": true}}
EXP14_PRE_LEG_GPU_STATE={"baseline_memory_used_mib": [4], "clean": true, "leg": "P1", "max_wait_s": 60, "readings": [{"compute_apps": [], "memory_used_mib": [4], "t": 1790794871.8362703}], "tolerance_mib": 256}
EXP14_LEG_START={"cmd": ["/usr/local/bin/python", "/opt/exp14/exp14_probe_worker.py", "--kv-cache-dtype", "bfloat16", "--model-dir", "/model_cache/models/Qwen--Qwen2.5-7B-Instruct/snapshots/16c174980d8a1492910551634b4969e69cdc2444"], "index": 1, "kv_cache_dtype": "bfloat16", "leg": "P1", "timeout_s": 900}
[leg1:bfloat16] EXP14P_RABIT_POLICY={"group_size": 32, "k_bits": 3, "metadata_group_size": 64, "residual_tokens": 4, "v_bits": 2}
[leg1:bfloat16] EXP14P_REQUESTED_ENGINE_KWARGS={"attention_config": {"backend": "TRITON_ATTN"}, "block_size": 32, "disable_log_stats": false, "dtype": "bfloat16", "enable_chunked_prefill": true, "enable_prefix_caching": false, "enforce_eager": true, "gpu_memory_utilization": 0.82, "kv_cache_dtype": "bfloat16", "max_model_len": 32768, "max_num_batched_tokens": 16384, "max_num_seqs": 32, "model": "/model_cache/models/Qwen--Qwen2.5-7B-Instruct/snapshots/16c174980d8a1492910551634b4969e69cdc2444", "trust_remote_code": true}
[leg1:bfloat16] INFO 09-30 19:01:22 [api_utils.py:273] non-default args: {'trust_remote_code': True, 'dtype': 'bfloat16', 'kv_cache_dtype': 'bfloat16', 'max_model_len': 32768, 'block_size': 32, 'enable_prefix_caching': False, 'gpu_memory_utilization': 0.82, 'max_num_batched_tokens': 16384, 'max_num_seqs': 32, 'enforce_eager': True, 'enable_chunked_prefill': True, 'attention_config': AttentionConfig(backend=<AttentionBackendEnum.TRITON_ATTN: 'vllm.v1.attention.backends.triton_attn.TritonAttentionBackend'>, flash_attn_version=None, use_prefill_decode_attention=False, flash_attn_max_num_splits_for_cuda_graph=32, tq_max_kv_splits_for_cuda_graph=32, use_trtllm_attention=None, disable_flashinfer_q_quantization=False, mla_prefill_backend=None, use_prefill_query_quantization=False, use_fp4_indexer_cache=False, indexer_kv_dtype='bf16', use_non_causal=False, flex_attn_block_m=None, flex_attn_block_n=None, flex_attn_q_block_size=None, flex_attn_kv_block_size=None), 'model': '/model_cache/models/Qwen--Qwen2.5-7B-Instruct/snapshots/16c174980d8a1492910551634b4969e69cdc2444'}
[leg1:bfloat16] WARNING 09-30 19:01:22 [envs.py:2035] Unknown vLLM environment variable detected: VLLM_PRECOMPILED_WHEEL_VARIANT
[leg1:bfloat16] WARNING 09-30 19:01:22 [envs.py:2035] Unknown vLLM environment variable detected: VLLM_PRECOMPILED_WHEEL_COMMIT
[leg1:bfloat16] WARNING 09-30 19:01:22 [envs.py:2035] Unknown vLLM environment variable detected: VLLM_USE_V1
[leg1:bfloat16] INFO 09-30 19:01:33 [model.py:606] Resolved architecture: Qwen2ForCausalLM
[leg1:bfloat16] INFO 09-30 19:01:33 [model.py:1736] Using max model len 32768
[leg1:bfloat16] INFO 09-30 19:01:33 [scheduler.py:252] Chunked prefill is enabled with max_num_batched_tokens=16384.
[leg1:bfloat16] INFO 09-30 19:01:33 [vllm.py:1042] Asynchronous scheduling is enabled.
[leg1:bfloat16] WARNING 09-30 19:01:33 [vllm.py:1096] Enforce eager set, disabling torch.compile and CUDAGraphs. This is equivalent to setting -cc.mode=none -cc.cudagraph_mode=none
[leg1:bfloat16] WARNING 09-30 19:01:33 [vllm.py:1144] Inductor compilation was disabled by user settings, optimizations settings that are only active during inductor compilation will be ignored.
[leg1:bfloat16] INFO 09-30 19:01:33 [kernel.py:286] Final IR op priority after setting platform defaults: IrOpPriorityConfig(rms_norm=['vllm_c', 'native'], fused_add_rms_norm=['vllm_c', 'native'])
[leg1:bfloat16] INFO 09-30 19:01:33 [vllm.py:1322] Cudagraph is disabled under eager mode
[leg1:bfloat16] INFO 09-30 19:01:33 [compilation.py:312] Enabled custom fusions: norm_quant, act_quant
[leg1:bfloat16] (EngineCore pid=450) INFO 09-30 19:01:36 [core.py:114] Initializing a V1 LLM engine (v0.10.0+kvquant) with config: model='/model_cache/models/Qwen--Qwen2.5-7B-Instruct/snapshots/16c174980d8a1492910551634b4969e69cdc2444', speculative_config=None, tokenizer='/model_cache/models/Qwen--Qwen2.5-7B-Instruct/snapshots/16c174980d8a1492910551634b4969e69cdc2444', skip_tokenizer_init=False, tokenizer_mode=auto, revision=None, tokenizer_revision=None, trust_remote_code=True, dtype=torch.bfloat16, max_seq_len=32768, download_dir=None, load_format=auto, tensor_parallel_size=1, pipeline_parallel_size=1, data_parallel_size=1, decode_context_parallel_size=1, dcp_comm_backend=ag_rs, disable_custom_all_reduce=False, quantization=None, quantization_config=None, enforce_eager=True, enable_return_routed_experts=False, kv_cache_dtype=bfloat16, device_config=cuda, structured_outputs_config=StructuredOutputsConfig(backend='auto', disable_any_whitespace=False, disable_additional_properties=False, reasoning_parser='', reasoning_parser_plugin='', enable_in_reasoning=False), observability_config=ObservabilityConfig(show_hidden_metrics_for_version=None, otlp_traces_endpoint=None, collect_detailed_traces=None, kv_cache_metrics=False, kv_cache_metrics_sample=0.01, cudagraph_metrics=False, enable_layerwise_nvtx_tracing=False, enable_mfu_metrics=False, enable_mm_processor_stats=False, enable_logging_iteration_details=False, jit_monitor_mode='warn', jit_monitor_verbose=False), seed=0, served_model_name=/model_cache/models/Qwen--Qwen2.5-7B-Instruct/snapshots/16c174980d8a1492910551634b4969e69cdc2444, enable_prefix_caching=False, enable_chunked_prefill=True, pooler_config=None, compilation_config={'mode': <CompilationMode.NONE: 0>, 'debug_dump_path': None, 'cache_dir': '', 'compile_cache_save_format': 'binary', 'backend': 'inductor', 'custom_ops': ['all'], 'ir_enable_torch_wrap': False, 'splitting_ops': [], 'compile_mm_encoder': False, 'cudagraph_mm_encoder': False, 'encoder_cudagraph_token_budgets': [], 'encoder_cudagraph_max_vision_items_per_batch': 0, 'encoder_cudagraph_max_frames_per_batch': None, 'compile_sizes': [], 'compile_ranges_endpoints': [16384], 'inductor_compile_config': {'enable_auto_functionalized_v2': False, 'size_asserts': False, 'alignment_asserts': False, 'scalar_asserts': False, 'combo_kernels': True, 'benchmark_combo_kernel': True}, 'inductor_passes': {}, 'cudagraph_mode': <CUDAGraphMode.NONE: 0>, 'cudagraph_num_of_warmups': 0, 'cudagraph_capture_sizes': [], 'cudagraph_copy_inputs': False, 'cudagraph_specialize_lora': True, 'use_inductor_graph_partition': False, 'pass_config': {'fuse_norm_quant': True, 'fuse_act_quant': True, 'fuse_attn_quant': False, 'enable_sp': False, 'fuse_gemm_comms': False, 'fuse_allreduce_rms': False, 'fuse_rope_kvcache_cat_mla': False, 'fuse_act_padding': False}, 'max_cudagraph_capture_size': 0, 'dynamic_shapes_config': {'type': <DynamicShapesType.BACKED: 'backed'>, 'evaluate_guards': False, 'assume_32_bit_indexing': False}, 'local_cache_dir': None, 'fast_moe_cold_start': False, 'static_all_moe_layers': []}, kernel_config=KernelConfig(ir_op_priority=IrOpPriorityConfig(rms_norm=['vllm_c', 'native'], fused_add_rms_norm=['vllm_c', 'native']), enable_flashinfer_autotune=True, enable_cutedsl_warmup=True, moe_backend='auto', linear_backend='auto')
[leg1:bfloat16] (EngineCore pid=450) INFO 09-30 19:01:36 [parallel_state.py:1588] world_size=1 rank=0 local_rank=0 distributed_init_method=tcp://172.20.27.123:38184 backend=nccl
[leg1:bfloat16] (EngineCore pid=450) INFO 09-30 19:01:36 [parallel_state.py:1923] rank 0 in world size 1 is assigned as DP rank 0, PP rank 0, PCP rank 0, TP rank 0, EP rank N/A, EPLB rank N/A
[leg1:bfloat16] (EngineCore pid=450) INFO 09-30 19:01:36 [gpu_worker.py:360] Using V2 Model Runner
[leg1:bfloat16] (EngineCore pid=450) INFO 09-30 19:01:38 [model_runner.py:293] Loading model from scratch...
[leg1:bfloat16] (EngineCore pid=450) INFO 09-30 19:01:38 [cuda.py:416] Using AttentionBackendEnum.TRITON_ATTN backend.
[leg1:bfloat16] (EngineCore pid=450) INFO 09-30 19:01:38 [weight_utils.py:849] Filesystem type for checkpoints: 9P. Checkpoint size: 14.19 GiB. Available RAM: 1018.45 GiB.
[leg1:bfloat16] (EngineCore pid=450) INFO 09-30 19:01:38 [weight_utils.py:872] Auto-prefetch is disabled because the filesystem (9P) is not a recognized network FS (NFS/Lustre). If you want to force prefetching, start vLLM with --safetensors-load-strategy=prefetch.
[leg1:bfloat16] (EngineCore pid=450) 
[leg1:bfloat16] Loading safetensors checkpoint shards:   0% Completed | 0/4 [00:00<?, ?it/s]
[leg1:bfloat16] (EngineCore pid=450) 
[leg1:bfloat16] Loading safetensors checkpoint shards:  25% Completed | 1/4 [00:00<00:02,  1.41it/s]
[leg1:bfloat16] (EngineCore pid=450) 
[leg1:bfloat16] Loading safetensors checkpoint shards:  50% Completed | 2/4 [00:01<00:01,  1.20it/s]
[leg1:bfloat16] (EngineCore pid=450) 
[leg1:bfloat16] Loading safetensors checkpoint shards:  75% Completed | 3/4 [00:02<00:00,  1.21it/s]
[leg1:bfloat16] (EngineCore pid=450) 
[leg1:bfloat16] Loading safetensors checkpoint shards: 100% Completed | 4/4 [00:03<00:00,  1.19it/s]
[leg1:bfloat16] (EngineCore pid=450) 
[leg1:bfloat16] Loading safetensors checkpoint shards: 100% Completed | 4/4 [00:03<00:00,  1.21it/s]
[leg1:bfloat16] (EngineCore pid=450) 
[leg1:bfloat16] (EngineCore pid=450) INFO 09-30 19:01:41 [default_loader.py:430] Loading weights took 3.48 seconds
[leg1:bfloat16] (EngineCore pid=450) INFO 09-30 19:01:42 [model_runner.py:314] Model loading took 14.29 GiB and 4.843995 seconds
[leg1:bfloat16] (EngineCore pid=450) INFO 09-30 19:01:43 [topk_topp_sampler.py:55] Using FlashInfer for top-p & top-k sampling.
[leg1:bfloat16] (EngineCore pid=450) INFO 09-30 19:01:46 [gpu_worker.py:538] Available KV cache memory: 48.21 GiB
[leg1:bfloat16] (EngineCore pid=450) INFO 09-30 19:01:46 [kv_cache_utils.py:2146] GPU KV cache size: 902,656 tokens
[leg1:bfloat16] (EngineCore pid=450) INFO 09-30 19:01:46 [kv_cache_utils.py:2147] Maximum concurrency for 32,768 tokens per request: 27.55x
[leg1:bfloat16] (EngineCore pid=450) INFO 09-30 19:01:46 [deep_gemm.py:175] deep_gemm not found in site-packages, trying vendored vllm.third_party.deep_gemm
[leg1:bfloat16] (EngineCore pid=450) INFO 09-30 19:01:46 [deep_gemm.py:202] DeepGEMM PDL enabled on vllm.third_party.deep_gemm.
[leg1:bfloat16] (EngineCore pid=450) INFO 09-30 19:01:46 [kernel_warmup.py:177] Using FlashInfer autotune cache file: /root/.cache/vllm/flashinfer_autotune_cache/0.6.13/90a/8d73bb6b31b1ba2044c716da479bfb5aba53f61a579e4e618a82996bd6c81e6f/autotune_configs.json
[leg1:bfloat16] (EngineCore pid=450) 2026-09-30 19:01:46,913 - INFO - autotuner.py:651 - flashinfer.jit: [Autotuner]: Autotuning process starts ...
[leg1:bfloat16] (EngineCore pid=450) 2026-09-30 19:01:47,914 - INFO - autotuner.py:674 - flashinfer.jit: [Autotuner]: Autotuning process ends
[leg1:bfloat16] (EngineCore pid=450) WARNING 09-30 19:01:47 [kernel_warmup.py:206] No FlashInfer autotune cache entries found.Falling back to default tactics.
[leg1:bfloat16] (EngineCore pid=450) INFO 09-30 19:01:47 [cutedsl_warmup.py:97] Skipping CuTeDSL warmup because no compile units were requested.
[leg1:bfloat16] (EngineCore pid=450) INFO 09-30 19:02:56 [jit_monitor.py:72] Kernel JIT monitor activated; monitored JIT compilations during inference will use mode=warn.
[leg1:bfloat16] (EngineCore pid=450) INFO 09-30 19:02:56 [core.py:344] init engine (profile, create kv cache, warmup model) took 72.91 s
[leg1:bfloat16] (EngineCore pid=450) WARNING 09-30 19:02:56 [vllm.py:1096] Enforce eager set, disabling torch.compile and CUDAGraphs. This is equivalent to setting -cc.mode=none -cc.cudagraph_mode=none
[leg1:bfloat16] (EngineCore pid=450) WARNING 09-30 19:02:56 [vllm.py:1144] Inductor compilation was disabled by user settings, optimizations settings that are only active during inductor compilation will be ignored.
[leg1:bfloat16] (EngineCore pid=450) INFO 09-30 19:02:56 [kernel.py:286] Final IR op priority after setting platform defaults: IrOpPriorityConfig(rms_norm=['vllm_c', 'native'], fused_add_rms_norm=['vllm_c', 'native'])
[leg1:bfloat16] (EngineCore pid=450) INFO 09-30 19:02:56 [vllm.py:1322] Cudagraph is disabled under eager mode
[leg1:bfloat16] EXP14P_MODEL_GEOMETRY={"architectures": ["Qwen2ForCausalLM"], "head_dim": 128, "num_attention_heads": 28, "num_hidden_layers": 28, "num_kv_heads": 4, "rabit_fast_append_engaged": false, "rabit_gqa4_decode_engaged": false, "sliding_window": null}
[leg1:bfloat16] EXP14P_KV={"attention_backend": "AttentionBackendEnum.TRITON_ATTN", "block_size": 32, "capacity_tokens": 902656, "engine_cache_dtype": "bfloat16", "kv_cache_dtype_skip_layers": [], "kv_quant_mode": "NONE", "num_gpu_blocks": 28208}
[leg1:bfloat16] (EngineCore pid=450) WARNING 09-30 19:02:56 [jit_monitor.py:128] Triton kernel JIT compilation during inference: kernel_unified_attention. This causes a latency spike; consider extending warmup to cover this shape/config.
[leg1:bfloat16] (EngineCore pid=450) WARNING 09-30 19:02:57 [jit_monitor.py:128] Triton kernel JIT compilation during inference: reduce_segments. This causes a latency spike; consider extending warmup to cover this shape/config.
[leg1:bfloat16] EXP14P_WORKLOAD_GENERATION={"bos_token_id": null, "filler_token_id": 279, "output_token_ids_sha256": "c2b3c61f361dac096b39a32c11d97b0ee495b6b3d6c354bc9ee7f82816d452ae", "output_tokens": 32, "prompt_tokens": 2048}
[leg1:bfloat16] EXP14P_SANITY_GENERATION={"output_tokens": 2, "question": "What is the capital of France? Answer in one word.", "text": "Paris"}
[leg1:bfloat16] EXP14P_WORKER_COMPLETE
[leg1:bfloat16] (EngineCore pid=450) INFO 09-30 19:02:58 [core.py:1214] [shutdown] EngineCore: trigger received signal=SIGTERM
[leg1:bfloat16] (EngineCore pid=450) INFO 09-30 19:02:58 [core.py:1333] [shutdown] EngineCore: start mode=abort timeout=0s
[leg1:bfloat16] (EngineCore pid=450) INFO 09-30 19:02:58 [core.py:1364] [shutdown] EngineCore: request processing complete; starting resource teardown
[leg1:bfloat16] (EngineCore pid=450) INFO 09-30 19:02:58 [core.py:1227] [shutdown] EngineCore: exiting busy loop
EXP14_PROCESS_EXIT={"cmd": ["/usr/local/bin/python", "/opt/exp14/exp14_probe_worker.py", "--kv-cache-dtype", "bfloat16", "--model-dir", "/model_cache/models/Qwen--Qwen2.5-7B-Instruct/snapshots/16c174980d8a1492910551634b4969e69cdc2444"], "elapsed_s": 108.856, "grace_s": 10.0, "group_processes_after_leader_exit": [], "group_processes_remaining": [], "label": "P1", "own_session": true, "pgid": 432, "pid": 432, "reader_finished": true, "returncode": 0, "signals_sent": [], "timed_out": false, "timeout_s": 900}
EXP14_LEG_EXIT={"index": 1, "kv_cache_dtype": "bfloat16", "leg": "P1", "returncode": 0}
EXP14_PRE_LEG_GPU_STATE={"baseline_memory_used_mib": [4], "clean": true, "leg": "P2", "max_wait_s": 60, "readings": [{"compute_apps": [], "memory_used_mib": [4], "t": 1790794980.797803}], "tolerance_mib": 256}
EXP14_LEG_START={"cmd": ["/usr/local/bin/python", "/opt/exp14/exp14_probe_worker.py", "--kv-cache-dtype", "rabit_kv2", "--model-dir", "/model_cache/models/Qwen--Qwen2.5-7B-Instruct/snapshots/16c174980d8a1492910551634b4969e69cdc2444"], "index": 2, "kv_cache_dtype": "rabit_kv2", "leg": "P2", "timeout_s": 900}
[leg2:rabit_kv2] EXP14P_RABIT_POLICY={"group_size": 32, "k_bits": 3, "metadata_group_size": 64, "residual_tokens": 4, "v_bits": 2}
[leg2:rabit_kv2] EXP14P_REQUESTED_ENGINE_KWARGS={"attention_config": {"backend": "TRITON_ATTN"}, "block_size": 32, "disable_log_stats": false, "dtype": "bfloat16", "enable_chunked_prefill": true, "enable_prefix_caching": false, "enforce_eager": true, "gpu_memory_utilization": 0.82, "kv_cache_dtype": "rabit_kv2", "max_model_len": 32768, "max_num_batched_tokens": 16384, "max_num_seqs": 32, "model": "/model_cache/models/Qwen--Qwen2.5-7B-Instruct/snapshots/16c174980d8a1492910551634b4969e69cdc2444", "trust_remote_code": true}
[leg2:rabit_kv2] INFO 09-30 19:03:09 [api_utils.py:273] non-default args: {'trust_remote_code': True, 'dtype': 'bfloat16', 'kv_cache_dtype': 'rabit_kv2', 'max_model_len': 32768, 'block_size': 32, 'enable_prefix_caching': False, 'gpu_memory_utilization': 0.82, 'max_num_batched_tokens': 16384, 'max_num_seqs': 32, 'enforce_eager': True, 'enable_chunked_prefill': True, 'attention_config': AttentionConfig(backend=<AttentionBackendEnum.TRITON_ATTN: 'vllm.v1.attention.backends.triton_attn.TritonAttentionBackend'>, flash_attn_version=None, use_prefill_decode_attention=False, flash_attn_max_num_splits_for_cuda_graph=32, tq_max_kv_splits_for_cuda_graph=32, use_trtllm_attention=None, disable_flashinfer_q_quantization=False, mla_prefill_backend=None, use_prefill_query_quantization=False, use_fp4_indexer_cache=False, indexer_kv_dtype='bf16', use_non_causal=False, flex_attn_block_m=None, flex_attn_block_n=None, flex_attn_q_block_size=None, flex_attn_kv_block_size=None), 'model': '/model_cache/models/Qwen--Qwen2.5-7B-Instruct/snapshots/16c174980d8a1492910551634b4969e69cdc2444'}
[leg2:rabit_kv2] WARNING 09-30 19:03:09 [envs.py:2035] Unknown vLLM environment variable detected: VLLM_PRECOMPILED_WHEEL_VARIANT
[leg2:rabit_kv2] WARNING 09-30 19:03:09 [envs.py:2035] Unknown vLLM environment variable detected: VLLM_PRECOMPILED_WHEEL_COMMIT
[leg2:rabit_kv2] WARNING 09-30 19:03:09 [envs.py:2035] Unknown vLLM environment variable detected: VLLM_USE_V1
[leg2:rabit_kv2] INFO 09-30 19:03:09 [model.py:606] Resolved architecture: Qwen2ForCausalLM
[leg2:rabit_kv2] INFO 09-30 19:03:09 [model.py:1736] Using max model len 32768
[leg2:rabit_kv2] INFO 09-30 19:03:09 [cache.py:297] Using rabit_kv2 data type to store kv cache. It reduces the GPU memory footprint and boosts the performance. Meanwhile, it may cause accuracy drop without a proper scaling factor
[leg2:rabit_kv2] INFO 09-30 19:03:09 [scheduler.py:252] Chunked prefill is enabled with max_num_batched_tokens=16384.
[leg2:rabit_kv2] INFO 09-30 19:03:09 [vllm.py:1042] Asynchronous scheduling is enabled.
[leg2:rabit_kv2] WARNING 09-30 19:03:09 [vllm.py:1096] Enforce eager set, disabling torch.compile and CUDAGraphs. This is equivalent to setting -cc.mode=none -cc.cudagraph_mode=none
[leg2:rabit_kv2] WARNING 09-30 19:03:09 [vllm.py:1144] Inductor compilation was disabled by user settings, optimizations settings that are only active during inductor compilation will be ignored.
[leg2:rabit_kv2] INFO 09-30 19:03:09 [kernel.py:286] Final IR op priority after setting platform defaults: IrOpPriorityConfig(rms_norm=['vllm_c', 'native'], fused_add_rms_norm=['vllm_c', 'native'])
[leg2:rabit_kv2] INFO 09-30 19:03:09 [vllm.py:1322] Cudagraph is disabled under eager mode
[leg2:rabit_kv2] INFO 09-30 19:03:09 [compilation.py:312] Enabled custom fusions: norm_quant, act_quant
[leg2:rabit_kv2] (EngineCore pid=758) INFO 09-30 19:03:11 [core.py:114] Initializing a V1 LLM engine (v0.10.0+kvquant) with config: model='/model_cache/models/Qwen--Qwen2.5-7B-Instruct/snapshots/16c174980d8a1492910551634b4969e69cdc2444', speculative_config=None, tokenizer='/model_cache/models/Qwen--Qwen2.5-7B-Instruct/snapshots/16c174980d8a1492910551634b4969e69cdc2444', skip_tokenizer_init=False, tokenizer_mode=auto, revision=None, tokenizer_revision=None, trust_remote_code=True, dtype=torch.bfloat16, max_seq_len=32768, download_dir=None, load_format=auto, tensor_parallel_size=1, pipeline_parallel_size=1, data_parallel_size=1, decode_context_parallel_size=1, dcp_comm_backend=ag_rs, disable_custom_all_reduce=False, quantization=None, quantization_config=None, enforce_eager=True, enable_return_routed_experts=False, kv_cache_dtype=rabit_kv2, device_config=cuda, structured_outputs_config=StructuredOutputsConfig(backend='auto', disable_any_whitespace=False, disable_additional_properties=False, reasoning_parser='', reasoning_parser_plugin='', enable_in_reasoning=False), observability_config=ObservabilityConfig(show_hidden_metrics_for_version=None, otlp_traces_endpoint=None, collect_detailed_traces=None, kv_cache_metrics=False, kv_cache_metrics_sample=0.01, cudagraph_metrics=False, enable_layerwise_nvtx_tracing=False, enable_mfu_metrics=False, enable_mm_processor_stats=False, enable_logging_iteration_details=False, jit_monitor_mode='warn', jit_monitor_verbose=False), seed=0, served_model_name=/model_cache/models/Qwen--Qwen2.5-7B-Instruct/snapshots/16c174980d8a1492910551634b4969e69cdc2444, enable_prefix_caching=False, enable_chunked_prefill=True, pooler_config=None, compilation_config={'mode': <CompilationMode.NONE: 0>, 'debug_dump_path': None, 'cache_dir': '', 'compile_cache_save_format': 'binary', 'backend': 'inductor', 'custom_ops': ['all'], 'ir_enable_torch_wrap': False, 'splitting_ops': [], 'compile_mm_encoder': False, 'cudagraph_mm_encoder': False, 'encoder_cudagraph_token_budgets': [], 'encoder_cudagraph_max_vision_items_per_batch': 0, 'encoder_cudagraph_max_frames_per_batch': None, 'compile_sizes': [], 'compile_ranges_endpoints': [16384], 'inductor_compile_config': {'enable_auto_functionalized_v2': False, 'size_asserts': False, 'alignment_asserts': False, 'scalar_asserts': False, 'combo_kernels': True, 'benchmark_combo_kernel': True}, 'inductor_passes': {}, 'cudagraph_mode': <CUDAGraphMode.NONE: 0>, 'cudagraph_num_of_warmups': 0, 'cudagraph_capture_sizes': [], 'cudagraph_copy_inputs': False, 'cudagraph_specialize_lora': True, 'use_inductor_graph_partition': False, 'pass_config': {'fuse_norm_quant': True, 'fuse_act_quant': True, 'fuse_attn_quant': False, 'enable_sp': False, 'fuse_gemm_comms': False, 'fuse_allreduce_rms': False, 'fuse_rope_kvcache_cat_mla': False, 'fuse_act_padding': False}, 'max_cudagraph_capture_size': 0, 'dynamic_shapes_config': {'type': <DynamicShapesType.BACKED: 'backed'>, 'evaluate_guards': False, 'assume_32_bit_indexing': False}, 'local_cache_dir': None, 'fast_moe_cold_start': False, 'static_all_moe_layers': []}, kernel_config=KernelConfig(ir_op_priority=IrOpPriorityConfig(rms_norm=['vllm_c', 'native'], fused_add_rms_norm=['vllm_c', 'native']), enable_flashinfer_autotune=True, enable_cutedsl_warmup=True, moe_backend='auto', linear_backend='auto')
[leg2:rabit_kv2] (EngineCore pid=758) INFO 09-30 19:03:12 [parallel_state.py:1588] world_size=1 rank=0 local_rank=0 distributed_init_method=tcp://172.20.27.123:25195 backend=nccl
[leg2:rabit_kv2] (EngineCore pid=758) INFO 09-30 19:03:12 [parallel_state.py:1923] rank 0 in world size 1 is assigned as DP rank 0, PP rank 0, PCP rank 0, TP rank 0, EP rank N/A, EPLB rank N/A
[leg2:rabit_kv2] (EngineCore pid=758) INFO 09-30 19:03:12 [gpu_worker.py:360] Using V2 Model Runner
[leg2:rabit_kv2] (EngineCore pid=758) INFO 09-30 19:03:13 [model_runner.py:293] Loading model from scratch...
[leg2:rabit_kv2] (EngineCore pid=758) INFO 09-30 19:03:13 [cuda.py:416] Using AttentionBackendEnum.TRITON_ATTN backend.
[leg2:rabit_kv2] (EngineCore pid=758) INFO 09-30 19:03:13 [weight_utils.py:849] Filesystem type for checkpoints: 9P. Checkpoint size: 14.19 GiB. Available RAM: 1018.45 GiB.
[leg2:rabit_kv2] (EngineCore pid=758) INFO 09-30 19:03:13 [weight_utils.py:872] Auto-prefetch is disabled because the filesystem (9P) is not a recognized network FS (NFS/Lustre). If you want to force prefetching, start vLLM with --safetensors-load-strategy=prefetch.
[leg2:rabit_kv2] (EngineCore pid=758) 
[leg2:rabit_kv2] Loading safetensors checkpoint shards:   0% Completed | 0/4 [00:00<?, ?it/s]
[leg2:rabit_kv2] (EngineCore pid=758) 
[leg2:rabit_kv2] Loading safetensors checkpoint shards:  25% Completed | 1/4 [00:00<00:01,  1.65it/s]
[leg2:rabit_kv2] (EngineCore pid=758) 
[leg2:rabit_kv2] Loading safetensors checkpoint shards:  50% Completed | 2/4 [00:01<00:01,  1.43it/s]
[leg2:rabit_kv2] (EngineCore pid=758) 
[leg2:rabit_kv2] Loading safetensors checkpoint shards:  75% Completed | 3/4 [00:02<00:00,  1.36it/s]
[leg2:rabit_kv2] (EngineCore pid=758) 
[leg2:rabit_kv2] Loading safetensors checkpoint shards: 100% Completed | 4/4 [00:02<00:00,  1.38it/s]
[leg2:rabit_kv2] (EngineCore pid=758) 
[leg2:rabit_kv2] Loading safetensors checkpoint shards: 100% Completed | 4/4 [00:02<00:00,  1.40it/s]
[leg2:rabit_kv2] (EngineCore pid=758) 
[leg2:rabit_kv2] (EngineCore pid=758) INFO 09-30 19:03:16 [default_loader.py:430] Loading weights took 2.97 seconds
[leg2:rabit_kv2] (EngineCore pid=758) INFO 09-30 19:03:17 [model_runner.py:314] Model loading took 14.29 GiB and 4.442830 seconds
[leg2:rabit_kv2] (EngineCore pid=758) INFO 09-30 19:03:18 [topk_topp_sampler.py:55] Using FlashInfer for top-p & top-k sampling.
[leg2:rabit_kv2] (EngineCore pid=758) INFO 09-30 19:03:19 [gpu_worker.py:538] Available KV cache memory: 48.21 GiB
[leg2:rabit_kv2] (EngineCore pid=758) INFO 09-30 19:03:19 [kv_cache_utils.py:2146] GPU KV cache size: 4,764,640 tokens
[leg2:rabit_kv2] (EngineCore pid=758) INFO 09-30 19:03:19 [kv_cache_utils.py:2147] Maximum concurrency for 32,768 tokens per request: 145.41x
[leg2:rabit_kv2] (EngineCore pid=758) INFO 09-30 19:03:20 [deep_gemm.py:175] deep_gemm not found in site-packages, trying vendored vllm.third_party.deep_gemm
[leg2:rabit_kv2] (EngineCore pid=758) INFO 09-30 19:03:20 [deep_gemm.py:202] DeepGEMM PDL enabled on vllm.third_party.deep_gemm.
[leg2:rabit_kv2] (EngineCore pid=758) INFO 09-30 19:03:20 [kernel_warmup.py:177] Using FlashInfer autotune cache file: /root/.cache/vllm/flashinfer_autotune_cache/0.6.13/90a/caf657b97e3a1fc0871a827098c6b425185ac0f33175622ed555cc861fa03e0a/autotune_configs.json
[leg2:rabit_kv2] (EngineCore pid=758) 2026-09-30 19:03:20,172 - INFO - autotuner.py:651 - flashinfer.jit: [Autotuner]: Autotuning process starts ...
[leg2:rabit_kv2] (EngineCore pid=758) INFO 09-30 19:03:20 [triton_attn.py:821] RABIT2_STAGE3C_MULTI_SEQUENCE_ACTIVE num_seqs=32
[leg2:rabit_kv2] (EngineCore pid=758) INFO 09-30 19:03:21 [triton_attn.py:821] RABIT2_STAGE3C_MULTI_SEQUENCE_ACTIVE num_seqs=32
[leg2:rabit_kv2] (EngineCore pid=758) INFO 09-30 19:03:21 [triton_attn.py:821] RABIT2_STAGE3C_MULTI_SEQUENCE_ACTIVE num_seqs=32
[leg2:rabit_kv2] (EngineCore pid=758) INFO 09-30 19:03:21 [triton_attn.py:821] RABIT2_STAGE3C_MULTI_SEQUENCE_ACTIVE num_seqs=32
[leg2:rabit_kv2] (EngineCore pid=758) INFO 09-30 19:03:21 [triton_attn.py:821] RABIT2_STAGE3C_MULTI_SEQUENCE_ACTIVE num_seqs=32
[leg2:rabit_kv2] (EngineCore pid=758) INFO 09-30 19:03:21 [triton_attn.py:821] RABIT2_STAGE3C_MULTI_SEQUENCE_ACTIVE num_seqs=32
[leg2:rabit_kv2] (EngineCore pid=758) INFO 09-30 19:03:21 [triton_attn.py:821] RABIT2_STAGE3C_MULTI_SEQUENCE_ACTIVE num_seqs=32
[leg2:rabit_kv2] (EngineCore pid=758) INFO 09-30 19:03:21 [triton_attn.py:821] RABIT2_STAGE3C_MULTI_SEQUENCE_ACTIVE num_seqs=32
[leg2:rabit_kv2] (EngineCore pid=758) INFO 09-30 19:03:21 [triton_attn.py:821] RABIT2_STAGE3C_MULTI_SEQUENCE_ACTIVE num_seqs=32
[leg2:rabit_kv2] (EngineCore pid=758) INFO 09-30 19:03:21 [triton_attn.py:821] RABIT2_STAGE3C_MULTI_SEQUENCE_ACTIVE num_seqs=32
[leg2:rabit_kv2] (EngineCore pid=758) INFO 09-30 19:03:21 [triton_attn.py:821] RABIT2_STAGE3C_MULTI_SEQUENCE_ACTIVE num_seqs=32
[leg2:rabit_kv2] (EngineCore pid=758) INFO 09-30 19:03:21 [triton_attn.py:821] RABIT2_STAGE3C_MULTI_SEQUENCE_ACTIVE num_seqs=32
[leg2:rabit_kv2] (EngineCore pid=758) INFO 09-30 19:03:21 [triton_attn.py:821] RABIT2_STAGE3C_MULTI_SEQUENCE_ACTIVE num_seqs=32
[leg2:rabit_kv2] (EngineCore pid=758) INFO 09-30 19:03:22 [triton_attn.py:821] RABIT2_STAGE3C_MULTI_SEQUENCE_ACTIVE num_seqs=32
[leg2:rabit_kv2] (EngineCore pid=758) INFO 09-30 19:03:22 [triton_attn.py:821] RABIT2_STAGE3C_MULTI_SEQUENCE_ACTIVE num_seqs=32
[leg2:rabit_kv2] (EngineCore pid=758) INFO 09-30 19:03:22 [triton_attn.py:821] RABIT2_STAGE3C_MULTI_SEQUENCE_ACTIVE num_seqs=32
[leg2:rabit_kv2] (EngineCore pid=758) INFO 09-30 19:03:22 [triton_attn.py:821] RABIT2_STAGE3C_MULTI_SEQUENCE_ACTIVE num_seqs=32
[leg2:rabit_kv2] (EngineCore pid=758) INFO 09-30 19:03:22 [triton_attn.py:821] RABIT2_STAGE3C_MULTI_SEQUENCE_ACTIVE num_seqs=32
[leg2:rabit_kv2] (EngineCore pid=758) INFO 09-30 19:03:22 [triton_attn.py:821] RABIT2_STAGE3C_MULTI_SEQUENCE_ACTIVE num_seqs=32
[leg2:rabit_kv2] (EngineCore pid=758) INFO 09-30 19:03:22 [triton_attn.py:821] RABIT2_STAGE3C_MULTI_SEQUENCE_ACTIVE num_seqs=32
[leg2:rabit_kv2] (EngineCore pid=758) INFO 09-30 19:03:22 [triton_attn.py:821] RABIT2_STAGE3C_MULTI_SEQUENCE_ACTIVE num_seqs=32
[leg2:rabit_kv2] (EngineCore pid=758) INFO 09-30 19:03:22 [triton_attn.py:821] RABIT2_STAGE3C_MULTI_SEQUENCE_ACTIVE num_seqs=32
[leg2:rabit_kv2] (EngineCore pid=758) INFO 09-30 19:03:22 [triton_attn.py:821] RABIT2_STAGE3C_MULTI_SEQUENCE_ACTIVE num_seqs=32
[leg2:rabit_kv2] (EngineCore pid=758) INFO 09-30 19:03:22 [triton_attn.py:821] RABIT2_STAGE3C_MULTI_SEQUENCE_ACTIVE num_seqs=32
[leg2:rabit_kv2] (EngineCore pid=758) INFO 09-30 19:03:22 [triton_attn.py:821] RABIT2_STAGE3C_MULTI_SEQUENCE_ACTIVE num_seqs=32
[leg2:rabit_kv2] (EngineCore pid=758) INFO 09-30 19:03:22 [triton_attn.py:821] RABIT2_STAGE3C_MULTI_SEQUENCE_ACTIVE num_seqs=32
[leg2:rabit_kv2] (EngineCore pid=758) INFO 09-30 19:03:22 [triton_attn.py:821] RABIT2_STAGE3C_MULTI_SEQUENCE_ACTIVE num_seqs=32
[leg2:rabit_kv2] (EngineCore pid=758) INFO 09-30 19:03:22 [triton_attn.py:821] RABIT2_STAGE3C_MULTI_SEQUENCE_ACTIVE num_seqs=32
[leg2:rabit_kv2] (EngineCore pid=758) 2026-09-30 19:03:23,010 - INFO - autotuner.py:674 - flashinfer.jit: [Autotuner]: Autotuning process ends
[leg2:rabit_kv2] (EngineCore pid=758) WARNING 09-30 19:03:23 [kernel_warmup.py:206] No FlashInfer autotune cache entries found.Falling back to default tactics.
[leg2:rabit_kv2] (EngineCore pid=758) INFO 09-30 19:03:23 [cutedsl_warmup.py:97] Skipping CuTeDSL warmup because no compile units were requested.
[leg2:rabit_kv2] (EngineCore pid=758) INFO 09-30 19:03:23 [jit_monitor.py:72] Kernel JIT monitor activated; monitored JIT compilations during inference will use mode=warn.
[leg2:rabit_kv2] (EngineCore pid=758) INFO 09-30 19:03:23 [core.py:344] init engine (profile, create kv cache, warmup model) took 5.72 s
[leg2:rabit_kv2] (EngineCore pid=758) WARNING 09-30 19:03:23 [vllm.py:1096] Enforce eager set, disabling torch.compile and CUDAGraphs. This is equivalent to setting -cc.mode=none -cc.cudagraph_mode=none
[leg2:rabit_kv2] (EngineCore pid=758) WARNING 09-30 19:03:23 [vllm.py:1144] Inductor compilation was disabled by user settings, optimizations settings that are only active during inductor compilation will be ignored.
[leg2:rabit_kv2] (EngineCore pid=758) INFO 09-30 19:03:23 [kernel.py:286] Final IR op priority after setting platform defaults: IrOpPriorityConfig(rms_norm=['vllm_c', 'native'], fused_add_rms_norm=['vllm_c', 'native'])
[leg2:rabit_kv2] (EngineCore pid=758) INFO 09-30 19:03:23 [vllm.py:1322] Cudagraph is disabled under eager mode
[leg2:rabit_kv2] EXP14P_MODEL_GEOMETRY={"architectures": ["Qwen2ForCausalLM"], "head_dim": 128, "num_attention_heads": 28, "num_hidden_layers": 28, "num_kv_heads": 4, "rabit_fast_append_engaged": false, "rabit_gqa4_decode_engaged": false, "sliding_window": null}
[leg2:rabit_kv2] EXP14P_KV={"attention_backend": "AttentionBackendEnum.TRITON_ATTN", "block_size": 32, "capacity_tokens": 4764640, "engine_cache_dtype": "rabit_kv2", "kv_cache_dtype_skip_layers": [], "kv_quant_mode": "RABIT_KV2", "num_gpu_blocks": 148895}
[leg2:rabit_kv2] (EngineCore pid=758) WARNING 09-30 19:03:24 [jit_monitor.py:128] Triton kernel JIT compilation during inference: _rabit2_closed_page_partial_kernel. This causes a latency spike; consider extending warmup to cover this shape/config.
[leg2:rabit_kv2] (EngineCore pid=758) WARNING 09-30 19:03:24 [jit_monitor.py:128] Triton kernel JIT compilation during inference: _rabit2_stage4d3_4_k_stats_codes_kernel. This causes a latency spike; consider extending warmup to cover this shape/config.
[leg2:rabit_kv2] (EngineCore pid=758) WARNING 09-30 19:03:24 [jit_monitor.py:128] Triton kernel JIT compilation during inference: _rabit2_stage4d3_4_pack_k3_kernel. This causes a latency spike; consider extending warmup to cover this shape/config.
[leg2:rabit_kv2] (EngineCore pid=758) WARNING 09-30 19:03:24 [jit_monitor.py:128] Triton kernel JIT compilation during inference: _rabit2_stage4d3_4_meta64_kernel. This causes a latency spike; consider extending warmup to cover this shape/config.
[leg2:rabit_kv2] (EngineCore pid=758) WARNING 09-30 19:03:24 [jit_monitor.py:128] Triton kernel JIT compilation during inference: _rabit2_stage4b1_exactmeta_tail_partial_kernel. This causes a latency spike; consider extending warmup to cover this shape/config.
[leg2:rabit_kv2] (EngineCore pid=758) WARNING 09-30 19:03:24 [jit_monitor.py:128] Triton kernel JIT compilation during inference: _rabit2_reduce_partials_kernel. This causes a latency spike; consider extending warmup to cover this shape/config.
[leg2:rabit_kv2] EXP14P_WORKLOAD_GENERATION={"bos_token_id": null, "filler_token_id": 279, "output_token_ids_sha256": "d6b29b18068adcc2bfb6a7aee71303f03e01b37ac037ac8d95c2c983c5691128", "output_tokens": 32, "prompt_tokens": 2048}
[leg2:rabit_kv2] EXP14P_SANITY_GENERATION={"output_tokens": 2, "question": "What is the capital of France? Answer in one word.", "text": "Paris"}
[leg2:rabit_kv2] EXP14P_WORKER_COMPLETE
[leg2:rabit_kv2] (EngineCore pid=758) INFO 09-30 19:03:25 [core.py:1214] [shutdown] EngineCore: trigger received signal=SIGTERM
[leg2:rabit_kv2] (EngineCore pid=758) INFO 09-30 19:03:25 [core.py:1333] [shutdown] EngineCore: start mode=abort timeout=0s
[leg2:rabit_kv2] (EngineCore pid=758) INFO 09-30 19:03:25 [core.py:1364] [shutdown] EngineCore: request processing complete; starting resource teardown
[leg2:rabit_kv2] (EngineCore pid=758) INFO 09-30 19:03:25 [core.py:1227] [shutdown] EngineCore: exiting busy loop
EXP14_PROCESS_EXIT={"cmd": ["/usr/local/bin/python", "/opt/exp14/exp14_probe_worker.py", "--kv-cache-dtype", "rabit_kv2", "--model-dir", "/model_cache/models/Qwen--Qwen2.5-7B-Instruct/snapshots/16c174980d8a1492910551634b4969e69cdc2444"], "elapsed_s": 26.738, "grace_s": 10.0, "group_processes_after_leader_exit": [], "group_processes_remaining": [], "label": "P2", "own_session": true, "pgid": 745, "pid": 745, "reader_finished": true, "returncode": 0, "signals_sent": [], "timed_out": false, "timeout_s": 900}
EXP14_LEG_EXIT={"index": 2, "kv_cache_dtype": "rabit_kv2", "leg": "P2", "returncode": 0}
EXP14_POST_RUN_GPU_STATE={"compute_apps": [], "memory_used_mib": [4], "t": 1790795007.6014216}
EXP14_MIRRORED_COMPLETE
Stopping app - local entrypoint completed.
✓ App completed. View run at 
https://modal.com/apps/ryanz090504-star/main/ap-FBtDZaGASbdACItc2Eu03H
